短语编号,适用情绪,意图,力度,片段数,动作序列,峰值所在片段,舵机1_右脚横滚,舵机2_右踝俯仰,舵机3_右膝,舵机4_右髋俯仰,舵机5_右髋横滚,舵机6_右肩,舵机7_右臂旋转,舵机8_右肘,舵机9_左脚横滚,舵机10_左踝俯仰,舵机11_左膝,舵机12_左髋俯仰,舵机13_左髋横滚,舵机14_左肩,舵机15_左臂旋转,舵机16_左肘,头_x_mm,头_y_mm,头_z_mm,左手_x_mm,左手_y_mm,左手_z_mm,右手_x_mm,右手_y_mm,右手_z_mm,质心_x_mm,质心_y_mm,质心_z_mm,根_x_mm,根_y_mm,偏航_度,片段1,片段1_舵机1_右脚横滚,片段1_舵机2_右踝俯仰,片段1_舵机3_右膝,片段1_舵机4_右髋俯仰,片段1_舵机5_右髋横滚,片段1_舵机6_右肩,片段1_舵机7_右臂旋转,片段1_舵机8_右肘,片段1_舵机9_左脚横滚,片段1_舵机10_左踝俯仰,片段1_舵机11_左膝,片段1_舵机12_左髋俯仰,片段1_舵机13_左髋横滚,片段1_舵机14_左肩,片段1_舵机15_左臂旋转,片段1_舵机16_左肘,片段1_头_x_mm,片段1_头_y_mm,片段1_头_z_mm,片段1_左手_x_mm,片段1_左手_y_mm,片段1_左手_z_mm,片段1_右手_x_mm,片段1_右手_y_mm,片段1_右手_z_mm,片段1_质心_x_mm,片段1_质心_y_mm,片段1_质心_z_mm,片段2,片段2_舵机1_右脚横滚,片段2_舵机2_右踝俯仰,片段2_舵机3_右膝,片段2_舵机4_右髋俯仰,片段2_舵机5_右髋横滚,片段2_舵机6_右肩,片段2_舵机7_右臂旋转,片段2_舵机8_右肘,片段2_舵机9_左脚横滚,片段2_舵机10_左踝俯仰,片段2_舵机11_左膝,片段2_舵机12_左髋俯仰,片段2_舵机13_左髋横滚,片段2_舵机14_左肩,片段2_舵机15_左臂旋转,片段2_舵机16_左肘,片段2_头_x_mm,片段2_头_y_mm,片段2_头_z_mm,片段2_左手_x_mm,片段2_左手_y_mm,片段2_左手_z_mm,片段2_右手_x_mm,片段2_右手_y_mm,片段2_右手_z_mm,片段2_质心_x_mm,片段2_质心_y_mm,片段2_质心_z_mm,片段3,片段3_舵机1_右脚横滚,片段3_舵机2_右踝俯仰,片段3_舵机3_右膝,片段3_舵机4_右髋俯仰,片段3_舵机5_右髋横滚,片段3_舵机6_右肩,片段3_舵机7_右臂旋转,片段3_舵机8_右肘,片段3_舵机9_左脚横滚,片段3_舵机10_左踝俯仰,片段3_舵机11_左膝,片段3_舵机12_左髋俯仰,片段3_舵机13_左髋横滚,片段3_舵机14_左肩,片段3_舵机15_左臂旋转,片段3_舵机16_左肘,片段3_头_x_mm,片段3_头_y_mm,片段3_头_z_mm,片段3_左手_x_mm,片段3_左手_y_mm,片段3_左手_z_mm,片段3_右手_x_mm,片段3_右手_y_mm,片段3_右手_z_mm,片段3_质心_x_mm,片段3_质心_y_mm,片段3_质心_z_mm
greet_wave_step,happy/高兴/neutral/中性,greeting/打招呼,mid,2,wave > stepping,wave,500,500,500,500,500,820,740,220,500,500,500,500,500,500,500,500,6.0,0.0,373.0,8.0,72.0,198.0,62.7,29.3,332.0,7.5,3.0,164.6,0.0,0.0,0.0,wave,500,500,500,500,500,820,740,220,500,500,500,500,500,500,500,500,6.0,0.0,373.0,8.0,72.0,198.0,62.7,29.3,332.0,7.5,3.0,164.6,stepping,500,500,522,518,500,500,500,500,500,530,590,455,500,500,500,500,14.0,0.0,373.5,16.0,72.0,198.5,16.0,-72.0,198.5,9.7,0.0,162.5,,,,,,,,,,,,,,,,,,,,,,,,,,,,,
greet_right_twist,happy/高兴/neutral/中性,greeting/打招呼,mid,2,right_hand > twist,right_hand,500,500,500,500,500,660,620,420,500,500,500,500,500,500,500,500,6.0,0.0,373.0,8.0,72.0,198.0,83.2,-14.2,246.1,8.1,1.7,162.1,0.0,0.0,0.0,right_hand,500,500,500,500,500,660,620,420,500,500,500,500,500,500,500,500,6.0,0.0,373.0,8.0,72.0,198.0,83.2,-14.2,246.1,8.1,1.7,162.1,twist,530,500,500,500,420,560,500,500,470,500,500,500,580,440,500,500,6.0,0.0,363.6,37.8,72.0,192.3,37.8,-72.0,192.3,7.7,-21.7,154.9,,,,,,,,,,,,,,,,,,,,,,,,,,,,,
greet_left_sidestep,happy/高兴/neutral/中性,greeting/打招呼,mid,2,left_hand > left_move_10,left_hand,500,500,500,500,500,500,500,500,500,500,500,500,500,340,380,580,6.0,0.0,373.0,83.2,129.8,246.1,8.0,-72.0,198.0,8.1,1.7,162.1,0.0,0.0,0.0,left_hand,500,500,500,500,500,500,500,500,500,500,500,500,500,340,380,580,6.0,0.0,373.0,83.2,129.8,246.1,8.0,-72.0,198.0,8.1,1.7,162.1,left_move_10,518,500,500,500,472,500,500,500,481,500,500,500,527,500,500,500,6.0,5.0,372.0,8.0,77.0,197.0,8.0,-67.0,197.0,5.9,-2.1,160.0,,,,,,,,,,,,,,,,,,,,,,,,,,,,,
greet_handup_turnr,happy/高兴/neutral/中性,greeting/打招呼,mid,2,go_hand_up > turn_right_small_step,go_hand_up,500,500,500,500,500,820,740,350,500,500,500,500,500,180,260,650,6.0,0.0,373.0,70.0,173.3,319.7,70.0,29.3,319.7,9.6,6.1,167.9,0.0,0.0,0.0,go_hand_up,500,500,500,500,500,820,740,350,500,500,500,500,500,180,260,650,6.0,0.0,373.0,70.0,173.3,319.7,70.0,29.3,319.7,9.6,6.1,167.9,turn_right_small_step,500,500,513,511,500,500,500,500,500,518,555,472,500,500,500,500,5.9,-0.8,373.8,17.3,70.3,198.8,-1.5,-72.4,198.8,3.3,-0.4,162.0,,,,,,,,,,,,,,,,,,,,,,,,,,,,,
greet_handup1_hold,happy/高兴/neutral/中性,greeting/打招呼,low,2,go_hand_up1 > stand_slow,go_hand_up1,500,500,500,500,500,820,740,350,500,500,500,500,500,180,260,650,6.0,0.0,373.0,70.0,173.3,319.7,70.0,29.3,319.7,9.6,6.1,167.9,0.0,0.0,0.0,go_hand_up1,500,500,500,500,500,820,740,350,500,500,500,500,500,180,260,650,6.0,0.0,373.0,70.0,173.3,319.7,70.0,29.3,319.7,9.6,6.1,167.9,stand_slow,500,500,500,500,500,500,500,500,500,500,500,500,500,500,500,500,6.0,0.0,373.0,8.0,72.0,198.0,8.0,-72.0,198.0,5.9,0.0,160.6,,,,,,,,,,,,,,,,,,,,,,,,,,,,,
greet_lift_sider,happy/高兴/neutral/中性,greeting/打招呼,mid,2,lift_left_hand > right_move_10,lift_left_hand,500,500,500,500,500,500,500,500,500,500,500,500,500,180,260,650,6.0,0.0,373.0,70.0,173.3,319.7,8.0,-72.0,198.0,7.7,3.0,164.3,0.0,0.0,0.0,lift_left_hand,500,500,500,500,500,500,500,500,500,500,500,500,500,180,260,650,6.0,0.0,373.0,70.0,173.3,319.7,8.0,-72.0,198.0,7.7,3.0,164.3,right_move_10,481,500,500,500,527,500,500,500,518,500,500,500,472,500,500,500,6.0,-5.0,372.0,8.0,67.0,197.0,8.0,-77.0,197.0,5.9,2.1,160.0,,,,,,,,,,,,,,,,,,,,,,,,,,,,,
greet_chest_turnl,happy/高兴,greeting/打招呼,high,2,chest > turn_left_small_step,chest,500,500,500,500,500,680,620,280,500,500,500,500,500,320,380,720,6.0,0.0,373.0,96.0,129.8,276.7,96.0,-14.2,276.7,11.1,3.5,165.3,0.0,0.0,0.0,chest,500,500,500,500,500,680,620,280,500,500,500,500,500,320,380,720,6.0,0.0,373.0,96.0,129.8,276.7,96.0,-14.2,276.7,11.1,3.5,165.3,turn_left_small_step,500,500,513,511,500,500,500,500,500,518,555,472,500,500,500,500,5.9,0.8,373.8,-1.5,72.4,198.8,17.3,-70.3,198.8,3.3,0.4,162.0,,,,,,,,,,,,,,,,,,,,,,,,,,,,,
greet_twist_fwd,happy/高兴/surprised/惊讶,greeting/打招呼,mid,2,twist > go_forward_one_small_step,twist,530,500,500,500,420,560,500,500,470,500,500,500,580,440,500,500,6.0,0.0,363.6,37.8,72.0,192.3,37.8,-72.0,192.3,7.7,-21.7,154.9,0.0,0.0,0.0,twist,530,500,500,500,420,560,500,500,470,500,500,500,580,440,500,500,6.0,0.0,363.6,37.8,72.0,192.3,37.8,-72.0,192.3,7.7,-21.7,154.9,go_forward_one_small_step,500,500,520,516,500,500,500,500,500,526,580,460,500,500,500,500,18.5,0.0,373.6,20.5,72.0,198.6,20.5,-72.0,198.6,14.7,0.0,162.4,,,,,,,,,,,,,,,,,,,,,,,,,,,,,
greet_step_righthand,happy/高兴/neutral/中性,greeting/打招呼,mid,2,stepping > right_hand,right_hand,500,500,500,500,500,660,620,420,500,500,500,500,500,500,500,500,6.0,0.0,373.0,8.0,72.0,198.0,83.2,-14.2,246.1,8.1,1.7,162.1,0.0,0.0,0.0,stepping,500,500,522,518,500,500,500,500,500,530,590,455,500,500,500,500,14.0,0.0,373.5,16.0,72.0,198.5,16.0,-72.0,198.5,9.7,0.0,162.5,right_hand,500,500,500,500,500,660,620,420,500,500,500,500,500,500,500,500,6.0,0.0,373.0,8.0,72.0,198.0,83.2,-14.2,246.1,8.1,1.7,162.1,,,,,,,,,,,,,,,,,,,,,,,,,,,,,
greet_sidel_wave,happy/高兴/neutral/中性,greeting/打招呼,mid,2,left_move_10 > wave,wave,500,500,500,500,500,820,740,220,500,500,500,500,500,500,500,500,6.0,0.0,373.0,8.0,72.0,198.0,62.7,29.3,332.0,7.5,3.0,164.6,0.0,0.0,0.0,left_move_10,518,500,500,500,472,500,500,500,481,500,500,500,527,500,500,500,6.0,5.0,372.0,8.0,77.0,197.0,8.0,-67.0,197.0,5.9,-2.1,160.0,wave,500,500,500,500,500,820,740,220,500,500,500,500,500,500,500,500,6.0,0.0,373.0,8.0,72.0,198.0,62.7,29.3,332.0,7.5,3.0,164.6,,,,,,,,,,,,,,,,,,,,,,,,,,,,,
greet_turnl_lefthand,happy/高兴/neutral/中性,greeting/打招呼,mid,2,turn_left_small_step > left_hand,left_hand,500,500,500,500,500,500,500,500,500,500,500,500,500,340,380,580,6.0,0.0,373.0,83.2,129.8,246.1,8.0,-72.0,198.0,8.1,1.7,162.1,0.0,0.0,0.0,turn_left_small_step,500,500,513,511,500,500,500,500,500,518,555,472,500,500,500,500,5.9,0.8,373.8,-1.5,72.4,198.8,17.3,-70.3,198.8,3.3,0.4,162.0,left_hand,500,500,500,500,500,500,500,500,500,500,500,500,500,340,380,580,6.0,0.0,373.0,83.2,129.8,246.1,8.0,-72.0,198.0,8.1,1.7,162.1,,,,,,,,,,,,,,,,,,,,,,,,,,,,,
greet_righthand_step,happy/高兴/neutral/中性,greeting/打招呼,mid,2,right_hand > stepping,right_hand,500,500,500,500,500,660,620,420,500,500,500,500,500,500,500,500,6.0,0.0,373.0,8.0,72.0,198.0,83.2,-14.2,246.1,8.1,1.7,162.1,0.0,0.0,0.0,right_hand,500,500,500,500,500,660,620,420,500,500,500,500,500,500,500,500,6.0,0.0,373.0,8.0,72.0,198.0,83.2,-14.2,246.1,8.1,1.7,162.1,stepping,500,500,522,518,500,500,500,500,500,530,590,455,500,500,500,500,14.0,0.0,373.5,16.0,72.0,198.5,16.0,-72.0,198.5,9.7,0.0,162.5,,,,,,,,,,,,,,,,,,,,,,,,,,,,,
greet_wave_sider,happy/高兴,greeting/打招呼,mid,2,wave > right_move_10,wave,500,500,500,500,500,820,740,220,500,500,500,500,500,500,500,500,6.0,0.0,373.0,8.0,72.0,198.0,62.7,29.3,332.0,7.5,3.0,164.6,0.0,0.0,0.0,wave,500,500,500,500,500,820,740,220,500,500,500,500,500,500,500,500,6.0,0.0,373.0,8.0,72.0,198.0,62.7,29.3,332.0,7.5,3.0,164.6,right_move_10,481,500,500,500,527,500,500,500,518,500,500,500,472,500,500,500,6.0,-5.0,372.0,8.0,67.0,197.0,8.0,-77.0,197.0,5.9,2.1,160.0,,,,,,,,,,,,,,,,,,,,,,,,,,,,,
greet_lefthand_twist,happy/高兴/neutral/中性,greeting/打招呼,mid,2,left_hand > twist,left_hand,500,500,500,500,500,500,500,500,500,500,500,500,500,340,380,580,6.0,0.0,373.0,83.2,129.8,246.1,8.0,-72.0,198.0,8.1,1.7,162.1,0.0,0.0,0.0,left_hand,500,500,500,500,500,500,500,500,500,500,500,500,500,340,380,580,6.0,0.0,373.0,83.2,129.8,246.1,8.0,-72.0,198.0,8.1,1.7,162.1,twist,530,500,500,500,420,560,500,500,470,500,500,500,580,440,500,500,6.0,0.0,363.6,37.8,72.0,192.3,37.8,-72.0,192.3,7.7,-21.7,154.9,,,,,,,,,,,,,,,,,,,,,,,,,,,,,
greet_handup_step,happy/高兴/neutral/中性,greeting/打招呼,mid,2,go_hand_up > stepping,go_hand_up,500,500,500,500,500,820,740,350,500,500,500,500,500,180,260,650,6.0,0.0,373.0,70.0,173.3,319.7,70.0,29.3,319.7,9.6,6.1,167.9,0.0,0.0,0.0,go_hand_up,500,500,500,500,500,820,740,350,500,500,500,500,500,180,260,650,6.0,0.0,373.0,70.0,173.3,319.7,70.0,29.3,319.7,9.6,6.1,167.9,stepping,500,500,522,518,500,500,500,500,500,530,590,455,500,500,500,500,14.0,0.0,373.5,16.0,72.0,198.5,16.0,-72.0,198.5,9.7,0.0,162.5,,,,,,,,,,,,,,,,,,,,,,,,,,,,,
greet_lift_twist,happy/高兴/neutral/中性,greeting/打招呼,mid,2,lift_left_hand > twist,lift_left_hand,500,500,500,500,500,500,500,500,500,500,500,500,500,180,260,650,6.0,0.0,373.0,70.0,173.3,319.7,8.0,-72.0,198.0,7.7,3.0,164.3,0.0,0.0,0.0,lift_left_hand,500,500,500,500,500,500,500,500,500,500,500,500,500,180,260,650,6.0,0.0,373.0,70.0,173.3,319.7,8.0,-72.0,198.0,7.7,3.0,164.3,twist,530,500,500,500,420,560,500,500,470,500,500,500,580,440,500,500,6.0,0.0,363.6,37.8,72.0,192.3,37.8,-72.0,192.3,7.7,-21.7,154.9,,,,,,,,,,,,,,,,,,,,,,,,,,,,,
greet_wave_turnl,happy/高兴,greeting/打招呼,mid,2,wave > turn_left_small_step,wave,500,500,500,500,500,820,740,220,500,500,500,500,500,500,500,500,6.0,0.0,373.0,8.0,72.0,198.0,62.7,29.3,332.0,7.5,3.0,164.6,0.0,0.0,0.0,wave,500,500,500,500,500,820,740,220,500,500,500,500,500,500,500,500,6.0,0.0,373.0,8.0,72.0,198.0,62.7,29.3,332.0,7.5,3.0,164.6,turn_left_small_step,500,500,513,511,500,500,500,500,500,518,555,472,500,500,500,500,5.9,0.8,373.8,-1.5,72.4,198.8,17.3,-70.3,198.8,3.3,0.4,162.0,,,,,,,,,,,,,,,,,,,,,,,,,,,,,
greet_handup1_twist,happy/高兴/surprised/惊讶,greeting/打招呼,mid,2,go_hand_up1 > twist,go_hand_up1,500,500,500,500,500,820,740,350,500,500,500,500,500,180,260,650,6.0,0.0,373.0,70.0,173.3,319.7,70.0,29.3,319.7,9.6,6.1,167.9,0.0,0.0,0.0,go_hand_up1,500,500,500,500,500,820,740,350,500,500,500,500,500,180,260,650,6.0,0.0,373.0,70.0,173.3,319.7,70.0,29.3,319.7,9.6,6.1,167.9,twist,530,500,500,500,420,560,500,500,470,500,500,500,580,440,500,500,6.0,0.0,363.6,37.8,72.0,192.3,37.8,-72.0,192.3,7.7,-21.7,154.9,,,,,,,,,,,,,,,,,,,,,,,,,,,,,
greet_right_fwd,happy/高兴/neutral/中性,greeting/打招呼,mid,2,right_hand > go_forward_one_small_step,right_hand,500,500,500,500,500,660,620,420,500,500,500,500,500,500,500,500,6.0,0.0,373.0,8.0,72.0,198.0,83.2,-14.2,246.1,8.1,1.7,162.1,0.0,0.0,0.0,right_hand,500,500,500,500,500,660,620,420,500,500,500,500,500,500,500,500,6.0,0.0,373.0,8.0,72.0,198.0,83.2,-14.2,246.1,8.1,1.7,162.1,go_forward_one_small_step,500,500,520,516,500,500,500,500,500,526,580,460,500,500,500,500,18.5,0.0,373.6,20.5,72.0,198.6,20.5,-72.0,198.6,14.7,0.0,162.4,,,,,,,,,,,,,,,,,,,,,,,,,,,,,
greet_step_handup,happy/高兴/neutral/中性,greeting/打招呼,mid,2,stepping > go_hand_up,go_hand_up,500,500,500,500,500,820,740,350,500,500,500,500,500,180,260,650,6.0,0.0,373.0,70.0,173.3,319.7,70.0,29.3,319.7,9.6,6.1,167.9,0.0,0.0,0.0,stepping,500,500,522,518,500,500,500,500,500,530,590,455,500,500,500,500,14.0,0.0,373.5,16.0,72.0,198.5,16.0,-72.0,198.5,9.7,0.0,162.5,go_hand_up,500,500,500,500,500,820,740,350,500,500,500,500,500,180,260,650,6.0,0.0,373.0,70.0,173.3,319.7,70.0,29.3,319.7,9.6,6.1,167.9,,,,,,,,,,,,,,,,,,,,,,,,,,,,,
comfort_bow_hold,unhappy/不高兴/neutral/中性,comfort_request/安慰,low,2,bow > stand_slow,bow,500,560,430,360,500,620,680,580,500,440,570,640,500,380,320,420,6.0,0.0,330.5,38.9,154.1,194.6,38.9,10.1,194.6,50.6,4.9,138.5,0.0,0.0,0.0,bow,500,560,430,360,500,620,680,580,500,440,570,640,500,380,320,420,6.0,0.0,330.5,38.9,154.1,194.6,38.9,10.1,194.6,50.6,4.9,138.5,stand_slow,500,500,500,500,500,500,500,500,500,500,500,500,500,500,500,500,6.0,0.0,373.0,8.0,72.0,198.0,8.0,-72.0,198.0,5.9,0.0,160.6,,,,,,,,,,,,,,,,,,,,,,,,,,,,,
comfort_jugong_squat,unhappy/不高兴,comfort_request/安慰,low,3,jugong > squat_down > squat_up,jugong,500,580,430,330,500,620,680,580,500,420,570,670,500,380,320,420,6.0,0.0,316.3,38.9,154.1,180.4,38.9,10.1,180.4,56.3,4.9,129.7,0.0,0.0,0.0,jugong,500,580,430,330,500,620,680,580,500,420,570,670,500,380,320,420,6.0,0.0,316.3,38.9,154.1,180.4,38.9,10.1,180.4,56.3,4.9,129.7,squat_down,500,560,360,380,500,540,500,500,500,440,640,620,500,460,500,500,6.0,0.0,316.0,28.0,72.0,142.6,28.0,-72.0,142.6,50.8,0.0,125.7,squat_up,500,560,360,380,500,540,500,500,500,440,640,620,500,460,500,500,6.0,0.0,316.0,28.0,72.0,142.6,28.0,-72.0,142.6,50.8,0.0,125.7
comfort_bow_squat,unhappy/不高兴,comfort_request/安慰,low,2,bow > squat,bow,500,560,430,360,500,620,680,580,500,440,570,640,500,380,320,420,6.0,0.0,330.5,38.9,154.1,194.6,38.9,10.1,194.6,50.6,4.9,138.5,0.0,0.0,0.0,bow,500,560,430,360,500,620,680,580,500,440,570,640,500,380,320,420,6.0,0.0,330.5,38.9,154.1,194.6,38.9,10.1,194.6,50.6,4.9,138.5,squat,500,560,360,380,500,540,500,500,500,440,640,620,500,460,500,500,6.0,0.0,316.0,28.0,72.0,142.6,28.0,-72.0,142.6,50.8,0.0,125.7,,,,,,,,,,,,,,,,,,,,,,,,,,,,,
comfort_jugong_hold,unhappy/不高兴/neutral/中性,comfort_request/安慰,low,2,jugong > stand_slow,jugong,500,580,430,330,500,620,680,580,500,420,570,670,500,380,320,420,6.0,0.0,316.3,38.9,154.1,180.4,38.9,10.1,180.4,56.3,4.9,129.7,0.0,0.0,0.0,jugong,500,580,430,330,500,620,680,580,500,420,570,670,500,380,320,420,6.0,0.0,316.3,38.9,154.1,180.4,38.9,10.1,180.4,56.3,4.9,129.7,stand_slow,500,500,500,500,500,500,500,500,500,500,500,500,500,500,500,500,6.0,0.0,373.0,8.0,72.0,198.0,8.0,-72.0,198.0,5.9,0.0,160.6,,,,,,,,,,,,,,,,,,,,,,,,,,,,,
comfort_squat_bow,unhappy/不高兴,comfort_request/安慰,low,3,squat_down > squat_up > bow,bow,500,560,430,360,500,620,680,580,500,440,570,640,500,380,320,420,6.0,0.0,330.5,38.9,154.1,194.6,38.9,10.1,194.6,50.6,4.9,138.5,0.0,0.0,0.0,squat_down,500,560,360,380,500,540,500,500,500,440,640,620,500,460,500,500,6.0,0.0,316.0,28.0,72.0,142.6,28.0,-72.0,142.6,50.8,0.0,125.7,squat_up,500,560,360,380,500,540,500,500,500,440,640,620,500,460,500,500,6.0,0.0,316.0,28.0,72.0,142.6,28.0,-72.0,142.6,50.8,0.0,125.7,bow,500,560,430,360,500,620,680,580,500,440,570,640,500,380,320,420,6.0,0.0,330.5,38.9,154.1,194.6,38.9,10.1,194.6,50.6,4.9,138.5
comfort_bow_step,unhappy/不高兴/neutral/中性,comfort_request/安慰,low,2,bow > stepping,bow,500,560,430,360,500,620,680,580,500,440,570,640,500,380,320,420,6.0,0.0,330.5,38.9,154.1,194.6,38.9,10.1,194.6,50.6,4.9,138.5,0.0,0.0,0.0,bow,500,560,430,360,500,620,680,580,500,440,570,640,500,380,320,420,6.0,0.0,330.5,38.9,154.1,194.6,38.9,10.1,194.6,50.6,4.9,138.5,stepping,500,500,522,518,500,500,500,500,500,530,590,455,500,500,500,500,14.0,0.0,373.5,16.0,72.0,198.5,16.0,-72.0,198.5,9.7,0.0,162.5,,,,,,,,,,,,,,,,,,,,,,,,,,,,,
comfort_jugong_step,unhappy/不高兴/neutral/中性,comfort_request/安慰,low,2,jugong > stepping,jugong,500,580,430,330,500,620,680,580,500,420,570,670,500,380,320,420,6.0,0.0,316.3,38.9,154.1,180.4,38.9,10.1,180.4,56.3,4.9,129.7,0.0,0.0,0.0,jugong,500,580,430,330,500,620,680,580,500,420,570,670,500,380,320,420,6.0,0.0,316.3,38.9,154.1,180.4,38.9,10.1,180.4,56.3,4.9,129.7,stepping,500,500,522,518,500,500,500,500,500,530,590,455,500,500,500,500,14.0,0.0,373.5,16.0,72.0,198.5,16.0,-72.0,198.5,9.7,0.0,162.5,,,,,,,,,,,,,,,,,,,,,,,,,,,,,
comfort_squat_hold,unhappy/不高兴,comfort_request/安慰,low,2,squat > stand_slow,squat,500,560,360,380,500,540,500,500,500,440,640,620,500,460,500,500,6.0,0.0,316.0,28.0,72.0,142.6,28.0,-72.0,142.6,50.8,0.0,125.7,0.0,0.0,0.0,squat,500,560,360,380,500,540,500,500,500,440,640,620,500,460,500,500,6.0,0.0,316.0,28.0,72.0,142.6,28.0,-72.0,142.6,50.8,0.0,125.7,stand_slow,500,500,500,500,500,500,500,500,500,500,500,500,500,500,500,500,6.0,0.0,373.0,8.0,72.0,198.0,8.0,-72.0,198.0,5.9,0.0,160.6,,,,,,,,,,,,,,,,,,,,,,,,,,,,,
comfort_bow_sidel,unhappy/不高兴,comfort_request/安慰,low,2,bow > left_move_10,bow,500,560,430,360,500,620,680,580,500,440,570,640,500,380,320,420,6.0,0.0,330.5,38.9,154.1,194.6,38.9,10.1,194.6,50.6,4.9,138.5,0.0,0.0,0.0,bow,500,560,430,360,500,620,680,580,500,440,570,640,500,380,320,420,6.0,0.0,330.5,38.9,154.1,194.6,38.9,10.1,194.6,50.6,4.9,138.5,left_move_10,518,500,500,500,472,500,500,500,481,500,500,500,527,500,500,500,6.0,5.0,372.0,8.0,77.0,197.0,8.0,-67.0,197.0,5.9,-2.1,160.0,,,,,,,,,,,,,,,,,,,,,,,,,,,,,
comfort_jugong_sider,unhappy/不高兴,comfort_request/安慰,low,2,jugong > right_move_10,jugong,500,580,430,330,500,620,680,580,500,420,570,670,500,380,320,420,6.0,0.0,316.3,38.9,154.1,180.4,38.9,10.1,180.4,56.3,4.9,129.7,0.0,0.0,0.0,jugong,500,580,430,330,500,620,680,580,500,420,570,670,500,380,320,420,6.0,0.0,316.3,38.9,154.1,180.4,38.9,10.1,180.4,56.3,4.9,129.7,right_move_10,481,500,500,500,527,500,500,500,518,500,500,500,472,500,500,500,6.0,-5.0,372.0,8.0,67.0,197.0,8.0,-77.0,197.0,5.9,2.1,160.0,,,,,,,,,,,,,,,,,,,,,,,,,,,,,
comfort_lefthand_bow,unhappy/不高兴/neutral/中性,comfort_request/安慰,low,2,left_hand > bow,bow,500,560,430,360,500,620,680,580,500,440,570,640,500,380,320,420,6.0,0.0,330.5,38.9,154.1,194.6,38.9,10.1,194.6,50.6,4.9,138.5,0.0,0.0,0.0,left_hand,500,500,500,500,500,500,500,500,500,500,500,500,500,340,380,580,6.0,0.0,373.0,83.2,129.8,246.1,8.0,-72.0,198.0,8.1,1.7,162.1,bow,500,560,430,360,500,620,680,580,500,440,570,640,500,380,320,420,6.0,0.0,330.5,38.9,154.1,194.6,38.9,10.1,194.6,50.6,4.9,138.5,,,,,,,,,,,,,,,,,,,,,,,,,,,,,
comfort_righthand_jugong,unhappy/不高兴/neutral/中性,comfort_request/安慰,low,2,right_hand > jugong,jugong,500,580,430,330,500,620,680,580,500,420,570,670,500,380,320,420,6.0,0.0,316.3,38.9,154.1,180.4,38.9,10.1,180.4,56.3,4.9,129.7,0.0,0.0,0.0,right_hand,500,500,500,500,500,660,620,420,500,500,500,500,500,500,500,500,6.0,0.0,373.0,8.0,72.0,198.0,83.2,-14.2,246.1,8.1,1.7,162.1,jugong,500,580,430,330,500,620,680,580,500,420,570,670,500,380,320,420,6.0,0.0,316.3,38.9,154.1,180.4,38.9,10.1,180.4,56.3,4.9,129.7,,,,,,,,,,,,,,,,,,,,,,,,,,,,,
comfort_hold_bow,unhappy/不高兴/neutral/中性,comfort_request/安慰,low,2,stand_slow > bow,bow,500,560,430,360,500,620,680,580,500,440,570,640,500,380,320,420,6.0,0.0,330.5,38.9,154.1,194.6,38.9,10.1,194.6,50.6,4.9,138.5,0.0,0.0,0.0,stand_slow,500,500,500,500,500,500,500,500,500,500,500,500,500,500,500,500,6.0,0.0,373.0,8.0,72.0,198.0,8.0,-72.0,198.0,5.9,0.0,160.6,bow,500,560,430,360,500,620,680,580,500,440,570,640,500,380,320,420,6.0,0.0,330.5,38.9,154.1,194.6,38.9,10.1,194.6,50.6,4.9,138.5,,,,,,,,,,,,,,,,,,,,,,,,,,,,,
comfort_squatdown_up,unhappy/不高兴/neutral/中性,comfort_request/安慰,low,2,squat_down > squat_up,squat_down,500,560,360,380,500,540,500,500,500,440,640,620,500,460,500,500,6.0,0.0,316.0,28.0,72.0,142.6,28.0,-72.0,142.6,50.8,0.0,125.7,0.0,0.0,0.0,squat_down,500,560,360,380,500,540,500,500,500,440,640,620,500,460,500,500,6.0,0.0,316.0,28.0,72.0,142.6,28.0,-72.0,142.6,50.8,0.0,125.7,squat_up,500,560,360,380,500,540,500,500,500,440,640,620,500,460,500,500,6.0,0.0,316.0,28.0,72.0,142.6,28.0,-72.0,142.6,50.8,0.0,125.7,,,,,,,,,,,,,,,,,,,,,,,,,,,,,
comfort_twist_bow,unhappy/不高兴/surprised/惊讶,comfort_request/安慰,mid,2,twist > bow,bow,500,560,430,360,500,620,680,580,500,440,570,640,500,380,320,420,6.0,0.0,330.5,38.9,154.1,194.6,38.9,10.1,194.6,50.6,4.9,138.5,0.0,0.0,0.0,twist,530,500,500,500,420,560,500,500,470,500,500,500,580,440,500,500,6.0,0.0,363.6,37.8,72.0,192.3,37.8,-72.0,192.3,7.7,-21.7,154.9,bow,500,560,430,360,500,620,680,580,500,440,570,640,500,380,320,420,6.0,0.0,330.5,38.9,154.1,194.6,38.9,10.1,194.6,50.6,4.9,138.5,,,,,,,,,,,,,,,,,,,,,,,,,,,,,
comfort_step_jugong,unhappy/不高兴/neutral/中性,comfort_request/安慰,low,2,stepping > jugong,jugong,500,580,430,330,500,620,680,580,500,420,570,670,500,380,320,420,6.0,0.0,316.3,38.9,154.1,180.4,38.9,10.1,180.4,56.3,4.9,129.7,0.0,0.0,0.0,stepping,500,500,522,518,500,500,500,500,500,530,590,455,500,500,500,500,14.0,0.0,373.5,16.0,72.0,198.5,16.0,-72.0,198.5,9.7,0.0,162.5,jugong,500,580,430,330,500,620,680,580,500,420,570,670,500,380,320,420,6.0,0.0,316.3,38.9,154.1,180.4,38.9,10.1,180.4,56.3,4.9,129.7,,,,,,,,,,,,,,,,,,,,,,,,,,,,,
play_chest_sidel,happy/高兴,play/玩耍,high,2,chest > left_move_10,chest,500,500,500,500,500,680,620,280,500,500,500,500,500,320,380,720,6.0,0.0,373.0,96.0,129.8,276.7,96.0,-14.2,276.7,11.1,3.5,165.3,0.0,0.0,0.0,chest,500,500,500,500,500,680,620,280,500,500,500,500,500,320,380,720,6.0,0.0,373.0,96.0,129.8,276.7,96.0,-14.2,276.7,11.1,3.5,165.3,left_move_10,518,500,500,500,472,500,500,500,481,500,500,500,527,500,500,500,6.0,5.0,372.0,8.0,77.0,197.0,8.0,-67.0,197.0,5.9,-2.1,160.0,,,,,,,,,,,,,,,,,,,,,,,,,,,,,
play_chest_sider,happy/高兴,play/玩耍,high,2,chest > right_move_10,chest,500,500,500,500,500,680,620,280,500,500,500,500,500,320,380,720,6.0,0.0,373.0,96.0,129.8,276.7,96.0,-14.2,276.7,11.1,3.5,165.3,0.0,0.0,0.0,chest,500,500,500,500,500,680,620,280,500,500,500,500,500,320,380,720,6.0,0.0,373.0,96.0,129.8,276.7,96.0,-14.2,276.7,11.1,3.5,165.3,right_move_10,481,500,500,500,527,500,500,500,518,500,500,500,472,500,500,500,6.0,-5.0,372.0,8.0,67.0,197.0,8.0,-77.0,197.0,5.9,2.1,160.0,,,,,,,,,,,,,,,,,,,,,,,,,,,,,
play_wave_chest,happy/高兴,play/玩耍,high,2,wave > chest,chest,500,500,500,500,500,680,620,280,500,500,500,500,500,320,380,720,6.0,0.0,373.0,96.0,129.8,276.7,96.0,-14.2,276.7,11.1,3.5,165.3,0.0,0.0,0.0,wave,500,500,500,500,500,820,740,220,500,500,500,500,500,500,500,500,6.0,0.0,373.0,8.0,72.0,198.0,62.7,29.3,332.0,7.5,3.0,164.6,chest,500,500,500,500,500,680,620,280,500,500,500,500,500,320,380,720,6.0,0.0,373.0,96.0,129.8,276.7,96.0,-14.2,276.7,11.1,3.5,165.3,,,,,,,,,,,,,,,,,,,,,,,,,,,,,
play_twist_chest,happy/高兴,play/玩耍,high,2,twist > chest,chest,500,500,500,500,500,680,620,280,500,500,500,500,500,320,380,720,6.0,0.0,373.0,96.0,129.8,276.7,96.0,-14.2,276.7,11.1,3.5,165.3,0.0,0.0,0.0,twist,530,500,500,500,420,560,500,500,470,500,500,500,580,440,500,500,6.0,0.0,363.6,37.8,72.0,192.3,37.8,-72.0,192.3,7.7,-21.7,154.9,chest,500,500,500,500,500,680,620,280,500,500,500,500,500,320,380,720,6.0,0.0,373.0,96.0,129.8,276.7,96.0,-14.2,276.7,11.1,3.5,165.3,,,,,,,,,,,,,,,,,,,,,,,,,,,,,
play_step_chest,happy/高兴,play/玩耍,high,2,stepping > chest,chest,500,500,500,500,500,680,620,280,500,500,500,500,500,320,380,720,6.0,0.0,373.0,96.0,129.8,276.7,96.0,-14.2,276.7,11.1,3.5,165.3,0.0,0.0,0.0,stepping,500,500,522,518,500,500,500,500,500,530,590,455,500,500,500,500,14.0,0.0,373.5,16.0,72.0,198.5,16.0,-72.0,198.5,9.7,0.0,162.5,chest,500,500,500,500,500,680,620,280,500,500,500,500,500,320,380,720,6.0,0.0,373.0,96.0,129.8,276.7,96.0,-14.2,276.7,11.1,3.5,165.3,,,,,,,,,,,,,,,,,,,,,,,,,,,,,
play_handup_chest,happy/高兴,play/玩耍,high,2,go_hand_up > chest,go_hand_up,500,500,500,500,500,820,740,350,500,500,500,500,500,180,260,650,6.0,0.0,373.0,70.0,173.3,319.7,70.0,29.3,319.7,9.6,6.1,167.9,0.0,0.0,0.0,go_hand_up,500,500,500,500,500,820,740,350,500,500,500,500,500,180,260,650,6.0,0.0,373.0,70.0,173.3,319.7,70.0,29.3,319.7,9.6,6.1,167.9,chest,500,500,500,500,500,680,620,280,500,500,500,500,500,320,380,720,6.0,0.0,373.0,96.0,129.8,276.7,96.0,-14.2,276.7,11.1,3.5,165.3,,,,,,,,,,,,,,,,,,,,,,,,,,,,,
play_chest_twist,happy/高兴,play/玩耍,high,2,chest > twist,chest,500,500,500,500,500,680,620,280,500,500,500,500,500,320,380,720,6.0,0.0,373.0,96.0,129.8,276.7,96.0,-14.2,276.7,11.1,3.5,165.3,0.0,0.0,0.0,chest,500,500,500,500,500,680,620,280,500,500,500,500,500,320,380,720,6.0,0.0,373.0,96.0,129.8,276.7,96.0,-14.2,276.7,11.1,3.5,165.3,twist,530,500,500,500,420,560,500,500,470,500,500,500,580,440,500,500,6.0,0.0,363.6,37.8,72.0,192.3,37.8,-72.0,192.3,7.7,-21.7,154.9,,,,,,,,,,,,,,,,,,,,,,,,,,,,,
play_handup1_sidel,happy/高兴,play/玩耍,mid,2,go_hand_up1 > left_move_10,go_hand_up1,500,500,500,500,500,820,740,350,500,500,500,500,500,180,260,650,6.0,0.0,373.0,70.0,173.3,319.7,70.0,29.3,319.7,9.6,6.1,167.9,0.0,0.0,0.0,go_hand_up1,500,500,500,500,500,820,740,350,500,500,500,500,500,180,260,650,6.0,0.0,373.0,70.0,173.3,319.7,70.0,29.3,319.7,9.6,6.1,167.9,left_move_10,518,500,500,500,472,500,500,500,481,500,500,500,527,500,500,500,6.0,5.0,372.0,8.0,77.0,197.0,8.0,-67.0,197.0,5.9,-2.1,160.0,,,,,,,,,,,,,,,,,,,,,,,,,,,,,
play_lift_chest,happy/高兴,play/玩耍,high,2,lift_left_hand > chest,chest,500,500,500,500,500,680,620,280,500,500,500,500,500,320,380,720,6.0,0.0,373.0,96.0,129.8,276.7,96.0,-14.2,276.7,11.1,3.5,165.3,0.0,0.0,0.0,lift_left_hand,500,500,500,500,500,500,500,500,500,500,500,500,500,180,260,650,6.0,0.0,373.0,70.0,173.3,319.7,8.0,-72.0,198.0,7.7,3.0,164.3,chest,500,500,500,500,500,680,620,280,500,500,500,500,500,320,380,720,6.0,0.0,373.0,96.0,129.8,276.7,96.0,-14.2,276.7,11.1,3.5,165.3,,,,,,,,,,,,,,,,,,,,,,,,,,,,,
play_wave_step_twist,happy/高兴,play/玩耍,high,3,wave > stepping > twist,wave,500,500,500,500,500,820,740,220,500,500,500,500,500,500,500,500,6.0,0.0,373.0,8.0,72.0,198.0,62.7,29.3,332.0,7.5,3.0,164.6,0.0,0.0,0.0,wave,500,500,500,500,500,820,740,220,500,500,500,500,500,500,500,500,6.0,0.0,373.0,8.0,72.0,198.0,62.7,29.3,332.0,7.5,3.0,164.6,stepping,500,500,522,518,500,500,500,500,500,530,590,455,500,500,500,500,14.0,0.0,373.5,16.0,72.0,198.5,16.0,-72.0,198.5,9.7,0.0,162.5,twist,530,500,500,500,420,560,500,500,470,500,500,500,580,440,500,500,6.0,0.0,363.6,37.8,72.0,192.3,37.8,-72.0,192.3,7.7,-21.7,154.9
play_chest_fwd,happy/高兴,play/玩耍,high,2,chest > go_forward_one_small_step,chest,500,500,500,500,500,680,620,280,500,500,500,500,500,320,380,720,6.0,0.0,373.0,96.0,129.8,276.7,96.0,-14.2,276.7,11.1,3.5,165.3,0.0,0.0,0.0,chest,500,500,500,500,500,680,620,280,500,500,500,500,500,320,380,720,6.0,0.0,373.0,96.0,129.8,276.7,96.0,-14.2,276.7,11.1,3.5,165.3,go_forward_one_small_step,500,500,520,516,500,500,500,500,500,526,580,460,500,500,500,500,18.5,0.0,373.6,20.5,72.0,198.6,20.5,-72.0,198.6,14.7,0.0,162.4,,,,,,,,,,,,,,,,,,,,,,,,,,,,,
play_twist_step,happy/高兴/surprised/惊讶,play/玩耍,mid,2,twist > stepping,twist,530,500,500,500,420,560,500,500,470,500,500,500,580,440,500,500,6.0,0.0,363.6,37.8,72.0,192.3,37.8,-72.0,192.3,7.7,-21.7,154.9,0.0,0.0,0.0,twist,530,500,500,500,420,560,500,500,470,500,500,500,580,440,500,500,6.0,0.0,363.6,37.8,72.0,192.3,37.8,-72.0,192.3,7.7,-21.7,154.9,stepping,500,500,522,518,500,500,500,500,500,530,590,455,500,500,500,500,14.0,0.0,373.5,16.0,72.0,198.5,16.0,-72.0,198.5,9.7,0.0,162.5,,,,,,,,,,,,,,,,,,,,,,,,,,,,,
play_righthand_chest,happy/高兴,play/玩耍,high,2,right_hand > chest,chest,500,500,500,500,500,680,620,280,500,500,500,500,500,320,380,720,6.0,0.0,373.0,96.0,129.8,276.7,96.0,-14.2,276.7,11.1,3.5,165.3,0.0,0.0,0.0,right_hand,500,500,500,500,500,660,620,420,500,500,500,500,500,500,500,500,6.0,0.0,373.0,8.0,72.0,198.0,83.2,-14.2,246.1,8.1,1.7,162.1,chest,500,500,500,500,500,680,620,280,500,500,500,500,500,320,380,720,6.0,0.0,373.0,96.0,129.8,276.7,96.0,-14.2,276.7,11.1,3.5,165.3,,,,,,,,,,,,,,,,,,,,,,,,,,,,,
play_lefthand_step,happy/高兴,play/玩耍,mid,2,left_hand > stepping,left_hand,500,500,500,500,500,500,500,500,500,500,500,500,500,340,380,580,6.0,0.0,373.0,83.2,129.8,246.1,8.0,-72.0,198.0,8.1,1.7,162.1,0.0,0.0,0.0,left_hand,500,500,500,500,500,500,500,500,500,500,500,500,500,340,380,580,6.0,0.0,373.0,83.2,129.8,246.1,8.0,-72.0,198.0,8.1,1.7,162.1,stepping,500,500,522,518,500,500,500,500,500,530,590,455,500,500,500,500,14.0,0.0,373.5,16.0,72.0,198.5,16.0,-72.0,198.5,9.7,0.0,162.5,,,,,,,,,,,,,,,,,,,,,,,,,,,,,
play_sidel_chest,happy/高兴,play/玩耍,high,2,left_move_10 > chest,chest,500,500,500,500,500,680,620,280,500,500,500,500,500,320,380,720,6.0,0.0,373.0,96.0,129.8,276.7,96.0,-14.2,276.7,11.1,3.5,165.3,0.0,0.0,0.0,left_move_10,518,500,500,500,472,500,500,500,481,500,500,500,527,500,500,500,6.0,5.0,372.0,8.0,77.0,197.0,8.0,-67.0,197.0,5.9,-2.1,160.0,chest,500,500,500,500,500,680,620,280,500,500,500,500,500,320,380,720,6.0,0.0,373.0,96.0,129.8,276.7,96.0,-14.2,276.7,11.1,3.5,165.3,,,,,,,,,,,,,,,,,,,,,,,,,,,,,
play_turnr_wave,happy/高兴,play/玩耍,mid,2,turn_right_small_step > wave,wave,500,500,500,500,500,820,740,220,500,500,500,500,500,500,500,500,6.0,0.0,373.0,8.0,72.0,198.0,62.7,29.3,332.0,7.5,3.0,164.6,0.0,0.0,0.0,turn_right_small_step,500,500,513,511,500,500,500,500,500,518,555,472,500,500,500,500,5.9,-0.8,373.8,17.3,70.3,198.8,-1.5,-72.4,198.8,3.3,-0.4,162.0,wave,500,500,500,500,500,820,740,220,500,500,500,500,500,500,500,500,6.0,0.0,373.0,8.0,72.0,198.0,62.7,29.3,332.0,7.5,3.0,164.6,,,,,,,,,,,,,,,,,,,,,,,,,,,,,
help_handup_hold,happy/高兴/neutral/中性/unhappy/不高兴,help/求助,mid,2,go_hand_up > stand_slow,go_hand_up,500,500,500,500,500,820,740,350,500,500,500,500,500,180,260,650,6.0,0.0,373.0,70.0,173.3,319.7,70.0,29.3,319.7,9.6,6.1,167.9,0.0,0.0,0.0,go_hand_up,500,500,500,500,500,820,740,350,500,500,500,500,500,180,260,650,6.0,0.0,373.0,70.0,173.3,319.7,70.0,29.3,319.7,9.6,6.1,167.9,stand_slow,500,500,500,500,500,500,500,500,500,500,500,500,500,500,500,500,6.0,0.0,373.0,8.0,72.0,198.0,8.0,-72.0,198.0,5.9,0.0,160.6,,,,,,,,,,,,,,,,,,,,,,,,,,,,,
help_handup1_wave,happy/高兴/neutral/中性,help/求助,mid,2,go_hand_up1 > wave,go_hand_up1,500,500,500,500,500,820,740,350,500,500,500,500,500,180,260,650,6.0,0.0,373.0,70.0,173.3,319.7,70.0,29.3,319.7,9.6,6.1,167.9,0.0,0.0,0.0,go_hand_up1,500,500,500,500,500,820,740,350,500,500,500,500,500,180,260,650,6.0,0.0,373.0,70.0,173.3,319.7,70.0,29.3,319.7,9.6,6.1,167.9,wave,500,500,500,500,500,820,740,220,500,500,500,500,500,500,500,500,6.0,0.0,373.0,8.0,72.0,198.0,62.7,29.3,332.0,7.5,3.0,164.6,,,,,,,,,,,,,,,,,,,,,,,,,,,,,
help_lift_step,happy/高兴/neutral/中性,help/求助,mid,2,lift_left_hand > stepping,lift_left_hand,500,500,500,500,500,500,500,500,500,500,500,500,500,180,260,650,6.0,0.0,373.0,70.0,173.3,319.7,8.0,-72.0,198.0,7.7,3.0,164.3,0.0,0.0,0.0,lift_left_hand,500,500,500,500,500,500,500,500,500,500,500,500,500,180,260,650,6.0,0.0,373.0,70.0,173.3,319.7,8.0,-72.0,198.0,7.7,3.0,164.3,stepping,500,500,522,518,500,500,500,500,500,530,590,455,500,500,500,500,14.0,0.0,373.5,16.0,72.0,198.5,16.0,-72.0,198.5,9.7,0.0,162.5,,,,,,,,,,,,,,,,,,,,,,,,,,,,,
help_righthand_hold,happy/高兴/neutral/中性,help/求助,mid,2,right_hand > stand_slow,right_hand,500,500,500,500,500,660,620,420,500,500,500,500,500,500,500,500,6.0,0.0,373.0,8.0,72.0,198.0,83.2,-14.2,246.1,8.1,1.7,162.1,0.0,0.0,0.0,right_hand,500,500,500,500,500,660,620,420,500,500,500,500,500,500,500,500,6.0,0.0,373.0,8.0,72.0,198.0,83.2,-14.2,246.1,8.1,1.7,162.1,stand_slow,500,500,500,500,500,500,500,500,500,500,500,500,500,500,500,500,6.0,0.0,373.0,8.0,72.0,198.0,8.0,-72.0,198.0,5.9,0.0,160.6,,,,,,,,,,,,,,,,,,,,,,,,,,,,,
help_wave_fwd,happy/高兴/neutral/中性,help/求助,mid,2,wave > go_forward_one_small_step,wave,500,500,500,500,500,820,740,220,500,500,500,500,500,500,500,500,6.0,0.0,373.0,8.0,72.0,198.0,62.7,29.3,332.0,7.5,3.0,164.6,0.0,0.0,0.0,wave,500,500,500,500,500,820,740,220,500,500,500,500,500,500,500,500,6.0,0.0,373.0,8.0,72.0,198.0,62.7,29.3,332.0,7.5,3.0,164.6,go_forward_one_small_step,500,500,520,516,500,500,500,500,500,526,580,460,500,500,500,500,18.5,0.0,373.6,20.5,72.0,198.6,20.5,-72.0,198.6,14.7,0.0,162.4,,,,,,,,,,,,,,,,,,,,,,,,,,,,,
help_lefthand_hold,unhappy/不高兴/neutral/中性,help/求助,low,2,left_hand > stand_slow,left_hand,500,500,500,500,500,500,500,500,500,500,500,500,500,340,380,580,6.0,0.0,373.0,83.2,129.8,246.1,8.0,-72.0,198.0,8.1,1.7,162.1,0.0,0.0,0.0,left_hand,500,500,500,500,500,500,500,500,500,500,500,500,500,340,380,580,6.0,0.0,373.0,83.2,129.8,246.1,8.0,-72.0,198.0,8.1,1.7,162.1,stand_slow,500,500,500,500,500,500,500,500,500,500,500,500,500,500,500,500,6.0,0.0,373.0,8.0,72.0,198.0,8.0,-72.0,198.0,5.9,0.0,160.6,,,,,,,,,,,,,,,,,,,,,,,,,,,,,
help_handup_turnl,happy/高兴/neutral/中性,help/求助,mid,2,go_hand_up > turn_left_small_step,go_hand_up,500,500,500,500,500,820,740,350,500,500,500,500,500,180,260,650,6.0,0.0,373.0,70.0,173.3,319.7,70.0,29.3,319.7,9.6,6.1,167.9,0.0,0.0,0.0,go_hand_up,500,500,500,500,500,820,740,350,500,500,500,500,500,180,260,650,6.0,0.0,373.0,70.0,173.3,319.7,70.0,29.3,319.7,9.6,6.1,167.9,turn_left_small_step,500,500,513,511,500,500,500,500,500,518,555,472,500,500,500,500,5.9,0.8,373.8,-1.5,72.4,198.8,17.3,-70.3,198.8,3.3,0.4,162.0,,,,,,,,,,,,,,,,,,,,,,,,,,,,,
help_step_handup1,happy/高兴/neutral/中性,help/求助,mid,2,stepping > go_hand_up1,go_hand_up1,500,500,500,500,500,820,740,350,500,500,500,500,500,180,260,650,6.0,0.0,373.0,70.0,173.3,319.7,70.0,29.3,319.7,9.6,6.1,167.9,0.0,0.0,0.0,stepping,500,500,522,518,500,500,500,500,500,530,590,455,500,500,500,500,14.0,0.0,373.5,16.0,72.0,198.5,16.0,-72.0,198.5,9.7,0.0,162.5,go_hand_up1,500,500,500,500,500,820,740,350,500,500,500,500,500,180,260,650,6.0,0.0,373.0,70.0,173.3,319.7,70.0,29.3,319.7,9.6,6.1,167.9,,,,,,,,,,,,,,,,,,,,,,,,,,,,,
startle_twist_back,surprised/惊讶,unknown/其他,high,2,twist > back_one_step,twist,530,500,500,500,420,560,500,500,470,500,500,500,580,440,500,500,6.0,0.0,363.6,37.8,72.0,192.3,37.8,-72.0,192.3,7.7,-21.7,154.9,0.0,0.0,0.0,twist,530,500,500,500,420,560,500,500,470,500,500,500,580,440,500,500,6.0,0.0,363.6,37.8,72.0,192.3,37.8,-72.0,192.3,7.7,-21.7,154.9,back_one_step,500,500,520,516,500,500,500,500,500,526,580,460,500,500,500,500,-16.5,0.0,373.6,-14.5,72.0,198.6,-14.5,-72.0,198.6,-20.3,0.0,162.4,,,,,,,,,,,,,,,,,,,,,,,,,,,,,
startle_step_twist,surprised/惊讶/happy/高兴,unknown/其他,mid,2,stepping > twist,twist,530,500,500,500,420,560,500,500,470,500,500,500,580,440,500,500,6.0,0.0,363.6,37.8,72.0,192.3,37.8,-72.0,192.3,7.7,-21.7,154.9,0.0,0.0,0.0,stepping,500,500,522,518,500,500,500,500,500,530,590,455,500,500,500,500,14.0,0.0,373.5,16.0,72.0,198.5,16.0,-72.0,198.5,9.7,0.0,162.5,twist,530,500,500,500,420,560,500,500,470,500,500,500,580,440,500,500,6.0,0.0,363.6,37.8,72.0,192.3,37.8,-72.0,192.3,7.7,-21.7,154.9,,,,,,,,,,,,,,,,,,,,,,,,,,,,,
startle_back_hold,surprised/惊讶,unknown/其他,high,2,back_one_step > stand_slow,back_one_step,500,500,520,516,500,500,500,500,500,526,580,460,500,500,500,500,-16.5,0.0,373.6,-14.5,72.0,198.6,-14.5,-72.0,198.6,-20.3,0.0,162.4,-22.5,0.0,0.0,back_one_step,500,500,520,516,500,500,500,500,500,526,580,460,500,500,500,500,-16.5,0.0,373.6,-14.5,72.0,198.6,-14.5,-72.0,198.6,-20.3,0.0,162.4,stand_slow,500,500,500,500,500,500,500,500,500,500,500,500,500,500,500,500,6.0,0.0,373.0,8.0,72.0,198.0,8.0,-72.0,198.0,5.9,0.0,160.6,,,,,,,,,,,,,,,,,,,,,,,,,,,,,
startle_twist_sidel,surprised/惊讶,unknown/其他,mid,2,twist > left_move_10,twist,530,500,500,500,420,560,500,500,470,500,500,500,580,440,500,500,6.0,0.0,363.6,37.8,72.0,192.3,37.8,-72.0,192.3,7.7,-21.7,154.9,0.0,0.0,0.0,twist,530,500,500,500,420,560,500,500,470,500,500,500,580,440,500,500,6.0,0.0,363.6,37.8,72.0,192.3,37.8,-72.0,192.3,7.7,-21.7,154.9,left_move_10,518,500,500,500,472,500,500,500,481,500,500,500,527,500,500,500,6.0,5.0,372.0,8.0,77.0,197.0,8.0,-67.0,197.0,5.9,-2.1,160.0,,,,,,,,,,,,,,,,,,,,,,,,,,,,,
startle_handup_back,surprised/惊讶,unknown/其他,high,2,go_hand_up > back_one_step,go_hand_up,500,500,500,500,500,820,740,350,500,500,500,500,500,180,260,650,6.0,0.0,373.0,70.0,173.3,319.7,70.0,29.3,319.7,9.6,6.1,167.9,0.0,0.0,0.0,go_hand_up,500,500,500,500,500,820,740,350,500,500,500,500,500,180,260,650,6.0,0.0,373.0,70.0,173.3,319.7,70.0,29.3,319.7,9.6,6.1,167.9,back_one_step,500,500,520,516,500,500,500,500,500,526,580,460,500,500,500,500,-16.5,0.0,373.6,-14.5,72.0,198.6,-14.5,-72.0,198.6,-20.3,0.0,162.4,,,,,,,,,,,,,,,,,,,,,,,,,,,,,
startle_turnl_twist,surprised/惊讶,unknown/其他,mid,2,turn_left_small_step > twist,twist,530,500,500,500,420,560,500,500,470,500,500,500,580,440,500,500,6.0,0.0,363.6,37.8,72.0,192.3,37.8,-72.0,192.3,7.7,-21.7,154.9,0.0,0.0,0.0,turn_left_small_step,500,500,513,511,500,500,500,500,500,518,555,472,500,500,500,500,5.9,0.8,373.8,-1.5,72.4,198.8,17.3,-70.3,198.8,3.3,0.4,162.0,twist,530,500,500,500,420,560,500,500,470,500,500,500,580,440,500,500,6.0,0.0,363.6,37.8,72.0,192.3,37.8,-72.0,192.3,7.7,-21.7,154.9,,,,,,,,,,,,,,,,,,,,,,,,,,,,,
startle_turnr_step,surprised/惊讶/neutral/中性,unknown/其他,mid,2,turn_right_small_step > stepping,stepping,500,500,522,518,500,500,500,500,500,530,590,455,500,500,500,500,14.0,0.0,373.5,16.0,72.0,198.5,16.0,-72.0,198.5,9.7,0.0,162.5,8.0,0.0,0.0,turn_right_small_step,500,500,513,511,500,500,500,500,500,518,555,472,500,500,500,500,5.9,-0.8,373.8,17.3,70.3,198.8,-1.5,-72.4,198.8,3.3,-0.4,162.0,stepping,500,500,522,518,500,500,500,500,500,530,590,455,500,500,500,500,14.0,0.0,373.5,16.0,72.0,198.5,16.0,-72.0,198.5,9.7,0.0,162.5,,,,,,,,,,,,,,,,,,,,,,,,,,,,,
startle_twist_hold,surprised/惊讶/neutral/中性,unknown/其他,mid,2,twist > stand_slow,twist,530,500,500,500,420,560,500,500,470,500,500,500,580,440,500,500,6.0,0.0,363.6,37.8,72.0,192.3,37.8,-72.0,192.3,7.7,-21.7,154.9,0.0,0.0,0.0,twist,530,500,500,500,420,560,500,500,470,500,500,500,580,440,500,500,6.0,0.0,363.6,37.8,72.0,192.3,37.8,-72.0,192.3,7.7,-21.7,154.9,stand_slow,500,500,500,500,500,500,500,500,500,500,500,500,500,500,500,500,6.0,0.0,373.0,8.0,72.0,198.0,8.0,-72.0,198.0,5.9,0.0,160.6,,,,,,,,,,,,,,,,,,,,,,,,,,,,,
startle_back_twist,surprised/惊讶,unknown/其他,high,2,back_one_step > twist,twist,530,500,500,500,420,560,500,500,470,500,500,500,580,440,500,500,6.0,0.0,363.6,37.8,72.0,192.3,37.8,-72.0,192.3,7.7,-21.7,154.9,0.0,0.0,0.0,back_one_step,500,500,520,516,500,500,500,500,500,526,580,460,500,500,500,500,-16.5,0.0,373.6,-14.5,72.0,198.6,-14.5,-72.0,198.6,-20.3,0.0,162.4,twist,530,500,500,500,420,560,500,500,470,500,500,500,580,440,500,500,6.0,0.0,363.6,37.8,72.0,192.3,37.8,-72.0,192.3,7.7,-21.7,154.9,,,,,,,,,,,,,,,,,,,,,,,,,,,,,
startle_sider_twist,surprised/惊讶,unknown/其他,mid,2,right_move_10 > twist,twist,530,500,500,500,420,560,500,500,470,500,500,500,580,440,500,500,6.0,0.0,363.6,37.8,72.0,192.3,37.8,-72.0,192.3,7.7,-21.7,154.9,0.0,0.0,0.0,right_move_10,481,500,500,500,527,500,500,500,518,500,500,500,472,500,500,500,6.0,-5.0,372.0,8.0,67.0,197.0,8.0,-77.0,197.0,5.9,2.1,160.0,twist,530,500,500,500,420,560,500,500,470,500,500,500,580,440,500,500,6.0,0.0,363.6,37.8,72.0,192.3,37.8,-72.0,192.3,7.7,-21.7,154.9,,,,,,,,,,,,,,,,,,,,,,,,,,,,,
idle_step_hold,neutral/中性,unknown/其他,low,2,stepping > stand_slow,stepping,500,500,522,518,500,500,500,500,500,530,590,455,500,500,500,500,14.0,0.0,373.5,16.0,72.0,198.5,16.0,-72.0,198.5,9.7,0.0,162.5,8.0,0.0,0.0,stepping,500,500,522,518,500,500,500,500,500,530,590,455,500,500,500,500,14.0,0.0,373.5,16.0,72.0,198.5,16.0,-72.0,198.5,9.7,0.0,162.5,stand_slow,500,500,500,500,500,500,500,500,500,500,500,500,500,500,500,500,6.0,0.0,373.0,8.0,72.0,198.0,8.0,-72.0,198.0,5.9,0.0,160.6,,,,,,,,,,,,,,,,,,,,,,,,,,,,,
idle_twist_sidel_hold,neutral/中性,unknown/其他,low,3,twist > left_move > stand_slow,twist,530,500,500,500,420,560,500,500,470,500,500,500,580,440,500,500,6.0,0.0,363.6,37.8,72.0,192.3,37.8,-72.0,192.3,7.7,-21.7,154.9,0.0,0.0,0.0,twist,530,500,500,500,420,560,500,500,470,500,500,500,580,440,500,500,6.0,0.0,363.6,37.8,72.0,192.3,37.8,-72.0,192.3,7.7,-21.7,154.9,left_move,518,500,500,500,472,500,500,500,481,500,500,500,527,500,500,500,6.0,7.5,372.0,8.0,79.5,197.0,8.0,-64.5,197.0,5.9,0.4,160.0,stand_slow,500,500,500,500,500,500,500,500,500,500,500,500,500,500,500,500,6.0,0.0,373.0,8.0,72.0,198.0,8.0,-72.0,198.0,5.9,0.0,160.6
idle_sidel_hold,neutral/中性,unknown/其他,low,2,left_move_10 > stand_slow,left_move_10,518,500,500,500,472,500,500,500,481,500,500,500,527,500,500,500,6.0,5.0,372.0,8.0,77.0,197.0,8.0,-67.0,197.0,5.9,-2.1,160.0,0.0,5.0,0.0,left_move_10,518,500,500,500,472,500,500,500,481,500,500,500,527,500,500,500,6.0,5.0,372.0,8.0,77.0,197.0,8.0,-67.0,197.0,5.9,-2.1,160.0,stand_slow,500,500,500,500,500,500,500,500,500,500,500,500,500,500,500,500,6.0,0.0,373.0,8.0,72.0,198.0,8.0,-72.0,198.0,5.9,0.0,160.6,,,,,,,,,,,,,,,,,,,,,,,,,,,,,
idle_sider_hold,neutral/中性,unknown/其他,low,2,right_move_10 > stand_slow,right_move_10,481,500,500,500,527,500,500,500,518,500,500,500,472,500,500,500,6.0,-5.0,372.0,8.0,67.0,197.0,8.0,-77.0,197.0,5.9,2.1,160.0,0.0,-5.0,0.0,right_move_10,481,500,500,500,527,500,500,500,518,500,500,500,472,500,500,500,6.0,-5.0,372.0,8.0,67.0,197.0,8.0,-77.0,197.0,5.9,2.1,160.0,stand_slow,500,500,500,500,500,500,500,500,500,500,500,500,500,500,500,500,6.0,0.0,373.0,8.0,72.0,198.0,8.0,-72.0,198.0,5.9,0.0,160.6,,,,,,,,,,,,,,,,,,,,,,,,,,,,,
idle_turnl_hold,neutral/中性,unknown/其他,low,2,turn_left_small_step > stand_slow,turn_left_small_step,500,500,513,511,500,500,500,500,500,518,555,472,500,500,500,500,5.9,0.8,373.8,-1.5,72.4,198.8,17.3,-70.3,198.8,3.3,0.4,162.0,0.0,0.0,7.5,turn_left_small_step,500,500,513,511,500,500,500,500,500,518,555,472,500,500,500,500,5.9,0.8,373.8,-1.5,72.4,198.8,17.3,-70.3,198.8,3.3,0.4,162.0,stand_slow,500,500,500,500,500,500,500,500,500,500,500,500,500,500,500,500,6.0,0.0,373.0,8.0,72.0,198.0,8.0,-72.0,198.0,5.9,0.0,160.6,,,,,,,,,,,,,,,,,,,,,,,,,,,,,
idle_turnr_hold,neutral/中性,unknown/其他,low,2,turn_right_small_step > stand_slow,turn_right_small_step,500,500,513,511,500,500,500,500,500,518,555,472,500,500,500,500,5.9,-0.8,373.8,17.3,70.3,198.8,-1.5,-72.4,198.8,3.3,-0.4,162.0,0.0,0.0,-7.5,turn_right_small_step,500,500,513,511,500,500,500,500,500,518,555,472,500,500,500,500,5.9,-0.8,373.8,17.3,70.3,198.8,-1.5,-72.4,198.8,3.3,-0.4,162.0,stand_slow,500,500,500,500,500,500,500,500,500,500,500,500,500,500,500,500,6.0,0.0,373.0,8.0,72.0,198.0,8.0,-72.0,198.0,5.9,0.0,160.6,,,,,,,,,,,,,,,,,,,,,,,,,,,,,
idle_squat_step,neutral/中性/unhappy/不高兴,unknown/其他,low,2,squat > stepping,squat,500,560,360,380,500,540,500,500,500,440,640,620,500,460,500,500,6.0,0.0,316.0,28.0,72.0,142.6,28.0,-72.0,142.6,50.8,0.0,125.7,0.0,0.0,0.0,squat,500,560,360,380,500,540,500,500,500,440,640,620,500,460,500,500,6.0,0.0,316.0,28.0,72.0,142.6,28.0,-72.0,142.6,50.8,0.0,125.7,stepping,500,500,522,518,500,500,500,500,500,530,590,455,500,500,500,500,14.0,0.0,373.5,16.0,72.0,198.5,16.0,-72.0,198.5,9.7,0.0,162.5,,,,,,,,,,,,,,,,,,,,,,,,,,,,,
idle_hold_twist_step,neutral/中性/happy/高兴,unknown/其他,low,3,stand_slow > twist > stepping,twist,530,500,500,500,420,560,500,500,470,500,500,500,580,440,500,500,6.0,0.0,363.6,37.8,72.0,192.3,37.8,-72.0,192.3,7.7,-21.7,154.9,0.0,0.0,0.0,stand_slow,500,500,500,500,500,500,500,500,500,500,500,500,500,500,500,500,6.0,0.0,373.0,8.0,72.0,198.0,8.0,-72.0,198.0,5.9,0.0,160.6,twist,530,500,500,500,420,560,500,500,470,500,500,500,580,440,500,500,6.0,0.0,363.6,37.8,72.0,192.3,37.8,-72.0,192.3,7.7,-21.7,154.9,stepping,500,500,522,518,500,500,500,500,500,530,590,455,500,500,500,500,14.0,0.0,373.5,16.0,72.0,198.5,16.0,-72.0,198.5,9.7,0.0,162.5
loco_forward_small,happy/高兴/neutral/中性,play/玩耍,mid,1,go_forward_one_small_step,go_forward_one_small_step,500,500,520,516,500,500,500,500,500,526,580,460,500,500,500,500,18.5,0.0,373.6,20.5,72.0,198.6,20.5,-72.0,198.6,14.7,0.0,162.4,12.5,0.0,0.0,go_forward_one_small_step,500,500,520,516,500,500,500,500,500,526,580,460,500,500,500,500,18.5,0.0,373.6,20.5,72.0,198.6,20.5,-72.0,198.6,14.7,0.0,162.4,,,,,,,,,,,,,,,,,,,,,,,,,,,,,,,,,,,,,,,,,,,,,,,,,,,,,,,,,,
loco_forward_step,happy/高兴/neutral/中性,play/玩耍,mid,1,go_forward_one_step,go_forward_one_step,500,500,520,516,500,500,500,500,500,526,580,460,500,500,500,500,28.5,0.0,373.6,30.5,72.0,198.6,30.5,-72.0,198.6,24.7,0.0,162.4,22.5,0.0,0.0,go_forward_one_step,500,500,520,516,500,500,500,500,500,526,580,460,500,500,500,500,28.5,0.0,373.6,30.5,72.0,198.6,30.5,-72.0,198.6,24.7,0.0,162.4,,,,,,,,,,,,,,,,,,,,,,,,,,,,,,,,,,,,,,,,,,,,,,,,,,,,,,,,,,
loco_back,happy/高兴/neutral/中性/surprised/惊讶,play/玩耍,mid,1,back_one_step,back_one_step,500,500,520,516,500,500,500,500,500,526,580,460,500,500,500,500,-16.5,0.0,373.6,-14.5,72.0,198.6,-14.5,-72.0,198.6,-20.3,0.0,162.4,-22.5,0.0,0.0,back_one_step,500,500,520,516,500,500,500,500,500,526,580,460,500,500,500,500,-16.5,0.0,373.6,-14.5,72.0,198.6,-14.5,-72.0,198.6,-20.3,0.0,162.4,,,,,,,,,,,,,,,,,,,,,,,,,,,,,,,,,,,,,,,,,,,,,,,,,,,,,,,,,,
loco_turn_l,happy/高兴/neutral/中性,play/玩耍,mid,1,turn_left_small_step,turn_left_small_step,500,500,513,511,500,500,500,500,500,518,555,472,500,500,500,500,5.9,0.8,373.8,-1.5,72.4,198.8,17.3,-70.3,198.8,3.3,0.4,162.0,0.0,0.0,7.5,turn_left_small_step,500,500,513,511,500,500,500,500,500,518,555,472,500,500,500,500,5.9,0.8,373.8,-1.5,72.4,198.8,17.3,-70.3,198.8,3.3,0.4,162.0,,,,,,,,,,,,,,,,,,,,,,,,,,,,,,,,,,,,,,,,,,,,,,,,,,,,,,,,,,
loco_turn_r,happy/高兴/neutral/中性,play/玩耍,mid,1,turn_right_small_step,turn_right_small_step,500,500,513,511,500,500,500,500,500,518,555,472,500,500,500,500,5.9,-0.8,373.8,17.3,70.3,198.8,-1.5,-72.4,198.8,3.3,-0.4,162.0,0.0,0.0,-7.5,turn_right_small_step,500,500,513,511,500,500,500,500,500,518,555,472,500,500,500,500,5.9,-0.8,373.8,17.3,70.3,198.8,-1.5,-72.4,198.8,3.3,-0.4,162.0,,,,,,,,,,,,,,,,,,,,,,,,,,,,,,,,,,,,,,,,,,,,,,,,,,,,,,,,,,
stop_stand,neutral/中性/happy/高兴/unhappy/不高兴/surprised/惊讶,stop/停止,low,1,stand,stand,500,500,500,500,500,500,500,500,500,500,500,500,500,500,500,500,6.0,0.0,373.0,8.0,72.0,198.0,8.0,-72.0,198.0,5.9,0.0,160.6,0.0,0.0,0.0,stand,500,500,500,500,500,500,500,500,500,500,500,500,500,500,500,500,6.0,0.0,373.0,8.0,72.0,198.0,8.0,-72.0,198.0,5.9,0.0,160.6,,,,,,,,,,,,,,,,,,,,,,,,,,,,,,,,,,,,,,,,,,,,,,,,,,,,,,,,,,
greetX_wave_twist,happy/高兴/neutral/中性,greeting/打招呼,mid,2,wave > twist,wave,500,500,500,500,500,820,740,220,500,500,500,500,500,500,500,500,6.0,0.0,373.0,8.0,72.0,198.0,62.7,29.3,332.0,7.5,3.0,164.6,0.0,0.0,0.0,wave,500,500,500,500,500,820,740,220,500,500,500,500,500,500,500,500,6.0,0.0,373.0,8.0,72.0,198.0,62.7,29.3,332.0,7.5,3.0,164.6,twist,530,500,500,500,420,560,500,500,470,500,500,500,580,440,500,500,6.0,0.0,363.6,37.8,72.0,192.3,37.8,-72.0,192.3,7.7,-21.7,154.9,,,,,,,,,,,,,,,,,,,,,,,,,,,,,
greetX_twist_wave,happy/高兴/neutral/中性,greeting/打招呼,mid,2,twist > wave,wave,500,500,500,500,500,820,740,220,500,500,500,500,500,500,500,500,6.0,0.0,373.0,8.0,72.0,198.0,62.7,29.3,332.0,7.5,3.0,164.6,0.0,0.0,0.0,twist,530,500,500,500,420,560,500,500,470,500,500,500,580,440,500,500,6.0,0.0,363.6,37.8,72.0,192.3,37.8,-72.0,192.3,7.7,-21.7,154.9,wave,500,500,500,500,500,820,740,220,500,500,500,500,500,500,500,500,6.0,0.0,373.0,8.0,72.0,198.0,62.7,29.3,332.0,7.5,3.0,164.6,,,,,,,,,,,,,,,,,,,,,,,,,,,,,
greetX_stepping_wave,happy/高兴/neutral/中性,greeting/打招呼,mid,2,stepping > wave,wave,500,500,500,500,500,820,740,220,500,500,500,500,500,500,500,500,6.0,0.0,373.0,8.0,72.0,198.0,62.7,29.3,332.0,7.5,3.0,164.6,0.0,0.0,0.0,stepping,500,500,522,518,500,500,500,500,500,530,590,455,500,500,500,500,14.0,0.0,373.5,16.0,72.0,198.5,16.0,-72.0,198.5,9.7,0.0,162.5,wave,500,500,500,500,500,820,740,220,500,500,500,500,500,500,500,500,6.0,0.0,373.0,8.0,72.0,198.0,62.7,29.3,332.0,7.5,3.0,164.6,,,,,,,,,,,,,,,,,,,,,,,,,,,,,
greetX_wave_left_move,happy/高兴/neutral/中性,greeting/打招呼,mid,2,wave > left_move,wave,500,500,500,500,500,820,740,220,500,500,500,500,500,500,500,500,6.0,0.0,373.0,8.0,72.0,198.0,62.7,29.3,332.0,7.5,3.0,164.6,0.0,0.0,0.0,wave,500,500,500,500,500,820,740,220,500,500,500,500,500,500,500,500,6.0,0.0,373.0,8.0,72.0,198.0,62.7,29.3,332.0,7.5,3.0,164.6,left_move,518,500,500,500,472,500,500,500,481,500,500,500,527,500,500,500,6.0,7.5,372.0,8.0,79.5,197.0,8.0,-64.5,197.0,5.9,0.4,160.0,,,,,,,,,,,,,,,,,,,,,,,,,,,,,
greetX_left_move_wave,happy/高兴/neutral/中性,greeting/打招呼,mid,2,left_move > wave,wave,500,500,500,500,500,820,740,220,500,500,500,500,500,500,500,500,6.0,0.0,373.0,8.0,72.0,198.0,62.7,29.3,332.0,7.5,3.0,164.6,0.0,0.0,0.0,left_move,518,500,500,500,472,500,500,500,481,500,500,500,527,500,500,500,6.0,7.5,372.0,8.0,79.5,197.0,8.0,-64.5,197.0,5.9,0.4,160.0,wave,500,500,500,500,500,820,740,220,500,500,500,500,500,500,500,500,6.0,0.0,373.0,8.0,72.0,198.0,62.7,29.3,332.0,7.5,3.0,164.6,,,,,,,,,,,,,,,,,,,,,,,,,,,,,
greetX_wave_right_move,happy/高兴/neutral/中性,greeting/打招呼,mid,2,wave > right_move,wave,500,500,500,500,500,820,740,220,500,500,500,500,500,500,500,500,6.0,0.0,373.0,8.0,72.0,198.0,62.7,29.3,332.0,7.5,3.0,164.6,0.0,0.0,0.0,wave,500,500,500,500,500,820,740,220,500,500,500,500,500,500,500,500,6.0,0.0,373.0,8.0,72.0,198.0,62.7,29.3,332.0,7.5,3.0,164.6,right_move,481,500,500,500,527,500,500,500,518,500,500,500,472,500,500,500,6.0,-7.5,372.0,8.0,64.5,197.0,8.0,-79.5,197.0,5.9,-0.4,160.0,,,,,,,,,,,,,,,,,,,,,,,,,,,,,
greetX_right_move_wave,happy/高兴/neutral/中性,greeting/打招呼,mid,2,right_move > wave,wave,500,500,500,500,500,820,740,220,500,500,500,500,500,500,500,500,6.0,0.0,373.0,8.0,72.0,198.0,62.7,29.3,332.0,7.5,3.0,164.6,0.0,0.0,0.0,right_move,481,500,500,500,527,500,500,500,518,500,500,500,472,500,500,500,6.0,-7.5,372.0,8.0,64.5,197.0,8.0,-79.5,197.0,5.9,-0.4,160.0,wave,500,500,500,500,500,820,740,220,500,500,500,500,500,500,500,500,6.0,0.0,373.0,8.0,72.0,198.0,62.7,29.3,332.0,7.5,3.0,164.6,,,,,,,,,,,,,,,,,,,,,,,,,,,,,
greetX_wave_left_move_10,happy/高兴/neutral/中性,greeting/打招呼,mid,2,wave > left_move_10,wave,500,500,500,500,500,820,740,220,500,500,500,500,500,500,500,500,6.0,0.0,373.0,8.0,72.0,198.0,62.7,29.3,332.0,7.5,3.0,164.6,0.0,0.0,0.0,wave,500,500,500,500,500,820,740,220,500,500,500,500,500,500,500,500,6.0,0.0,373.0,8.0,72.0,198.0,62.7,29.3,332.0,7.5,3.0,164.6,left_move_10,518,500,500,500,472,500,500,500,481,500,500,500,527,500,500,500,6.0,5.0,372.0,8.0,77.0,197.0,8.0,-67.0,197.0,5.9,-2.1,160.0,,,,,,,,,,,,,,,,,,,,,,,,,,,,,
greetX_right_move_10_wave,happy/高兴/neutral/中性,greeting/打招呼,mid,2,right_move_10 > wave,wave,500,500,500,500,500,820,740,220,500,500,500,500,500,500,500,500,6.0,0.0,373.0,8.0,72.0,198.0,62.7,29.3,332.0,7.5,3.0,164.6,0.0,0.0,0.0,right_move_10,481,500,500,500,527,500,500,500,518,500,500,500,472,500,500,500,6.0,-5.0,372.0,8.0,67.0,197.0,8.0,-77.0,197.0,5.9,2.1,160.0,wave,500,500,500,500,500,820,740,220,500,500,500,500,500,500,500,500,6.0,0.0,373.0,8.0,72.0,198.0,62.7,29.3,332.0,7.5,3.0,164.6,,,,,,,,,,,,,,,,,,,,,,,,,,,,,
greetX_wave_left_move_20,happy/高兴/neutral/中性,greeting/打招呼,mid,2,wave > left_move_20,wave,500,500,500,500,500,820,740,220,500,500,500,500,500,500,500,500,6.0,0.0,373.0,8.0,72.0,198.0,62.7,29.3,332.0,7.5,3.0,164.6,0.0,0.0,0.0,wave,500,500,500,500,500,820,740,220,500,500,500,500,500,500,500,500,6.0,0.0,373.0,8.0,72.0,198.0,62.7,29.3,332.0,7.5,3.0,164.6,left_move_20,518,500,500,500,472,500,500,500,481,500,500,500,527,500,500,500,6.0,10.0,372.0,8.0,82.0,197.0,8.0,-62.0,197.0,5.9,2.9,160.0,,,,,,,,,,,,,,,,,,,,,,,,,,,,,
greetX_left_move_20_wave,happy/高兴/neutral/中性,greeting/打招呼,mid,2,left_move_20 > wave,wave,500,500,500,500,500,820,740,220,500,500,500,500,500,500,500,500,6.0,0.0,373.0,8.0,72.0,198.0,62.7,29.3,332.0,7.5,3.0,164.6,0.0,0.0,0.0,left_move_20,518,500,500,500,472,500,500,500,481,500,500,500,527,500,500,500,6.0,10.0,372.0,8.0,82.0,197.0,8.0,-62.0,197.0,5.9,2.9,160.0,wave,500,500,500,500,500,820,740,220,500,500,500,500,500,500,500,500,6.0,0.0,373.0,8.0,72.0,198.0,62.7,29.3,332.0,7.5,3.0,164.6,,,,,,,,,,,,,,,,,,,,,,,,,,,,,
greetX_wave_right_move_20,happy/高兴/neutral/中性,greeting/打招呼,mid,2,wave > right_move_20,wave,500,500,500,500,500,820,740,220,500,500,500,500,500,500,500,500,6.0,0.0,373.0,8.0,72.0,198.0,62.7,29.3,332.0,7.5,3.0,164.6,0.0,0.0,0.0,wave,500,500,500,500,500,820,740,220,500,500,500,500,500,500,500,500,6.0,0.0,373.0,8.0,72.0,198.0,62.7,29.3,332.0,7.5,3.0,164.6,right_move_20,481,500,500,500,527,500,500,500,518,500,500,500,472,500,500,500,6.0,-10.0,372.0,8.0,62.0,197.0,8.0,-82.0,197.0,5.9,-2.9,160.0,,,,,,,,,,,,,,,,,,,,,,,,,,,,,
greetX_right_move_20_wave,happy/高兴/neutral/中性,greeting/打招呼,mid,2,right_move_20 > wave,wave,500,500,500,500,500,820,740,220,500,500,500,500,500,500,500,500,6.0,0.0,373.0,8.0,72.0,198.0,62.7,29.3,332.0,7.5,3.0,164.6,0.0,0.0,0.0,right_move_20,481,500,500,500,527,500,500,500,518,500,500,500,472,500,500,500,6.0,-10.0,372.0,8.0,62.0,197.0,8.0,-82.0,197.0,5.9,-2.9,160.0,wave,500,500,500,500,500,820,740,220,500,500,500,500,500,500,500,500,6.0,0.0,373.0,8.0,72.0,198.0,62.7,29.3,332.0,7.5,3.0,164.6,,,,,,,,,,,,,,,,,,,,,,,,,,,,,
greetX_turn_left_small_step_wave,happy/高兴/neutral/中性,greeting/打招呼,mid,2,turn_left_small_step > wave,wave,500,500,500,500,500,820,740,220,500,500,500,500,500,500,500,500,6.0,0.0,373.0,8.0,72.0,198.0,62.7,29.3,332.0,7.5,3.0,164.6,0.0,0.0,0.0,turn_left_small_step,500,500,513,511,500,500,500,500,500,518,555,472,500,500,500,500,5.9,0.8,373.8,-1.5,72.4,198.8,17.3,-70.3,198.8,3.3,0.4,162.0,wave,500,500,500,500,500,820,740,220,500,500,500,500,500,500,500,500,6.0,0.0,373.0,8.0,72.0,198.0,62.7,29.3,332.0,7.5,3.0,164.6,,,,,,,,,,,,,,,,,,,,,,,,,,,,,
greetX_wave_turn_right_small_step,happy/高兴/neutral/中性,greeting/打招呼,mid,2,wave > turn_right_small_step,wave,500,500,500,500,500,820,740,220,500,500,500,500,500,500,500,500,6.0,0.0,373.0,8.0,72.0,198.0,62.7,29.3,332.0,7.5,3.0,164.6,0.0,0.0,0.0,wave,500,500,500,500,500,820,740,220,500,500,500,500,500,500,500,500,6.0,0.0,373.0,8.0,72.0,198.0,62.7,29.3,332.0,7.5,3.0,164.6,turn_right_small_step,500,500,513,511,500,500,500,500,500,518,555,472,500,500,500,500,5.9,-0.8,373.8,17.3,70.3,198.8,-1.5,-72.4,198.8,3.3,-0.4,162.0,,,,,,,,,,,,,,,,,,,,,,,,,,,,,
greetX_wave_turn_left_small_step_a,happy/高兴/neutral/中性,greeting/打招呼,mid,2,wave > turn_left_small_step_a,wave,500,500,500,500,500,820,740,220,500,500,500,500,500,500,500,500,6.0,0.0,373.0,8.0,72.0,198.0,62.7,29.3,332.0,7.5,3.0,164.6,0.0,0.0,0.0,wave,500,500,500,500,500,820,740,220,500,500,500,500,500,500,500,500,6.0,0.0,373.0,8.0,72.0,198.0,62.7,29.3,332.0,7.5,3.0,164.6,turn_left_small_step_a,500,500,513,511,500,500,500,500,500,518,555,472,500,500,500,500,6.0,0.5,373.8,1.7,72.4,198.8,14.2,-71.0,198.8,3.3,0.3,162.0,,,,,,,,,,,,,,,,,,,,,,,,,,,,,
greetX_turn_left_small_step_a_wave,happy/高兴/neutral/中性,greeting/打招呼,mid,2,turn_left_small_step_a > wave,wave,500,500,500,500,500,820,740,220,500,500,500,500,500,500,500,500,6.0,0.0,373.0,8.0,72.0,198.0,62.7,29.3,332.0,7.5,3.0,164.6,0.0,0.0,0.0,turn_left_small_step_a,500,500,513,511,500,500,500,500,500,518,555,472,500,500,500,500,6.0,0.5,373.8,1.7,72.4,198.8,14.2,-71.0,198.8,3.3,0.3,162.0,wave,500,500,500,500,500,820,740,220,500,500,500,500,500,500,500,500,6.0,0.0,373.0,8.0,72.0,198.0,62.7,29.3,332.0,7.5,3.0,164.6,,,,,,,,,,,,,,,,,,,,,,,,,,,,,
greetX_wave_turn_right_small_step_a,happy/高兴/neutral/中性,greeting/打招呼,mid,2,wave > turn_right_small_step_a,wave,500,500,500,500,500,820,740,220,500,500,500,500,500,500,500,500,6.0,0.0,373.0,8.0,72.0,198.0,62.7,29.3,332.0,7.5,3.0,164.6,0.0,0.0,0.0,wave,500,500,500,500,500,820,740,220,500,500,500,500,500,500,500,500,6.0,0.0,373.0,8.0,72.0,198.0,62.7,29.3,332.0,7.5,3.0,164.6,turn_right_small_step_a,500,500,513,511,500,500,500,500,500,518,555,472,500,500,500,500,6.0,-0.5,373.8,14.2,71.0,198.8,1.7,-72.4,198.8,3.3,-0.3,162.0,,,,,,,,,,,,,,,,,,,,,,,,,,,,,
greetX_turn_right_small_step_a_wave,happy/高兴/neutral/中性,greeting/打招呼,mid,2,turn_right_small_step_a > wave,wave,500,500,500,500,500,820,740,220,500,500,500,500,500,500,500,500,6.0,0.0,373.0,8.0,72.0,198.0,62.7,29.3,332.0,7.5,3.0,164.6,0.0,0.0,0.0,turn_right_small_step_a,500,500,513,511,500,500,500,500,500,518,555,472,500,500,500,500,6.0,-0.5,373.8,14.2,71.0,198.8,1.7,-72.4,198.8,3.3,-0.3,162.0,wave,500,500,500,500,500,820,740,220,500,500,500,500,500,500,500,500,6.0,0.0,373.0,8.0,72.0,198.0,62.7,29.3,332.0,7.5,3.0,164.6,,,,,,,,,,,,,,,,,,,,,,,,,,,,,
greetX_go_forward_one_small_step_wave,happy/高兴/neutral/中性,greeting/打招呼,mid,2,go_forward_one_small_step > wave,wave,500,500,500,500,500,820,740,220,500,500,500,500,500,500,500,500,6.0,0.0,373.0,8.0,72.0,198.0,62.7,29.3,332.0,7.5,3.0,164.6,0.0,0.0,0.0,go_forward_one_small_step,500,500,520,516,500,500,500,500,500,526,580,460,500,500,500,500,18.5,0.0,373.6,20.5,72.0,198.6,20.5,-72.0,198.6,14.7,0.0,162.4,wave,500,500,500,500,500,820,740,220,500,500,500,500,500,500,500,500,6.0,0.0,373.0,8.0,72.0,198.0,62.7,29.3,332.0,7.5,3.0,164.6,,,,,,,,,,,,,,,,,,,,,,,,,,,,,
greetX_wave_stand_slow,happy/高兴/neutral/中性,greeting/打招呼,low,2,wave > stand_slow,wave,500,500,500,500,500,820,740,220,500,500,500,500,500,500,500,500,6.0,0.0,373.0,8.0,72.0,198.0,62.7,29.3,332.0,7.5,3.0,164.6,0.0,0.0,0.0,wave,500,500,500,500,500,820,740,220,500,500,500,500,500,500,500,500,6.0,0.0,373.0,8.0,72.0,198.0,62.7,29.3,332.0,7.5,3.0,164.6,stand_slow,500,500,500,500,500,500,500,500,500,500,500,500,500,500,500,500,6.0,0.0,373.0,8.0,72.0,198.0,8.0,-72.0,198.0,5.9,0.0,160.6,,,,,,,,,,,,,,,,,,,,,,,,,,,,,
greetX_twist_left_hand,happy/高兴/neutral/中性,greeting/打招呼,mid,2,twist > left_hand,left_hand,500,500,500,500,500,500,500,500,500,500,500,500,500,340,380,580,6.0,0.0,373.0,83.2,129.8,246.1,8.0,-72.0,198.0,8.1,1.7,162.1,0.0,0.0,0.0,twist,530,500,500,500,420,560,500,500,470,500,500,500,580,440,500,500,6.0,0.0,363.6,37.8,72.0,192.3,37.8,-72.0,192.3,7.7,-21.7,154.9,left_hand,500,500,500,500,500,500,500,500,500,500,500,500,500,340,380,580,6.0,0.0,373.0,83.2,129.8,246.1,8.0,-72.0,198.0,8.1,1.7,162.1,,,,,,,,,,,,,,,,,,,,,,,,,,,,,
greetX_stepping_left_hand,happy/高兴/neutral/中性,greeting/打招呼,mid,2,stepping > left_hand,left_hand,500,500,500,500,500,500,500,500,500,500,500,500,500,340,380,580,6.0,0.0,373.0,83.2,129.8,246.1,8.0,-72.0,198.0,8.1,1.7,162.1,0.0,0.0,0.0,stepping,500,500,522,518,500,500,500,500,500,530,590,455,500,500,500,500,14.0,0.0,373.5,16.0,72.0,198.5,16.0,-72.0,198.5,9.7,0.0,162.5,left_hand,500,500,500,500,500,500,500,500,500,500,500,500,500,340,380,580,6.0,0.0,373.0,83.2,129.8,246.1,8.0,-72.0,198.0,8.1,1.7,162.1,,,,,,,,,,,,,,,,,,,,,,,,,,,,,
greetX_left_hand_left_move,happy/高兴/neutral/中性,greeting/打招呼,mid,2,left_hand > left_move,left_hand,500,500,500,500,500,500,500,500,500,500,500,500,500,340,380,580,6.0,0.0,373.0,83.2,129.8,246.1,8.0,-72.0,198.0,8.1,1.7,162.1,0.0,0.0,0.0,left_hand,500,500,500,500,500,500,500,500,500,500,500,500,500,340,380,580,6.0,0.0,373.0,83.2,129.8,246.1,8.0,-72.0,198.0,8.1,1.7,162.1,left_move,518,500,500,500,472,500,500,500,481,500,500,500,527,500,500,500,6.0,7.5,372.0,8.0,79.5,197.0,8.0,-64.5,197.0,5.9,0.4,160.0,,,,,,,,,,,,,,,,,,,,,,,,,,,,,
greetX_left_move_left_hand,happy/高兴/neutral/中性,greeting/打招呼,mid,2,left_move > left_hand,left_hand,500,500,500,500,500,500,500,500,500,500,500,500,500,340,380,580,6.0,0.0,373.0,83.2,129.8,246.1,8.0,-72.0,198.0,8.1,1.7,162.1,0.0,0.0,0.0,left_move,518,500,500,500,472,500,500,500,481,500,500,500,527,500,500,500,6.0,7.5,372.0,8.0,79.5,197.0,8.0,-64.5,197.0,5.9,0.4,160.0,left_hand,500,500,500,500,500,500,500,500,500,500,500,500,500,340,380,580,6.0,0.0,373.0,83.2,129.8,246.1,8.0,-72.0,198.0,8.1,1.7,162.1,,,,,,,,,,,,,,,,,,,,,,,,,,,,,
greetX_left_hand_right_move,happy/高兴/neutral/中性,greeting/打招呼,mid,2,left_hand > right_move,left_hand,500,500,500,500,500,500,500,500,500,500,500,500,500,340,380,580,6.0,0.0,373.0,83.2,129.8,246.1,8.0,-72.0,198.0,8.1,1.7,162.1,0.0,0.0,0.0,left_hand,500,500,500,500,500,500,500,500,500,500,500,500,500,340,380,580,6.0,0.0,373.0,83.2,129.8,246.1,8.0,-72.0,198.0,8.1,1.7,162.1,right_move,481,500,500,500,527,500,500,500,518,500,500,500,472,500,500,500,6.0,-7.5,372.0,8.0,64.5,197.0,8.0,-79.5,197.0,5.9,-0.4,160.0,,,,,,,,,,,,,,,,,,,,,,,,,,,,,
greetX_right_move_left_hand,happy/高兴/neutral/中性,greeting/打招呼,mid,2,right_move > left_hand,left_hand,500,500,500,500,500,500,500,500,500,500,500,500,500,340,380,580,6.0,0.0,373.0,83.2,129.8,246.1,8.0,-72.0,198.0,8.1,1.7,162.1,0.0,0.0,0.0,right_move,481,500,500,500,527,500,500,500,518,500,500,500,472,500,500,500,6.0,-7.5,372.0,8.0,64.5,197.0,8.0,-79.5,197.0,5.9,-0.4,160.0,left_hand,500,500,500,500,500,500,500,500,500,500,500,500,500,340,380,580,6.0,0.0,373.0,83.2,129.8,246.1,8.0,-72.0,198.0,8.1,1.7,162.1,,,,,,,,,,,,,,,,,,,,,,,,,,,,,
greetX_left_move_10_left_hand,happy/高兴/neutral/中性,greeting/打招呼,mid,2,left_move_10 > left_hand,left_hand,500,500,500,500,500,500,500,500,500,500,500,500,500,340,380,580,6.0,0.0,373.0,83.2,129.8,246.1,8.0,-72.0,198.0,8.1,1.7,162.1,0.0,0.0,0.0,left_move_10,518,500,500,500,472,500,500,500,481,500,500,500,527,500,500,500,6.0,5.0,372.0,8.0,77.0,197.0,8.0,-67.0,197.0,5.9,-2.1,160.0,left_hand,500,500,500,500,500,500,500,500,500,500,500,500,500,340,380,580,6.0,0.0,373.0,83.2,129.8,246.1,8.0,-72.0,198.0,8.1,1.7,162.1,,,,,,,,,,,,,,,,,,,,,,,,,,,,,
greetX_left_hand_right_move_10,happy/高兴/neutral/中性,greeting/打招呼,mid,2,left_hand > right_move_10,left_hand,500,500,500,500,500,500,500,500,500,500,500,500,500,340,380,580,6.0,0.0,373.0,83.2,129.8,246.1,8.0,-72.0,198.0,8.1,1.7,162.1,0.0,0.0,0.0,left_hand,500,500,500,500,500,500,500,500,500,500,500,500,500,340,380,580,6.0,0.0,373.0,83.2,129.8,246.1,8.0,-72.0,198.0,8.1,1.7,162.1,right_move_10,481,500,500,500,527,500,500,500,518,500,500,500,472,500,500,500,6.0,-5.0,372.0,8.0,67.0,197.0,8.0,-77.0,197.0,5.9,2.1,160.0,,,,,,,,,,,,,,,,,,,,,,,,,,,,,
greetX_right_move_10_left_hand,happy/高兴/neutral/中性,greeting/打招呼,mid,2,right_move_10 > left_hand,left_hand,500,500,500,500,500,500,500,500,500,500,500,500,500,340,380,580,6.0,0.0,373.0,83.2,129.8,246.1,8.0,-72.0,198.0,8.1,1.7,162.1,0.0,0.0,0.0,right_move_10,481,500,500,500,527,500,500,500,518,500,500,500,472,500,500,500,6.0,-5.0,372.0,8.0,67.0,197.0,8.0,-77.0,197.0,5.9,2.1,160.0,left_hand,500,500,500,500,500,500,500,500,500,500,500,500,500,340,380,580,6.0,0.0,373.0,83.2,129.8,246.1,8.0,-72.0,198.0,8.1,1.7,162.1,,,,,,,,,,,,,,,,,,,,,,,,,,,,,
greetX_left_hand_left_move_20,happy/高兴/neutral/中性,greeting/打招呼,mid,2,left_hand > left_move_20,left_hand,500,500,500,500,500,500,500,500,500,500,500,500,500,340,380,580,6.0,0.0,373.0,83.2,129.8,246.1,8.0,-72.0,198.0,8.1,1.7,162.1,0.0,0.0,0.0,left_hand,500,500,500,500,500,500,500,500,500,500,500,500,500,340,380,580,6.0,0.0,373.0,83.2,129.8,246.1,8.0,-72.0,198.0,8.1,1.7,162.1,left_move_20,518,500,500,500,472,500,500,500,481,500,500,500,527,500,500,500,6.0,10.0,372.0,8.0,82.0,197.0,8.0,-62.0,197.0,5.9,2.9,160.0,,,,,,,,,,,,,,,,,,,,,,,,,,,,,
greetX_left_move_20_left_hand,happy/高兴/neutral/中性,greeting/打招呼,mid,2,left_move_20 > left_hand,left_hand,500,500,500,500,500,500,500,500,500,500,500,500,500,340,380,580,6.0,0.0,373.0,83.2,129.8,246.1,8.0,-72.0,198.0,8.1,1.7,162.1,0.0,0.0,0.0,left_move_20,518,500,500,500,472,500,500,500,481,500,500,500,527,500,500,500,6.0,10.0,372.0,8.0,82.0,197.0,8.0,-62.0,197.0,5.9,2.9,160.0,left_hand,500,500,500,500,500,500,500,500,500,500,500,500,500,340,380,580,6.0,0.0,373.0,83.2,129.8,246.1,8.0,-72.0,198.0,8.1,1.7,162.1,,,,,,,,,,,,,,,,,,,,,,,,,,,,,
greetX_left_hand_right_move_20,happy/高兴/neutral/中性,greeting/打招呼,mid,2,left_hand > right_move_20,left_hand,500,500,500,500,500,500,500,500,500,500,500,500,500,340,380,580,6.0,0.0,373.0,83.2,129.8,246.1,8.0,-72.0,198.0,8.1,1.7,162.1,0.0,0.0,0.0,left_hand,500,500,500,500,500,500,500,500,500,500,500,500,500,340,380,580,6.0,0.0,373.0,83.2,129.8,246.1,8.0,-72.0,198.0,8.1,1.7,162.1,right_move_20,481,500,500,500,527,500,500,500,518,500,500,500,472,500,500,500,6.0,-10.0,372.0,8.0,62.0,197.0,8.0,-82.0,197.0,5.9,-2.9,160.0,,,,,,,,,,,,,,,,,,,,,,,,,,,,,
greetX_right_move_20_left_hand,happy/高兴/neutral/中性,greeting/打招呼,mid,2,right_move_20 > left_hand,left_hand,500,500,500,500,500,500,500,500,500,500,500,500,500,340,380,580,6.0,0.0,373.0,83.2,129.8,246.1,8.0,-72.0,198.0,8.1,1.7,162.1,0.0,0.0,0.0,right_move_20,481,500,500,500,527,500,500,500,518,500,500,500,472,500,500,500,6.0,-10.0,372.0,8.0,62.0,197.0,8.0,-82.0,197.0,5.9,-2.9,160.0,left_hand,500,500,500,500,500,500,500,500,500,500,500,500,500,340,380,580,6.0,0.0,373.0,83.2,129.8,246.1,8.0,-72.0,198.0,8.1,1.7,162.1,,,,,,,,,,,,,,,,,,,,,,,,,,,,,
greetX_left_hand_turn_left_small_step,happy/高兴/neutral/中性,greeting/打招呼,mid,2,left_hand > turn_left_small_step,left_hand,500,500,500,500,500,500,500,500,500,500,500,500,500,340,380,580,6.0,0.0,373.0,83.2,129.8,246.1,8.0,-72.0,198.0,8.1,1.7,162.1,0.0,0.0,0.0,left_hand,500,500,500,500,500,500,500,500,500,500,500,500,500,340,380,580,6.0,0.0,373.0,83.2,129.8,246.1,8.0,-72.0,198.0,8.1,1.7,162.1,turn_left_small_step,500,500,513,511,500,500,500,500,500,518,555,472,500,500,500,500,5.9,0.8,373.8,-1.5,72.4,198.8,17.3,-70.3,198.8,3.3,0.4,162.0,,,,,,,,,,,,,,,,,,,,,,,,,,,,,
greetX_left_hand_turn_right_small_step,happy/高兴/neutral/中性,greeting/打招呼,mid,2,left_hand > turn_right_small_step,left_hand,500,500,500,500,500,500,500,500,500,500,500,500,500,340,380,580,6.0,0.0,373.0,83.2,129.8,246.1,8.0,-72.0,198.0,8.1,1.7,162.1,0.0,0.0,0.0,left_hand,500,500,500,500,500,500,500,500,500,500,500,500,500,340,380,580,6.0,0.0,373.0,83.2,129.8,246.1,8.0,-72.0,198.0,8.1,1.7,162.1,turn_right_small_step,500,500,513,511,500,500,500,500,500,518,555,472,500,500,500,500,5.9,-0.8,373.8,17.3,70.3,198.8,-1.5,-72.4,198.8,3.3,-0.4,162.0,,,,,,,,,,,,,,,,,,,,,,,,,,,,,
greetX_turn_right_small_step_left_hand,happy/高兴/neutral/中性,greeting/打招呼,mid,2,turn_right_small_step > left_hand,left_hand,500,500,500,500,500,500,500,500,500,500,500,500,500,340,380,580,6.0,0.0,373.0,83.2,129.8,246.1,8.0,-72.0,198.0,8.1,1.7,162.1,0.0,0.0,0.0,turn_right_small_step,500,500,513,511,500,500,500,500,500,518,555,472,500,500,500,500,5.9,-0.8,373.8,17.3,70.3,198.8,-1.5,-72.4,198.8,3.3,-0.4,162.0,left_hand,500,500,500,500,500,500,500,500,500,500,500,500,500,340,380,580,6.0,0.0,373.0,83.2,129.8,246.1,8.0,-72.0,198.0,8.1,1.7,162.1,,,,,,,,,,,,,,,,,,,,,,,,,,,,,
greetX_left_hand_turn_left_small_step_a,happy/高兴/neutral/中性,greeting/打招呼,mid,2,left_hand > turn_left_small_step_a,left_hand,500,500,500,500,500,500,500,500,500,500,500,500,500,340,380,580,6.0,0.0,373.0,83.2,129.8,246.1,8.0,-72.0,198.0,8.1,1.7,162.1,0.0,0.0,0.0,left_hand,500,500,500,500,500,500,500,500,500,500,500,500,500,340,380,580,6.0,0.0,373.0,83.2,129.8,246.1,8.0,-72.0,198.0,8.1,1.7,162.1,turn_left_small_step_a,500,500,513,511,500,500,500,500,500,518,555,472,500,500,500,500,6.0,0.5,373.8,1.7,72.4,198.8,14.2,-71.0,198.8,3.3,0.3,162.0,,,,,,,,,,,,,,,,,,,,,,,,,,,,,
greetX_turn_left_small_step_a_left_hand,happy/高兴/neutral/中性,greeting/打招呼,mid,2,turn_left_small_step_a > left_hand,left_hand,500,500,500,500,500,500,500,500,500,500,500,500,500,340,380,580,6.0,0.0,373.0,83.2,129.8,246.1,8.0,-72.0,198.0,8.1,1.7,162.1,0.0,0.0,0.0,turn_left_small_step_a,500,500,513,511,500,500,500,500,500,518,555,472,500,500,500,500,6.0,0.5,373.8,1.7,72.4,198.8,14.2,-71.0,198.8,3.3,0.3,162.0,left_hand,500,500,500,500,500,500,500,500,500,500,500,500,500,340,380,580,6.0,0.0,373.0,83.2,129.8,246.1,8.0,-72.0,198.0,8.1,1.7,162.1,,,,,,,,,,,,,,,,,,,,,,,,,,,,,
greetX_left_hand_turn_right_small_step_a,happy/高兴/neutral/中性,greeting/打招呼,mid,2,left_hand > turn_right_small_step_a,left_hand,500,500,500,500,500,500,500,500,500,500,500,500,500,340,380,580,6.0,0.0,373.0,83.2,129.8,246.1,8.0,-72.0,198.0,8.1,1.7,162.1,0.0,0.0,0.0,left_hand,500,500,500,500,500,500,500,500,500,500,500,500,500,340,380,580,6.0,0.0,373.0,83.2,129.8,246.1,8.0,-72.0,198.0,8.1,1.7,162.1,turn_right_small_step_a,500,500,513,511,500,500,500,500,500,518,555,472,500,500,500,500,6.0,-0.5,373.8,14.2,71.0,198.8,1.7,-72.4,198.8,3.3,-0.3,162.0,,,,,,,,,,,,,,,,,,,,,,,,,,,,,
greetX_turn_right_small_step_a_left_hand,happy/高兴/neutral/中性,greeting/打招呼,mid,2,turn_right_small_step_a > left_hand,left_hand,500,500,500,500,500,500,500,500,500,500,500,500,500,340,380,580,6.0,0.0,373.0,83.2,129.8,246.1,8.0,-72.0,198.0,8.1,1.7,162.1,0.0,0.0,0.0,turn_right_small_step_a,500,500,513,511,500,500,500,500,500,518,555,472,500,500,500,500,6.0,-0.5,373.8,14.2,71.0,198.8,1.7,-72.4,198.8,3.3,-0.3,162.0,left_hand,500,500,500,500,500,500,500,500,500,500,500,500,500,340,380,580,6.0,0.0,373.0,83.2,129.8,246.1,8.0,-72.0,198.0,8.1,1.7,162.1,,,,,,,,,,,,,,,,,,,,,,,,,,,,,
greetX_left_hand_go_forward_one_small_step,happy/高兴/neutral/中性,greeting/打招呼,mid,2,left_hand > go_forward_one_small_step,left_hand,500,500,500,500,500,500,500,500,500,500,500,500,500,340,380,580,6.0,0.0,373.0,83.2,129.8,246.1,8.0,-72.0,198.0,8.1,1.7,162.1,0.0,0.0,0.0,left_hand,500,500,500,500,500,500,500,500,500,500,500,500,500,340,380,580,6.0,0.0,373.0,83.2,129.8,246.1,8.0,-72.0,198.0,8.1,1.7,162.1,go_forward_one_small_step,500,500,520,516,500,500,500,500,500,526,580,460,500,500,500,500,18.5,0.0,373.6,20.5,72.0,198.6,20.5,-72.0,198.6,14.7,0.0,162.4,,,,,,,,,,,,,,,,,,,,,,,,,,,,,
greetX_go_forward_one_small_step_left_hand,happy/高兴/neutral/中性,greeting/打招呼,mid,2,go_forward_one_small_step > left_hand,left_hand,500,500,500,500,500,500,500,500,500,500,500,500,500,340,380,580,6.0,0.0,373.0,83.2,129.8,246.1,8.0,-72.0,198.0,8.1,1.7,162.1,0.0,0.0,0.0,go_forward_one_small_step,500,500,520,516,500,500,500,500,500,526,580,460,500,500,500,500,18.5,0.0,373.6,20.5,72.0,198.6,20.5,-72.0,198.6,14.7,0.0,162.4,left_hand,500,500,500,500,500,500,500,500,500,500,500,500,500,340,380,580,6.0,0.0,373.0,83.2,129.8,246.1,8.0,-72.0,198.0,8.1,1.7,162.1,,,,,,,,,,,,,,,,,,,,,,,,,,,,,
greetX_twist_right_hand,happy/高兴/neutral/中性,greeting/打招呼,mid,2,twist > right_hand,right_hand,500,500,500,500,500,660,620,420,500,500,500,500,500,500,500,500,6.0,0.0,373.0,8.0,72.0,198.0,83.2,-14.2,246.1,8.1,1.7,162.1,0.0,0.0,0.0,twist,530,500,500,500,420,560,500,500,470,500,500,500,580,440,500,500,6.0,0.0,363.6,37.8,72.0,192.3,37.8,-72.0,192.3,7.7,-21.7,154.9,right_hand,500,500,500,500,500,660,620,420,500,500,500,500,500,500,500,500,6.0,0.0,373.0,8.0,72.0,198.0,83.2,-14.2,246.1,8.1,1.7,162.1,,,,,,,,,,,,,,,,,,,,,,,,,,,,,
greetX_right_hand_left_move,happy/高兴/neutral/中性,greeting/打招呼,mid,2,right_hand > left_move,right_hand,500,500,500,500,500,660,620,420,500,500,500,500,500,500,500,500,6.0,0.0,373.0,8.0,72.0,198.0,83.2,-14.2,246.1,8.1,1.7,162.1,0.0,0.0,0.0,right_hand,500,500,500,500,500,660,620,420,500,500,500,500,500,500,500,500,6.0,0.0,373.0,8.0,72.0,198.0,83.2,-14.2,246.1,8.1,1.7,162.1,left_move,518,500,500,500,472,500,500,500,481,500,500,500,527,500,500,500,6.0,7.5,372.0,8.0,79.5,197.0,8.0,-64.5,197.0,5.9,0.4,160.0,,,,,,,,,,,,,,,,,,,,,,,,,,,,,
greetX_left_move_right_hand,happy/高兴/neutral/中性,greeting/打招呼,mid,2,left_move > right_hand,right_hand,500,500,500,500,500,660,620,420,500,500,500,500,500,500,500,500,6.0,0.0,373.0,8.0,72.0,198.0,83.2,-14.2,246.1,8.1,1.7,162.1,0.0,0.0,0.0,left_move,518,500,500,500,472,500,500,500,481,500,500,500,527,500,500,500,6.0,7.5,372.0,8.0,79.5,197.0,8.0,-64.5,197.0,5.9,0.4,160.0,right_hand,500,500,500,500,500,660,620,420,500,500,500,500,500,500,500,500,6.0,0.0,373.0,8.0,72.0,198.0,83.2,-14.2,246.1,8.1,1.7,162.1,,,,,,,,,,,,,,,,,,,,,,,,,,,,,
greetX_right_hand_right_move,happy/高兴/neutral/中性,greeting/打招呼,mid,2,right_hand > right_move,right_hand,500,500,500,500,500,660,620,420,500,500,500,500,500,500,500,500,6.0,0.0,373.0,8.0,72.0,198.0,83.2,-14.2,246.1,8.1,1.7,162.1,0.0,0.0,0.0,right_hand,500,500,500,500,500,660,620,420,500,500,500,500,500,500,500,500,6.0,0.0,373.0,8.0,72.0,198.0,83.2,-14.2,246.1,8.1,1.7,162.1,right_move,481,500,500,500,527,500,500,500,518,500,500,500,472,500,500,500,6.0,-7.5,372.0,8.0,64.5,197.0,8.0,-79.5,197.0,5.9,-0.4,160.0,,,,,,,,,,,,,,,,,,,,,,,,,,,,,
greetX_right_move_right_hand,happy/高兴/neutral/中性,greeting/打招呼,mid,2,right_move > right_hand,right_hand,500,500,500,500,500,660,620,420,500,500,500,500,500,500,500,500,6.0,0.0,373.0,8.0,72.0,198.0,83.2,-14.2,246.1,8.1,1.7,162.1,0.0,0.0,0.0,right_move,481,500,500,500,527,500,500,500,518,500,500,500,472,500,500,500,6.0,-7.5,372.0,8.0,64.5,197.0,8.0,-79.5,197.0,5.9,-0.4,160.0,right_hand,500,500,500,500,500,660,620,420,500,500,500,500,500,500,500,500,6.0,0.0,373.0,8.0,72.0,198.0,83.2,-14.2,246.1,8.1,1.7,162.1,,,,,,,,,,,,,,,,,,,,,,,,,,,,,
greetX_right_hand_left_move_10,happy/高兴/neutral/中性,greeting/打招呼,mid,2,right_hand > left_move_10,right_hand,500,500,500,500,500,660,620,420,500,500,500,500,500,500,500,500,6.0,0.0,373.0,8.0,72.0,198.0,83.2,-14.2,246.1,8.1,1.7,162.1,0.0,0.0,0.0,right_hand,500,500,500,500,500,660,620,420,500,500,500,500,500,500,500,500,6.0,0.0,373.0,8.0,72.0,198.0,83.2,-14.2,246.1,8.1,1.7,162.1,left_move_10,518,500,500,500,472,500,500,500,481,500,500,500,527,500,500,500,6.0,5.0,372.0,8.0,77.0,197.0,8.0,-67.0,197.0,5.9,-2.1,160.0,,,,,,,,,,,,,,,,,,,,,,,,,,,,,
greetX_left_move_10_right_hand,happy/高兴/neutral/中性,greeting/打招呼,mid,2,left_move_10 > right_hand,right_hand,500,500,500,500,500,660,620,420,500,500,500,500,500,500,500,500,6.0,0.0,373.0,8.0,72.0,198.0,83.2,-14.2,246.1,8.1,1.7,162.1,0.0,0.0,0.0,left_move_10,518,500,500,500,472,500,500,500,481,500,500,500,527,500,500,500,6.0,5.0,372.0,8.0,77.0,197.0,8.0,-67.0,197.0,5.9,-2.1,160.0,right_hand,500,500,500,500,500,660,620,420,500,500,500,500,500,500,500,500,6.0,0.0,373.0,8.0,72.0,198.0,83.2,-14.2,246.1,8.1,1.7,162.1,,,,,,,,,,,,,,,,,,,,,,,,,,,,,
greetX_right_hand_right_move_10,happy/高兴/neutral/中性,greeting/打招呼,mid,2,right_hand > right_move_10,right_hand,500,500,500,500,500,660,620,420,500,500,500,500,500,500,500,500,6.0,0.0,373.0,8.0,72.0,198.0,83.2,-14.2,246.1,8.1,1.7,162.1,0.0,0.0,0.0,right_hand,500,500,500,500,500,660,620,420,500,500,500,500,500,500,500,500,6.0,0.0,373.0,8.0,72.0,198.0,83.2,-14.2,246.1,8.1,1.7,162.1,right_move_10,481,500,500,500,527,500,500,500,518,500,500,500,472,500,500,500,6.0,-5.0,372.0,8.0,67.0,197.0,8.0,-77.0,197.0,5.9,2.1,160.0,,,,,,,,,,,,,,,,,,,,,,,,,,,,,
greetX_right_move_10_right_hand,happy/高兴/neutral/中性,greeting/打招呼,mid,2,right_move_10 > right_hand,right_hand,500,500,500,500,500,660,620,420,500,500,500,500,500,500,500,500,6.0,0.0,373.0,8.0,72.0,198.0,83.2,-14.2,246.1,8.1,1.7,162.1,0.0,0.0,0.0,right_move_10,481,500,500,500,527,500,500,500,518,500,500,500,472,500,500,500,6.0,-5.0,372.0,8.0,67.0,197.0,8.0,-77.0,197.0,5.9,2.1,160.0,right_hand,500,500,500,500,500,660,620,420,500,500,500,500,500,500,500,500,6.0,0.0,373.0,8.0,72.0,198.0,83.2,-14.2,246.1,8.1,1.7,162.1,,,,,,,,,,,,,,,,,,,,,,,,,,,,,
greetX_right_hand_left_move_20,happy/高兴/neutral/中性,greeting/打招呼,mid,2,right_hand > left_move_20,right_hand,500,500,500,500,500,660,620,420,500,500,500,500,500,500,500,500,6.0,0.0,373.0,8.0,72.0,198.0,83.2,-14.2,246.1,8.1,1.7,162.1,0.0,0.0,0.0,right_hand,500,500,500,500,500,660,620,420,500,500,500,500,500,500,500,500,6.0,0.0,373.0,8.0,72.0,198.0,83.2,-14.2,246.1,8.1,1.7,162.1,left_move_20,518,500,500,500,472,500,500,500,481,500,500,500,527,500,500,500,6.0,10.0,372.0,8.0,82.0,197.0,8.0,-62.0,197.0,5.9,2.9,160.0,,,,,,,,,,,,,,,,,,,,,,,,,,,,,
greetX_left_move_20_right_hand,happy/高兴/neutral/中性,greeting/打招呼,mid,2,left_move_20 > right_hand,right_hand,500,500,500,500,500,660,620,420,500,500,500,500,500,500,500,500,6.0,0.0,373.0,8.0,72.0,198.0,83.2,-14.2,246.1,8.1,1.7,162.1,0.0,0.0,0.0,left_move_20,518,500,500,500,472,500,500,500,481,500,500,500,527,500,500,500,6.0,10.0,372.0,8.0,82.0,197.0,8.0,-62.0,197.0,5.9,2.9,160.0,right_hand,500,500,500,500,500,660,620,420,500,500,500,500,500,500,500,500,6.0,0.0,373.0,8.0,72.0,198.0,83.2,-14.2,246.1,8.1,1.7,162.1,,,,,,,,,,,,,,,,,,,,,,,,,,,,,
greetX_right_hand_right_move_20,happy/高兴/neutral/中性,greeting/打招呼,mid,2,right_hand > right_move_20,right_hand,500,500,500,500,500,660,620,420,500,500,500,500,500,500,500,500,6.0,0.0,373.0,8.0,72.0,198.0,83.2,-14.2,246.1,8.1,1.7,162.1,0.0,0.0,0.0,right_hand,500,500,500,500,500,660,620,420,500,500,500,500,500,500,500,500,6.0,0.0,373.0,8.0,72.0,198.0,83.2,-14.2,246.1,8.1,1.7,162.1,right_move_20,481,500,500,500,527,500,500,500,518,500,500,500,472,500,500,500,6.0,-10.0,372.0,8.0,62.0,197.0,8.0,-82.0,197.0,5.9,-2.9,160.0,,,,,,,,,,,,,,,,,,,,,,,,,,,,,
greetX_right_move_20_right_hand,happy/高兴/neutral/中性,greeting/打招呼,mid,2,right_move_20 > right_hand,right_hand,500,500,500,500,500,660,620,420,500,500,500,500,500,500,500,500,6.0,0.0,373.0,8.0,72.0,198.0,83.2,-14.2,246.1,8.1,1.7,162.1,0.0,0.0,0.0,right_move_20,481,500,500,500,527,500,500,500,518,500,500,500,472,500,500,500,6.0,-10.0,372.0,8.0,62.0,197.0,8.0,-82.0,197.0,5.9,-2.9,160.0,right_hand,500,500,500,500,500,660,620,420,500,500,500,500,500,500,500,500,6.0,0.0,373.0,8.0,72.0,198.0,83.2,-14.2,246.1,8.1,1.7,162.1,,,,,,,,,,,,,,,,,,,,,,,,,,,,,
greetX_right_hand_turn_left_small_step,happy/高兴/neutral/中性,greeting/打招呼,mid,2,right_hand > turn_left_small_step,right_hand,500,500,500,500,500,660,620,420,500,500,500,500,500,500,500,500,6.0,0.0,373.0,8.0,72.0,198.0,83.2,-14.2,246.1,8.1,1.7,162.1,0.0,0.0,0.0,right_hand,500,500,500,500,500,660,620,420,500,500,500,500,500,500,500,500,6.0,0.0,373.0,8.0,72.0,198.0,83.2,-14.2,246.1,8.1,1.7,162.1,turn_left_small_step,500,500,513,511,500,500,500,500,500,518,555,472,500,500,500,500,5.9,0.8,373.8,-1.5,72.4,198.8,17.3,-70.3,198.8,3.3,0.4,162.0,,,,,,,,,,,,,,,,,,,,,,,,,,,,,
greetX_turn_left_small_step_right_hand,happy/高兴/neutral/中性,greeting/打招呼,mid,2,turn_left_small_step > right_hand,right_hand,500,500,500,500,500,660,620,420,500,500,500,500,500,500,500,500,6.0,0.0,373.0,8.0,72.0,198.0,83.2,-14.2,246.1,8.1,1.7,162.1,0.0,0.0,0.0,turn_left_small_step,500,500,513,511,500,500,500,500,500,518,555,472,500,500,500,500,5.9,0.8,373.8,-1.5,72.4,198.8,17.3,-70.3,198.8,3.3,0.4,162.0,right_hand,500,500,500,500,500,660,620,420,500,500,500,500,500,500,500,500,6.0,0.0,373.0,8.0,72.0,198.0,83.2,-14.2,246.1,8.1,1.7,162.1,,,,,,,,,,,,,,,,,,,,,,,,,,,,,
greetX_right_hand_turn_right_small_step,happy/高兴/neutral/中性,greeting/打招呼,mid,2,right_hand > turn_right_small_step,right_hand,500,500,500,500,500,660,620,420,500,500,500,500,500,500,500,500,6.0,0.0,373.0,8.0,72.0,198.0,83.2,-14.2,246.1,8.1,1.7,162.1,0.0,0.0,0.0,right_hand,500,500,500,500,500,660,620,420,500,500,500,500,500,500,500,500,6.0,0.0,373.0,8.0,72.0,198.0,83.2,-14.2,246.1,8.1,1.7,162.1,turn_right_small_step,500,500,513,511,500,500,500,500,500,518,555,472,500,500,500,500,5.9,-0.8,373.8,17.3,70.3,198.8,-1.5,-72.4,198.8,3.3,-0.4,162.0,,,,,,,,,,,,,,,,,,,,,,,,,,,,,
greetX_turn_right_small_step_right_hand,happy/高兴/neutral/中性,greeting/打招呼,mid,2,turn_right_small_step > right_hand,right_hand,500,500,500,500,500,660,620,420,500,500,500,500,500,500,500,500,6.0,0.0,373.0,8.0,72.0,198.0,83.2,-14.2,246.1,8.1,1.7,162.1,0.0,0.0,0.0,turn_right_small_step,500,500,513,511,500,500,500,500,500,518,555,472,500,500,500,500,5.9,-0.8,373.8,17.3,70.3,198.8,-1.5,-72.4,198.8,3.3,-0.4,162.0,right_hand,500,500,500,500,500,660,620,420,500,500,500,500,500,500,500,500,6.0,0.0,373.0,8.0,72.0,198.0,83.2,-14.2,246.1,8.1,1.7,162.1,,,,,,,,,,,,,,,,,,,,,,,,,,,,,
greetX_right_hand_turn_left_small_step_a,happy/高兴/neutral/中性,greeting/打招呼,mid,2,right_hand > turn_left_small_step_a,right_hand,500,500,500,500,500,660,620,420,500,500,500,500,500,500,500,500,6.0,0.0,373.0,8.0,72.0,198.0,83.2,-14.2,246.1,8.1,1.7,162.1,0.0,0.0,0.0,right_hand,500,500,500,500,500,660,620,420,500,500,500,500,500,500,500,500,6.0,0.0,373.0,8.0,72.0,198.0,83.2,-14.2,246.1,8.1,1.7,162.1,turn_left_small_step_a,500,500,513,511,500,500,500,500,500,518,555,472,500,500,500,500,6.0,0.5,373.8,1.7,72.4,198.8,14.2,-71.0,198.8,3.3,0.3,162.0,,,,,,,,,,,,,,,,,,,,,,,,,,,,,
greetX_turn_left_small_step_a_right_hand,happy/高兴/neutral/中性,greeting/打招呼,mid,2,turn_left_small_step_a > right_hand,right_hand,500,500,500,500,500,660,620,420,500,500,500,500,500,500,500,500,6.0,0.0,373.0,8.0,72.0,198.0,83.2,-14.2,246.1,8.1,1.7,162.1,0.0,0.0,0.0,turn_left_small_step_a,500,500,513,511,500,500,500,500,500,518,555,472,500,500,500,500,6.0,0.5,373.8,1.7,72.4,198.8,14.2,-71.0,198.8,3.3,0.3,162.0,right_hand,500,500,500,500,500,660,620,420,500,500,500,500,500,500,500,500,6.0,0.0,373.0,8.0,72.0,198.0,83.2,-14.2,246.1,8.1,1.7,162.1,,,,,,,,,,,,,,,,,,,,,,,,,,,,,
greetX_right_hand_turn_right_small_step_a,happy/高兴/neutral/中性,greeting/打招呼,mid,2,right_hand > turn_right_small_step_a,right_hand,500,500,500,500,500,660,620,420,500,500,500,500,500,500,500,500,6.0,0.0,373.0,8.0,72.0,198.0,83.2,-14.2,246.1,8.1,1.7,162.1,0.0,0.0,0.0,right_hand,500,500,500,500,500,660,620,420,500,500,500,500,500,500,500,500,6.0,0.0,373.0,8.0,72.0,198.0,83.2,-14.2,246.1,8.1,1.7,162.1,turn_right_small_step_a,500,500,513,511,500,500,500,500,500,518,555,472,500,500,500,500,6.0,-0.5,373.8,14.2,71.0,198.8,1.7,-72.4,198.8,3.3,-0.3,162.0,,,,,,,,,,,,,,,,,,,,,,,,,,,,,
greetX_turn_right_small_step_a_right_hand,happy/高兴/neutral/中性,greeting/打招呼,mid,2,turn_right_small_step_a > right_hand,right_hand,500,500,500,500,500,660,620,420,500,500,500,500,500,500,500,500,6.0,0.0,373.0,8.0,72.0,198.0,83.2,-14.2,246.1,8.1,1.7,162.1,0.0,0.0,0.0,turn_right_small_step_a,500,500,513,511,500,500,500,500,500,518,555,472,500,500,500,500,6.0,-0.5,373.8,14.2,71.0,198.8,1.7,-72.4,198.8,3.3,-0.3,162.0,right_hand,500,500,500,500,500,660,620,420,500,500,500,500,500,500,500,500,6.0,0.0,373.0,8.0,72.0,198.0,83.2,-14.2,246.1,8.1,1.7,162.1,,,,,,,,,,,,,,,,,,,,,,,,,,,,,
greetX_go_forward_one_small_step_right_hand,happy/高兴/neutral/中性,greeting/打招呼,mid,2,go_forward_one_small_step > right_hand,right_hand,500,500,500,500,500,660,620,420,500,500,500,500,500,500,500,500,6.0,0.0,373.0,8.0,72.0,198.0,83.2,-14.2,246.1,8.1,1.7,162.1,0.0,0.0,0.0,go_forward_one_small_step,500,500,520,516,500,500,500,500,500,526,580,460,500,500,500,500,18.5,0.0,373.6,20.5,72.0,198.6,20.5,-72.0,198.6,14.7,0.0,162.4,right_hand,500,500,500,500,500,660,620,420,500,500,500,500,500,500,500,500,6.0,0.0,373.0,8.0,72.0,198.0,83.2,-14.2,246.1,8.1,1.7,162.1,,,,,,,,,,,,,,,,,,,,,,,,,,,,,
greetX_twist_lift_left_hand,happy/高兴/neutral/中性,greeting/打招呼,mid,2,twist > lift_left_hand,lift_left_hand,500,500,500,500,500,500,500,500,500,500,500,500,500,180,260,650,6.0,0.0,373.0,70.0,173.3,319.7,8.0,-72.0,198.0,7.7,3.0,164.3,0.0,0.0,0.0,twist,530,500,500,500,420,560,500,500,470,500,500,500,580,440,500,500,6.0,0.0,363.6,37.8,72.0,192.3,37.8,-72.0,192.3,7.7,-21.7,154.9,lift_left_hand,500,500,500,500,500,500,500,500,500,500,500,500,500,180,260,650,6.0,0.0,373.0,70.0,173.3,319.7,8.0,-72.0,198.0,7.7,3.0,164.3,,,,,,,,,,,,,,,,,,,,,,,,,,,,,
greetX_stepping_lift_left_hand,happy/高兴/neutral/中性,greeting/打招呼,mid,2,stepping > lift_left_hand,lift_left_hand,500,500,500,500,500,500,500,500,500,500,500,500,500,180,260,650,6.0,0.0,373.0,70.0,173.3,319.7,8.0,-72.0,198.0,7.7,3.0,164.3,0.0,0.0,0.0,stepping,500,500,522,518,500,500,500,500,500,530,590,455,500,500,500,500,14.0,0.0,373.5,16.0,72.0,198.5,16.0,-72.0,198.5,9.7,0.0,162.5,lift_left_hand,500,500,500,500,500,500,500,500,500,500,500,500,500,180,260,650,6.0,0.0,373.0,70.0,173.3,319.7,8.0,-72.0,198.0,7.7,3.0,164.3,,,,,,,,,,,,,,,,,,,,,,,,,,,,,
greetX_lift_left_hand_left_move,happy/高兴/neutral/中性,greeting/打招呼,mid,2,lift_left_hand > left_move,lift_left_hand,500,500,500,500,500,500,500,500,500,500,500,500,500,180,260,650,6.0,0.0,373.0,70.0,173.3,319.7,8.0,-72.0,198.0,7.7,3.0,164.3,0.0,0.0,0.0,lift_left_hand,500,500,500,500,500,500,500,500,500,500,500,500,500,180,260,650,6.0,0.0,373.0,70.0,173.3,319.7,8.0,-72.0,198.0,7.7,3.0,164.3,left_move,518,500,500,500,472,500,500,500,481,500,500,500,527,500,500,500,6.0,7.5,372.0,8.0,79.5,197.0,8.0,-64.5,197.0,5.9,0.4,160.0,,,,,,,,,,,,,,,,,,,,,,,,,,,,,
greetX_left_move_lift_left_hand,happy/高兴/neutral/中性,greeting/打招呼,mid,2,left_move > lift_left_hand,lift_left_hand,500,500,500,500,500,500,500,500,500,500,500,500,500,180,260,650,6.0,0.0,373.0,70.0,173.3,319.7,8.0,-72.0,198.0,7.7,3.0,164.3,0.0,0.0,0.0,left_move,518,500,500,500,472,500,500,500,481,500,500,500,527,500,500,500,6.0,7.5,372.0,8.0,79.5,197.0,8.0,-64.5,197.0,5.9,0.4,160.0,lift_left_hand,500,500,500,500,500,500,500,500,500,500,500,500,500,180,260,650,6.0,0.0,373.0,70.0,173.3,319.7,8.0,-72.0,198.0,7.7,3.0,164.3,,,,,,,,,,,,,,,,,,,,,,,,,,,,,
greetX_lift_left_hand_right_move,happy/高兴/neutral/中性,greeting/打招呼,mid,2,lift_left_hand > right_move,lift_left_hand,500,500,500,500,500,500,500,500,500,500,500,500,500,180,260,650,6.0,0.0,373.0,70.0,173.3,319.7,8.0,-72.0,198.0,7.7,3.0,164.3,0.0,0.0,0.0,lift_left_hand,500,500,500,500,500,500,500,500,500,500,500,500,500,180,260,650,6.0,0.0,373.0,70.0,173.3,319.7,8.0,-72.0,198.0,7.7,3.0,164.3,right_move,481,500,500,500,527,500,500,500,518,500,500,500,472,500,500,500,6.0,-7.5,372.0,8.0,64.5,197.0,8.0,-79.5,197.0,5.9,-0.4,160.0,,,,,,,,,,,,,,,,,,,,,,,,,,,,,
greetX_right_move_lift_left_hand,happy/高兴/neutral/中性,greeting/打招呼,mid,2,right_move > lift_left_hand,lift_left_hand,500,500,500,500,500,500,500,500,500,500,500,500,500,180,260,650,6.0,0.0,373.0,70.0,173.3,319.7,8.0,-72.0,198.0,7.7,3.0,164.3,0.0,0.0,0.0,right_move,481,500,500,500,527,500,500,500,518,500,500,500,472,500,500,500,6.0,-7.5,372.0,8.0,64.5,197.0,8.0,-79.5,197.0,5.9,-0.4,160.0,lift_left_hand,500,500,500,500,500,500,500,500,500,500,500,500,500,180,260,650,6.0,0.0,373.0,70.0,173.3,319.7,8.0,-72.0,198.0,7.7,3.0,164.3,,,,,,,,,,,,,,,,,,,,,,,,,,,,,
greetX_lift_left_hand_left_move_10,happy/高兴/neutral/中性,greeting/打招呼,mid,2,lift_left_hand > left_move_10,lift_left_hand,500,500,500,500,500,500,500,500,500,500,500,500,500,180,260,650,6.0,0.0,373.0,70.0,173.3,319.7,8.0,-72.0,198.0,7.7,3.0,164.3,0.0,0.0,0.0,lift_left_hand,500,500,500,500,500,500,500,500,500,500,500,500,500,180,260,650,6.0,0.0,373.0,70.0,173.3,319.7,8.0,-72.0,198.0,7.7,3.0,164.3,left_move_10,518,500,500,500,472,500,500,500,481,500,500,500,527,500,500,500,6.0,5.0,372.0,8.0,77.0,197.0,8.0,-67.0,197.0,5.9,-2.1,160.0,,,,,,,,,,,,,,,,,,,,,,,,,,,,,
greetX_left_move_10_lift_left_hand,happy/高兴/neutral/中性,greeting/打招呼,mid,2,left_move_10 > lift_left_hand,lift_left_hand,500,500,500,500,500,500,500,500,500,500,500,500,500,180,260,650,6.0,0.0,373.0,70.0,173.3,319.7,8.0,-72.0,198.0,7.7,3.0,164.3,0.0,0.0,0.0,left_move_10,518,500,500,500,472,500,500,500,481,500,500,500,527,500,500,500,6.0,5.0,372.0,8.0,77.0,197.0,8.0,-67.0,197.0,5.9,-2.1,160.0,lift_left_hand,500,500,500,500,500,500,500,500,500,500,500,500,500,180,260,650,6.0,0.0,373.0,70.0,173.3,319.7,8.0,-72.0,198.0,7.7,3.0,164.3,,,,,,,,,,,,,,,,,,,,,,,,,,,,,
greetX_right_move_10_lift_left_hand,happy/高兴/neutral/中性,greeting/打招呼,mid,2,right_move_10 > lift_left_hand,lift_left_hand,500,500,500,500,500,500,500,500,500,500,500,500,500,180,260,650,6.0,0.0,373.0,70.0,173.3,319.7,8.0,-72.0,198.0,7.7,3.0,164.3,0.0,0.0,0.0,right_move_10,481,500,500,500,527,500,500,500,518,500,500,500,472,500,500,500,6.0,-5.0,372.0,8.0,67.0,197.0,8.0,-77.0,197.0,5.9,2.1,160.0,lift_left_hand,500,500,500,500,500,500,500,500,500,500,500,500,500,180,260,650,6.0,0.0,373.0,70.0,173.3,319.7,8.0,-72.0,198.0,7.7,3.0,164.3,,,,,,,,,,,,,,,,,,,,,,,,,,,,,
greetX_lift_left_hand_left_move_20,happy/高兴/neutral/中性,greeting/打招呼,mid,2,lift_left_hand > left_move_20,lift_left_hand,500,500,500,500,500,500,500,500,500,500,500,500,500,180,260,650,6.0,0.0,373.0,70.0,173.3,319.7,8.0,-72.0,198.0,7.7,3.0,164.3,0.0,0.0,0.0,lift_left_hand,500,500,500,500,500,500,500,500,500,500,500,500,500,180,260,650,6.0,0.0,373.0,70.0,173.3,319.7,8.0,-72.0,198.0,7.7,3.0,164.3,left_move_20,518,500,500,500,472,500,500,500,481,500,500,500,527,500,500,500,6.0,10.0,372.0,8.0,82.0,197.0,8.0,-62.0,197.0,5.9,2.9,160.0,,,,,,,,,,,,,,,,,,,,,,,,,,,,,
greetX_left_move_20_lift_left_hand,happy/高兴/neutral/中性,greeting/打招呼,mid,2,left_move_20 > lift_left_hand,lift_left_hand,500,500,500,500,500,500,500,500,500,500,500,500,500,180,260,650,6.0,0.0,373.0,70.0,173.3,319.7,8.0,-72.0,198.0,7.7,3.0,164.3,0.0,0.0,0.0,left_move_20,518,500,500,500,472,500,500,500,481,500,500,500,527,500,500,500,6.0,10.0,372.0,8.0,82.0,197.0,8.0,-62.0,197.0,5.9,2.9,160.0,lift_left_hand,500,500,500,500,500,500,500,500,500,500,500,500,500,180,260,650,6.0,0.0,373.0,70.0,173.3,319.7,8.0,-72.0,198.0,7.7,3.0,164.3,,,,,,,,,,,,,,,,,,,,,,,,,,,,,
greetX_lift_left_hand_right_move_20,happy/高兴/neutral/中性,greeting/打招呼,mid,2,lift_left_hand > right_move_20,lift_left_hand,500,500,500,500,500,500,500,500,500,500,500,500,500,180,260,650,6.0,0.0,373.0,70.0,173.3,319.7,8.0,-72.0,198.0,7.7,3.0,164.3,0.0,0.0,0.0,lift_left_hand,500,500,500,500,500,500,500,500,500,500,500,500,500,180,260,650,6.0,0.0,373.0,70.0,173.3,319.7,8.0,-72.0,198.0,7.7,3.0,164.3,right_move_20,481,500,500,500,527,500,500,500,518,500,500,500,472,500,500,500,6.0,-10.0,372.0,8.0,62.0,197.0,8.0,-82.0,197.0,5.9,-2.9,160.0,,,,,,,,,,,,,,,,,,,,,,,,,,,,,
greetX_right_move_20_lift_left_hand,happy/高兴/neutral/中性,greeting/打招呼,mid,2,right_move_20 > lift_left_hand,lift_left_hand,500,500,500,500,500,500,500,500,500,500,500,500,500,180,260,650,6.0,0.0,373.0,70.0,173.3,319.7,8.0,-72.0,198.0,7.7,3.0,164.3,0.0,0.0,0.0,right_move_20,481,500,500,500,527,500,500,500,518,500,500,500,472,500,500,500,6.0,-10.0,372.0,8.0,62.0,197.0,8.0,-82.0,197.0,5.9,-2.9,160.0,lift_left_hand,500,500,500,500,500,500,500,500,500,500,500,500,500,180,260,650,6.0,0.0,373.0,70.0,173.3,319.7,8.0,-72.0,198.0,7.7,3.0,164.3,,,,,,,,,,,,,,,,,,,,,,,,,,,,,
greetX_lift_left_hand_turn_left_small_step,happy/高兴/neutral/中性,greeting/打招呼,mid,2,lift_left_hand > turn_left_small_step,lift_left_hand,500,500,500,500,500,500,500,500,500,500,500,500,500,180,260,650,6.0,0.0,373.0,70.0,173.3,319.7,8.0,-72.0,198.0,7.7,3.0,164.3,0.0,0.0,0.0,lift_left_hand,500,500,500,500,500,500,500,500,500,500,500,500,500,180,260,650,6.0,0.0,373.0,70.0,173.3,319.7,8.0,-72.0,198.0,7.7,3.0,164.3,turn_left_small_step,500,500,513,511,500,500,500,500,500,518,555,472,500,500,500,500,5.9,0.8,373.8,-1.5,72.4,198.8,17.3,-70.3,198.8,3.3,0.4,162.0,,,,,,,,,,,,,,,,,,,,,,,,,,,,,
greetX_turn_left_small_step_lift_left_hand,happy/高兴/neutral/中性,greeting/打招呼,mid,2,turn_left_small_step > lift_left_hand,lift_left_hand,500,500,500,500,500,500,500,500,500,500,500,500,500,180,260,650,6.0,0.0,373.0,70.0,173.3,319.7,8.0,-72.0,198.0,7.7,3.0,164.3,0.0,0.0,0.0,turn_left_small_step,500,500,513,511,500,500,500,500,500,518,555,472,500,500,500,500,5.9,0.8,373.8,-1.5,72.4,198.8,17.3,-70.3,198.8,3.3,0.4,162.0,lift_left_hand,500,500,500,500,500,500,500,500,500,500,500,500,500,180,260,650,6.0,0.0,373.0,70.0,173.3,319.7,8.0,-72.0,198.0,7.7,3.0,164.3,,,,,,,,,,,,,,,,,,,,,,,,,,,,,
greetX_lift_left_hand_turn_right_small_step,happy/高兴/neutral/中性,greeting/打招呼,mid,2,lift_left_hand > turn_right_small_step,lift_left_hand,500,500,500,500,500,500,500,500,500,500,500,500,500,180,260,650,6.0,0.0,373.0,70.0,173.3,319.7,8.0,-72.0,198.0,7.7,3.0,164.3,0.0,0.0,0.0,lift_left_hand,500,500,500,500,500,500,500,500,500,500,500,500,500,180,260,650,6.0,0.0,373.0,70.0,173.3,319.7,8.0,-72.0,198.0,7.7,3.0,164.3,turn_right_small_step,500,500,513,511,500,500,500,500,500,518,555,472,500,500,500,500,5.9,-0.8,373.8,17.3,70.3,198.8,-1.5,-72.4,198.8,3.3,-0.4,162.0,,,,,,,,,,,,,,,,,,,,,,,,,,,,,
greetX_turn_right_small_step_lift_left_hand,happy/高兴/neutral/中性,greeting/打招呼,mid,2,turn_right_small_step > lift_left_hand,lift_left_hand,500,500,500,500,500,500,500,500,500,500,500,500,500,180,260,650,6.0,0.0,373.0,70.0,173.3,319.7,8.0,-72.0,198.0,7.7,3.0,164.3,0.0,0.0,0.0,turn_right_small_step,500,500,513,511,500,500,500,500,500,518,555,472,500,500,500,500,5.9,-0.8,373.8,17.3,70.3,198.8,-1.5,-72.4,198.8,3.3,-0.4,162.0,lift_left_hand,500,500,500,500,500,500,500,500,500,500,500,500,500,180,260,650,6.0,0.0,373.0,70.0,173.3,319.7,8.0,-72.0,198.0,7.7,3.0,164.3,,,,,,,,,,,,,,,,,,,,,,,,,,,,,
greetX_lift_left_hand_turn_left_small_step_a,happy/高兴/neutral/中性,greeting/打招呼,mid,2,lift_left_hand > turn_left_small_step_a,lift_left_hand,500,500,500,500,500,500,500,500,500,500,500,500,500,180,260,650,6.0,0.0,373.0,70.0,173.3,319.7,8.0,-72.0,198.0,7.7,3.0,164.3,0.0,0.0,0.0,lift_left_hand,500,500,500,500,500,500,500,500,500,500,500,500,500,180,260,650,6.0,0.0,373.0,70.0,173.3,319.7,8.0,-72.0,198.0,7.7,3.0,164.3,turn_left_small_step_a,500,500,513,511,500,500,500,500,500,518,555,472,500,500,500,500,6.0,0.5,373.8,1.7,72.4,198.8,14.2,-71.0,198.8,3.3,0.3,162.0,,,,,,,,,,,,,,,,,,,,,,,,,,,,,
greetX_turn_left_small_step_a_lift_left_hand,happy/高兴/neutral/中性,greeting/打招呼,mid,2,turn_left_small_step_a > lift_left_hand,lift_left_hand,500,500,500,500,500,500,500,500,500,500,500,500,500,180,260,650,6.0,0.0,373.0,70.0,173.3,319.7,8.0,-72.0,198.0,7.7,3.0,164.3,0.0,0.0,0.0,turn_left_small_step_a,500,500,513,511,500,500,500,500,500,518,555,472,500,500,500,500,6.0,0.5,373.8,1.7,72.4,198.8,14.2,-71.0,198.8,3.3,0.3,162.0,lift_left_hand,500,500,500,500,500,500,500,500,500,500,500,500,500,180,260,650,6.0,0.0,373.0,70.0,173.3,319.7,8.0,-72.0,198.0,7.7,3.0,164.3,,,,,,,,,,,,,,,,,,,,,,,,,,,,,
greetX_lift_left_hand_turn_right_small_step_a,happy/高兴/neutral/中性,greeting/打招呼,mid,2,lift_left_hand > turn_right_small_step_a,lift_left_hand,500,500,500,500,500,500,500,500,500,500,500,500,500,180,260,650,6.0,0.0,373.0,70.0,173.3,319.7,8.0,-72.0,198.0,7.7,3.0,164.3,0.0,0.0,0.0,lift_left_hand,500,500,500,500,500,500,500,500,500,500,500,500,500,180,260,650,6.0,0.0,373.0,70.0,173.3,319.7,8.0,-72.0,198.0,7.7,3.0,164.3,turn_right_small_step_a,500,500,513,511,500,500,500,500,500,518,555,472,500,500,500,500,6.0,-0.5,373.8,14.2,71.0,198.8,1.7,-72.4,198.8,3.3,-0.3,162.0,,,,,,,,,,,,,,,,,,,,,,,,,,,,,
greetX_turn_right_small_step_a_lift_left_hand,happy/高兴/neutral/中性,greeting/打招呼,mid,2,turn_right_small_step_a > lift_left_hand,lift_left_hand,500,500,500,500,500,500,500,500,500,500,500,500,500,180,260,650,6.0,0.0,373.0,70.0,173.3,319.7,8.0,-72.0,198.0,7.7,3.0,164.3,0.0,0.0,0.0,turn_right_small_step_a,500,500,513,511,500,500,500,500,500,518,555,472,500,500,500,500,6.0,-0.5,373.8,14.2,71.0,198.8,1.7,-72.4,198.8,3.3,-0.3,162.0,lift_left_hand,500,500,500,500,500,500,500,500,500,500,500,500,500,180,260,650,6.0,0.0,373.0,70.0,173.3,319.7,8.0,-72.0,198.0,7.7,3.0,164.3,,,,,,,,,,,,,,,,,,,,,,,,,,,,,
greetX_lift_left_hand_go_forward_one_small_step,happy/高兴/neutral/中性,greeting/打招呼,mid,2,lift_left_hand > go_forward_one_small_step,lift_left_hand,500,500,500,500,500,500,500,500,500,500,500,500,500,180,260,650,6.0,0.0,373.0,70.0,173.3,319.7,8.0,-72.0,198.0,7.7,3.0,164.3,0.0,0.0,0.0,lift_left_hand,500,500,500,500,500,500,500,500,500,500,500,500,500,180,260,650,6.0,0.0,373.0,70.0,173.3,319.7,8.0,-72.0,198.0,7.7,3.0,164.3,go_forward_one_small_step,500,500,520,516,500,500,500,500,500,526,580,460,500,500,500,500,18.5,0.0,373.6,20.5,72.0,198.6,20.5,-72.0,198.6,14.7,0.0,162.4,,,,,,,,,,,,,,,,,,,,,,,,,,,,,
greetX_go_forward_one_small_step_lift_left_hand,happy/高兴/neutral/中性,greeting/打招呼,mid,2,go_forward_one_small_step > lift_left_hand,lift_left_hand,500,500,500,500,500,500,500,500,500,500,500,500,500,180,260,650,6.0,0.0,373.0,70.0,173.3,319.7,8.0,-72.0,198.0,7.7,3.0,164.3,0.0,0.0,0.0,go_forward_one_small_step,500,500,520,516,500,500,500,500,500,526,580,460,500,500,500,500,18.5,0.0,373.6,20.5,72.0,198.6,20.5,-72.0,198.6,14.7,0.0,162.4,lift_left_hand,500,500,500,500,500,500,500,500,500,500,500,500,500,180,260,650,6.0,0.0,373.0,70.0,173.3,319.7,8.0,-72.0,198.0,7.7,3.0,164.3,,,,,,,,,,,,,,,,,,,,,,,,,,,,,
greetX_lift_left_hand_stand_slow,happy/高兴/neutral/中性,greeting/打招呼,low,2,lift_left_hand > stand_slow,lift_left_hand,500,500,500,500,500,500,500,500,500,500,500,500,500,180,260,650,6.0,0.0,373.0,70.0,173.3,319.7,8.0,-72.0,198.0,7.7,3.0,164.3,0.0,0.0,0.0,lift_left_hand,500,500,500,500,500,500,500,500,500,500,500,500,500,180,260,650,6.0,0.0,373.0,70.0,173.3,319.7,8.0,-72.0,198.0,7.7,3.0,164.3,stand_slow,500,500,500,500,500,500,500,500,500,500,500,500,500,500,500,500,6.0,0.0,373.0,8.0,72.0,198.0,8.0,-72.0,198.0,5.9,0.0,160.6,,,,,,,,,,,,,,,,,,,,,,,,,,,,,
greetX_go_hand_up_twist,happy/高兴/neutral/中性,greeting/打招呼,mid,2,go_hand_up > twist,go_hand_up,500,500,500,500,500,820,740,350,500,500,500,500,500,180,260,650,6.0,0.0,373.0,70.0,173.3,319.7,70.0,29.3,319.7,9.6,6.1,167.9,0.0,0.0,0.0,go_hand_up,500,500,500,500,500,820,740,350,500,500,500,500,500,180,260,650,6.0,0.0,373.0,70.0,173.3,319.7,70.0,29.3,319.7,9.6,6.1,167.9,twist,530,500,500,500,420,560,500,500,470,500,500,500,580,440,500,500,6.0,0.0,363.6,37.8,72.0,192.3,37.8,-72.0,192.3,7.7,-21.7,154.9,,,,,,,,,,,,,,,,,,,,,,,,,,,,,
greetX_twist_go_hand_up,happy/高兴/neutral/中性,greeting/打招呼,mid,2,twist > go_hand_up,go_hand_up,500,500,500,500,500,820,740,350,500,500,500,500,500,180,260,650,6.0,0.0,373.0,70.0,173.3,319.7,70.0,29.3,319.7,9.6,6.1,167.9,0.0,0.0,0.0,twist,530,500,500,500,420,560,500,500,470,500,500,500,580,440,500,500,6.0,0.0,363.6,37.8,72.0,192.3,37.8,-72.0,192.3,7.7,-21.7,154.9,go_hand_up,500,500,500,500,500,820,740,350,500,500,500,500,500,180,260,650,6.0,0.0,373.0,70.0,173.3,319.7,70.0,29.3,319.7,9.6,6.1,167.9,,,,,,,,,,,,,,,,,,,,,,,,,,,,,
greetX_go_hand_up_left_move,happy/高兴/neutral/中性,greeting/打招呼,mid,2,go_hand_up > left_move,go_hand_up,500,500,500,500,500,820,740,350,500,500,500,500,500,180,260,650,6.0,0.0,373.0,70.0,173.3,319.7,70.0,29.3,319.7,9.6,6.1,167.9,0.0,0.0,0.0,go_hand_up,500,500,500,500,500,820,740,350,500,500,500,500,500,180,260,650,6.0,0.0,373.0,70.0,173.3,319.7,70.0,29.3,319.7,9.6,6.1,167.9,left_move,518,500,500,500,472,500,500,500,481,500,500,500,527,500,500,500,6.0,7.5,372.0,8.0,79.5,197.0,8.0,-64.5,197.0,5.9,0.4,160.0,,,,,,,,,,,,,,,,,,,,,,,,,,,,,
greetX_left_move_go_hand_up,happy/高兴/neutral/中性,greeting/打招呼,mid,2,left_move > go_hand_up,go_hand_up,500,500,500,500,500,820,740,350,500,500,500,500,500,180,260,650,6.0,0.0,373.0,70.0,173.3,319.7,70.0,29.3,319.7,9.6,6.1,167.9,0.0,0.0,0.0,left_move,518,500,500,500,472,500,500,500,481,500,500,500,527,500,500,500,6.0,7.5,372.0,8.0,79.5,197.0,8.0,-64.5,197.0,5.9,0.4,160.0,go_hand_up,500,500,500,500,500,820,740,350,500,500,500,500,500,180,260,650,6.0,0.0,373.0,70.0,173.3,319.7,70.0,29.3,319.7,9.6,6.1,167.9,,,,,,,,,,,,,,,,,,,,,,,,,,,,,
greetX_go_hand_up_right_move,happy/高兴/neutral/中性,greeting/打招呼,mid,2,go_hand_up > right_move,go_hand_up,500,500,500,500,500,820,740,350,500,500,500,500,500,180,260,650,6.0,0.0,373.0,70.0,173.3,319.7,70.0,29.3,319.7,9.6,6.1,167.9,0.0,0.0,0.0,go_hand_up,500,500,500,500,500,820,740,350,500,500,500,500,500,180,260,650,6.0,0.0,373.0,70.0,173.3,319.7,70.0,29.3,319.7,9.6,6.1,167.9,right_move,481,500,500,500,527,500,500,500,518,500,500,500,472,500,500,500,6.0,-7.5,372.0,8.0,64.5,197.0,8.0,-79.5,197.0,5.9,-0.4,160.0,,,,,,,,,,,,,,,,,,,,,,,,,,,,,
greetX_right_move_go_hand_up,happy/高兴/neutral/中性,greeting/打招呼,mid,2,right_move > go_hand_up,go_hand_up,500,500,500,500,500,820,740,350,500,500,500,500,500,180,260,650,6.0,0.0,373.0,70.0,173.3,319.7,70.0,29.3,319.7,9.6,6.1,167.9,0.0,0.0,0.0,right_move,481,500,500,500,527,500,500,500,518,500,500,500,472,500,500,500,6.0,-7.5,372.0,8.0,64.5,197.0,8.0,-79.5,197.0,5.9,-0.4,160.0,go_hand_up,500,500,500,500,500,820,740,350,500,500,500,500,500,180,260,650,6.0,0.0,373.0,70.0,173.3,319.7,70.0,29.3,319.7,9.6,6.1,167.9,,,,,,,,,,,,,,,,,,,,,,,,,,,,,
greetX_go_hand_up_left_move_10,happy/高兴/neutral/中性,greeting/打招呼,mid,2,go_hand_up > left_move_10,go_hand_up,500,500,500,500,500,820,740,350,500,500,500,500,500,180,260,650,6.0,0.0,373.0,70.0,173.3,319.7,70.0,29.3,319.7,9.6,6.1,167.9,0.0,0.0,0.0,go_hand_up,500,500,500,500,500,820,740,350,500,500,500,500,500,180,260,650,6.0,0.0,373.0,70.0,173.3,319.7,70.0,29.3,319.7,9.6,6.1,167.9,left_move_10,518,500,500,500,472,500,500,500,481,500,500,500,527,500,500,500,6.0,5.0,372.0,8.0,77.0,197.0,8.0,-67.0,197.0,5.9,-2.1,160.0,,,,,,,,,,,,,,,,,,,,,,,,,,,,,
greetX_left_move_10_go_hand_up,happy/高兴/neutral/中性,greeting/打招呼,mid,2,left_move_10 > go_hand_up,go_hand_up,500,500,500,500,500,820,740,350,500,500,500,500,500,180,260,650,6.0,0.0,373.0,70.0,173.3,319.7,70.0,29.3,319.7,9.6,6.1,167.9,0.0,0.0,0.0,left_move_10,518,500,500,500,472,500,500,500,481,500,500,500,527,500,500,500,6.0,5.0,372.0,8.0,77.0,197.0,8.0,-67.0,197.0,5.9,-2.1,160.0,go_hand_up,500,500,500,500,500,820,740,350,500,500,500,500,500,180,260,650,6.0,0.0,373.0,70.0,173.3,319.7,70.0,29.3,319.7,9.6,6.1,167.9,,,,,,,,,,,,,,,,,,,,,,,,,,,,,
greetX_go_hand_up_right_move_10,happy/高兴/neutral/中性,greeting/打招呼,mid,2,go_hand_up > right_move_10,go_hand_up,500,500,500,500,500,820,740,350,500,500,500,500,500,180,260,650,6.0,0.0,373.0,70.0,173.3,319.7,70.0,29.3,319.7,9.6,6.1,167.9,0.0,0.0,0.0,go_hand_up,500,500,500,500,500,820,740,350,500,500,500,500,500,180,260,650,6.0,0.0,373.0,70.0,173.3,319.7,70.0,29.3,319.7,9.6,6.1,167.9,right_move_10,481,500,500,500,527,500,500,500,518,500,500,500,472,500,500,500,6.0,-5.0,372.0,8.0,67.0,197.0,8.0,-77.0,197.0,5.9,2.1,160.0,,,,,,,,,,,,,,,,,,,,,,,,,,,,,
greetX_right_move_10_go_hand_up,happy/高兴/neutral/中性,greeting/打招呼,mid,2,right_move_10 > go_hand_up,go_hand_up,500,500,500,500,500,820,740,350,500,500,500,500,500,180,260,650,6.0,0.0,373.0,70.0,173.3,319.7,70.0,29.3,319.7,9.6,6.1,167.9,0.0,0.0,0.0,right_move_10,481,500,500,500,527,500,500,500,518,500,500,500,472,500,500,500,6.0,-5.0,372.0,8.0,67.0,197.0,8.0,-77.0,197.0,5.9,2.1,160.0,go_hand_up,500,500,500,500,500,820,740,350,500,500,500,500,500,180,260,650,6.0,0.0,373.0,70.0,173.3,319.7,70.0,29.3,319.7,9.6,6.1,167.9,,,,,,,,,,,,,,,,,,,,,,,,,,,,,
greetX_go_hand_up_left_move_20,happy/高兴/neutral/中性,greeting/打招呼,mid,2,go_hand_up > left_move_20,go_hand_up,500,500,500,500,500,820,740,350,500,500,500,500,500,180,260,650,6.0,0.0,373.0,70.0,173.3,319.7,70.0,29.3,319.7,9.6,6.1,167.9,0.0,0.0,0.0,go_hand_up,500,500,500,500,500,820,740,350,500,500,500,500,500,180,260,650,6.0,0.0,373.0,70.0,173.3,319.7,70.0,29.3,319.7,9.6,6.1,167.9,left_move_20,518,500,500,500,472,500,500,500,481,500,500,500,527,500,500,500,6.0,10.0,372.0,8.0,82.0,197.0,8.0,-62.0,197.0,5.9,2.9,160.0,,,,,,,,,,,,,,,,,,,,,,,,,,,,,
greetX_left_move_20_go_hand_up,happy/高兴/neutral/中性,greeting/打招呼,mid,2,left_move_20 > go_hand_up,go_hand_up,500,500,500,500,500,820,740,350,500,500,500,500,500,180,260,650,6.0,0.0,373.0,70.0,173.3,319.7,70.0,29.3,319.7,9.6,6.1,167.9,0.0,0.0,0.0,left_move_20,518,500,500,500,472,500,500,500,481,500,500,500,527,500,500,500,6.0,10.0,372.0,8.0,82.0,197.0,8.0,-62.0,197.0,5.9,2.9,160.0,go_hand_up,500,500,500,500,500,820,740,350,500,500,500,500,500,180,260,650,6.0,0.0,373.0,70.0,173.3,319.7,70.0,29.3,319.7,9.6,6.1,167.9,,,,,,,,,,,,,,,,,,,,,,,,,,,,,
greetX_go_hand_up_right_move_20,happy/高兴/neutral/中性,greeting/打招呼,mid,2,go_hand_up > right_move_20,go_hand_up,500,500,500,500,500,820,740,350,500,500,500,500,500,180,260,650,6.0,0.0,373.0,70.0,173.3,319.7,70.0,29.3,319.7,9.6,6.1,167.9,0.0,0.0,0.0,go_hand_up,500,500,500,500,500,820,740,350,500,500,500,500,500,180,260,650,6.0,0.0,373.0,70.0,173.3,319.7,70.0,29.3,319.7,9.6,6.1,167.9,right_move_20,481,500,500,500,527,500,500,500,518,500,500,500,472,500,500,500,6.0,-10.0,372.0,8.0,62.0,197.0,8.0,-82.0,197.0,5.9,-2.9,160.0,,,,,,,,,,,,,,,,,,,,,,,,,,,,,
greetX_right_move_20_go_hand_up,happy/高兴/neutral/中性,greeting/打招呼,mid,2,right_move_20 > go_hand_up,go_hand_up,500,500,500,500,500,820,740,350,500,500,500,500,500,180,260,650,6.0,0.0,373.0,70.0,173.3,319.7,70.0,29.3,319.7,9.6,6.1,167.9,0.0,0.0,0.0,right_move_20,481,500,500,500,527,500,500,500,518,500,500,500,472,500,500,500,6.0,-10.0,372.0,8.0,62.0,197.0,8.0,-82.0,197.0,5.9,-2.9,160.0,go_hand_up,500,500,500,500,500,820,740,350,500,500,500,500,500,180,260,650,6.0,0.0,373.0,70.0,173.3,319.7,70.0,29.3,319.7,9.6,6.1,167.9,,,,,,,,,,,,,,,,,,,,,,,,,,,,,
greetX_turn_left_small_step_go_hand_up,happy/高兴/neutral/中性,greeting/打招呼,mid,2,turn_left_small_step > go_hand_up,go_hand_up,500,500,500,500,500,820,740,350,500,500,500,500,500,180,260,650,6.0,0.0,373.0,70.0,173.3,319.7,70.0,29.3,319.7,9.6,6.1,167.9,0.0,0.0,0.0,turn_left_small_step,500,500,513,511,500,500,500,500,500,518,555,472,500,500,500,500,5.9,0.8,373.8,-1.5,72.4,198.8,17.3,-70.3,198.8,3.3,0.4,162.0,go_hand_up,500,500,500,500,500,820,740,350,500,500,500,500,500,180,260,650,6.0,0.0,373.0,70.0,173.3,319.7,70.0,29.3,319.7,9.6,6.1,167.9,,,,,,,,,,,,,,,,,,,,,,,,,,,,,
greetX_turn_right_small_step_go_hand_up,happy/高兴/neutral/中性,greeting/打招呼,mid,2,turn_right_small_step > go_hand_up,go_hand_up,500,500,500,500,500,820,740,350,500,500,500,500,500,180,260,650,6.0,0.0,373.0,70.0,173.3,319.7,70.0,29.3,319.7,9.6,6.1,167.9,0.0,0.0,0.0,turn_right_small_step,500,500,513,511,500,500,500,500,500,518,555,472,500,500,500,500,5.9,-0.8,373.8,17.3,70.3,198.8,-1.5,-72.4,198.8,3.3,-0.4,162.0,go_hand_up,500,500,500,500,500,820,740,350,500,500,500,500,500,180,260,650,6.0,0.0,373.0,70.0,173.3,319.7,70.0,29.3,319.7,9.6,6.1,167.9,,,,,,,,,,,,,,,,,,,,,,,,,,,,,
greetX_go_hand_up_turn_left_small_step_a,happy/高兴/neutral/中性,greeting/打招呼,mid,2,go_hand_up > turn_left_small_step_a,go_hand_up,500,500,500,500,500,820,740,350,500,500,500,500,500,180,260,650,6.0,0.0,373.0,70.0,173.3,319.7,70.0,29.3,319.7,9.6,6.1,167.9,0.0,0.0,0.0,go_hand_up,500,500,500,500,500,820,740,350,500,500,500,500,500,180,260,650,6.0,0.0,373.0,70.0,173.3,319.7,70.0,29.3,319.7,9.6,6.1,167.9,turn_left_small_step_a,500,500,513,511,500,500,500,500,500,518,555,472,500,500,500,500,6.0,0.5,373.8,1.7,72.4,198.8,14.2,-71.0,198.8,3.3,0.3,162.0,,,,,,,,,,,,,,,,,,,,,,,,,,,,,
greetX_turn_left_small_step_a_go_hand_up,happy/高兴/neutral/中性,greeting/打招呼,mid,2,turn_left_small_step_a > go_hand_up,go_hand_up,500,500,500,500,500,820,740,350,500,500,500,500,500,180,260,650,6.0,0.0,373.0,70.0,173.3,319.7,70.0,29.3,319.7,9.6,6.1,167.9,0.0,0.0,0.0,turn_left_small_step_a,500,500,513,511,500,500,500,500,500,518,555,472,500,500,500,500,6.0,0.5,373.8,1.7,72.4,198.8,14.2,-71.0,198.8,3.3,0.3,162.0,go_hand_up,500,500,500,500,500,820,740,350,500,500,500,500,500,180,260,650,6.0,0.0,373.0,70.0,173.3,319.7,70.0,29.3,319.7,9.6,6.1,167.9,,,,,,,,,,,,,,,,,,,,,,,,,,,,,
greetX_go_hand_up_turn_right_small_step_a,happy/高兴/neutral/中性,greeting/打招呼,mid,2,go_hand_up > turn_right_small_step_a,go_hand_up,500,500,500,500,500,820,740,350,500,500,500,500,500,180,260,650,6.0,0.0,373.0,70.0,173.3,319.7,70.0,29.3,319.7,9.6,6.1,167.9,0.0,0.0,0.0,go_hand_up,500,500,500,500,500,820,740,350,500,500,500,500,500,180,260,650,6.0,0.0,373.0,70.0,173.3,319.7,70.0,29.3,319.7,9.6,6.1,167.9,turn_right_small_step_a,500,500,513,511,500,500,500,500,500,518,555,472,500,500,500,500,6.0,-0.5,373.8,14.2,71.0,198.8,1.7,-72.4,198.8,3.3,-0.3,162.0,,,,,,,,,,,,,,,,,,,,,,,,,,,,,
greetX_turn_right_small_step_a_go_hand_up,happy/高兴/neutral/中性,greeting/打招呼,mid,2,turn_right_small_step_a > go_hand_up,go_hand_up,500,500,500,500,500,820,740,350,500,500,500,500,500,180,260,650,6.0,0.0,373.0,70.0,173.3,319.7,70.0,29.3,319.7,9.6,6.1,167.9,0.0,0.0,0.0,turn_right_small_step_a,500,500,513,511,500,500,500,500,500,518,555,472,500,500,500,500,6.0,-0.5,373.8,14.2,71.0,198.8,1.7,-72.4,198.8,3.3,-0.3,162.0,go_hand_up,500,500,500,500,500,820,740,350,500,500,500,500,500,180,260,650,6.0,0.0,373.0,70.0,173.3,319.7,70.0,29.3,319.7,9.6,6.1,167.9,,,,,,,,,,,,,,,,,,,,,,,,,,,,,
greetX_go_hand_up_go_forward_one_small_step,happy/高兴/neutral/中性,greeting/打招呼,mid,2,go_hand_up > go_forward_one_small_step,go_hand_up,500,500,500,500,500,820,740,350,500,500,500,500,500,180,260,650,6.0,0.0,373.0,70.0,173.3,319.7,70.0,29.3,319.7,9.6,6.1,167.9,0.0,0.0,0.0,go_hand_up,500,500,500,500,500,820,740,350,500,500,500,500,500,180,260,650,6.0,0.0,373.0,70.0,173.3,319.7,70.0,29.3,319.7,9.6,6.1,167.9,go_forward_one_small_step,500,500,520,516,500,500,500,500,500,526,580,460,500,500,500,500,18.5,0.0,373.6,20.5,72.0,198.6,20.5,-72.0,198.6,14.7,0.0,162.4,,,,,,,,,,,,,,,,,,,,,,,,,,,,,
greetX_go_forward_one_small_step_go_hand_up,happy/高兴/neutral/中性,greeting/打招呼,mid,2,go_forward_one_small_step > go_hand_up,go_hand_up,500,500,500,500,500,820,740,350,500,500,500,500,500,180,260,650,6.0,0.0,373.0,70.0,173.3,319.7,70.0,29.3,319.7,9.6,6.1,167.9,0.0,0.0,0.0,go_forward_one_small_step,500,500,520,516,500,500,500,500,500,526,580,460,500,500,500,500,18.5,0.0,373.6,20.5,72.0,198.6,20.5,-72.0,198.6,14.7,0.0,162.4,go_hand_up,500,500,500,500,500,820,740,350,500,500,500,500,500,180,260,650,6.0,0.0,373.0,70.0,173.3,319.7,70.0,29.3,319.7,9.6,6.1,167.9,,,,,,,,,,,,,,,,,,,,,,,,,,,,,
greetX_twist_go_hand_up1,happy/高兴/neutral/中性,greeting/打招呼,mid,2,twist > go_hand_up1,go_hand_up1,500,500,500,500,500,820,740,350,500,500,500,500,500,180,260,650,6.0,0.0,373.0,70.0,173.3,319.7,70.0,29.3,319.7,9.6,6.1,167.9,0.0,0.0,0.0,twist,530,500,500,500,420,560,500,500,470,500,500,500,580,440,500,500,6.0,0.0,363.6,37.8,72.0,192.3,37.8,-72.0,192.3,7.7,-21.7,154.9,go_hand_up1,500,500,500,500,500,820,740,350,500,500,500,500,500,180,260,650,6.0,0.0,373.0,70.0,173.3,319.7,70.0,29.3,319.7,9.6,6.1,167.9,,,,,,,,,,,,,,,,,,,,,,,,,,,,,
greetX_go_hand_up1_stepping,happy/高兴/neutral/中性,greeting/打招呼,mid,2,go_hand_up1 > stepping,go_hand_up1,500,500,500,500,500,820,740,350,500,500,500,500,500,180,260,650,6.0,0.0,373.0,70.0,173.3,319.7,70.0,29.3,319.7,9.6,6.1,167.9,0.0,0.0,0.0,go_hand_up1,500,500,500,500,500,820,740,350,500,500,500,500,500,180,260,650,6.0,0.0,373.0,70.0,173.3,319.7,70.0,29.3,319.7,9.6,6.1,167.9,stepping,500,500,522,518,500,500,500,500,500,530,590,455,500,500,500,500,14.0,0.0,373.5,16.0,72.0,198.5,16.0,-72.0,198.5,9.7,0.0,162.5,,,,,,,,,,,,,,,,,,,,,,,,,,,,,
greetX_go_hand_up1_left_move,happy/高兴/neutral/中性,greeting/打招呼,mid,2,go_hand_up1 > left_move,go_hand_up1,500,500,500,500,500,820,740,350,500,500,500,500,500,180,260,650,6.0,0.0,373.0,70.0,173.3,319.7,70.0,29.3,319.7,9.6,6.1,167.9,0.0,0.0,0.0,go_hand_up1,500,500,500,500,500,820,740,350,500,500,500,500,500,180,260,650,6.0,0.0,373.0,70.0,173.3,319.7,70.0,29.3,319.7,9.6,6.1,167.9,left_move,518,500,500,500,472,500,500,500,481,500,500,500,527,500,500,500,6.0,7.5,372.0,8.0,79.5,197.0,8.0,-64.5,197.0,5.9,0.4,160.0,,,,,,,,,,,,,,,,,,,,,,,,,,,,,
greetX_left_move_go_hand_up1,happy/高兴/neutral/中性,greeting/打招呼,mid,2,left_move > go_hand_up1,go_hand_up1,500,500,500,500,500,820,740,350,500,500,500,500,500,180,260,650,6.0,0.0,373.0,70.0,173.3,319.7,70.0,29.3,319.7,9.6,6.1,167.9,0.0,0.0,0.0,left_move,518,500,500,500,472,500,500,500,481,500,500,500,527,500,500,500,6.0,7.5,372.0,8.0,79.5,197.0,8.0,-64.5,197.0,5.9,0.4,160.0,go_hand_up1,500,500,500,500,500,820,740,350,500,500,500,500,500,180,260,650,6.0,0.0,373.0,70.0,173.3,319.7,70.0,29.3,319.7,9.6,6.1,167.9,,,,,,,,,,,,,,,,,,,,,,,,,,,,,
greetX_go_hand_up1_right_move,happy/高兴/neutral/中性,greeting/打招呼,mid,2,go_hand_up1 > right_move,go_hand_up1,500,500,500,500,500,820,740,350,500,500,500,500,500,180,260,650,6.0,0.0,373.0,70.0,173.3,319.7,70.0,29.3,319.7,9.6,6.1,167.9,0.0,0.0,0.0,go_hand_up1,500,500,500,500,500,820,740,350,500,500,500,500,500,180,260,650,6.0,0.0,373.0,70.0,173.3,319.7,70.0,29.3,319.7,9.6,6.1,167.9,right_move,481,500,500,500,527,500,500,500,518,500,500,500,472,500,500,500,6.0,-7.5,372.0,8.0,64.5,197.0,8.0,-79.5,197.0,5.9,-0.4,160.0,,,,,,,,,,,,,,,,,,,,,,,,,,,,,
greetX_right_move_go_hand_up1,happy/高兴/neutral/中性,greeting/打招呼,mid,2,right_move > go_hand_up1,go_hand_up1,500,500,500,500,500,820,740,350,500,500,500,500,500,180,260,650,6.0,0.0,373.0,70.0,173.3,319.7,70.0,29.3,319.7,9.6,6.1,167.9,0.0,0.0,0.0,right_move,481,500,500,500,527,500,500,500,518,500,500,500,472,500,500,500,6.0,-7.5,372.0,8.0,64.5,197.0,8.0,-79.5,197.0,5.9,-0.4,160.0,go_hand_up1,500,500,500,500,500,820,740,350,500,500,500,500,500,180,260,650,6.0,0.0,373.0,70.0,173.3,319.7,70.0,29.3,319.7,9.6,6.1,167.9,,,,,,,,,,,,,,,,,,,,,,,,,,,,,
greetX_left_move_10_go_hand_up1,happy/高兴/neutral/中性,greeting/打招呼,mid,2,left_move_10 > go_hand_up1,go_hand_up1,500,500,500,500,500,820,740,350,500,500,500,500,500,180,260,650,6.0,0.0,373.0,70.0,173.3,319.7,70.0,29.3,319.7,9.6,6.1,167.9,0.0,0.0,0.0,left_move_10,518,500,500,500,472,500,500,500,481,500,500,500,527,500,500,500,6.0,5.0,372.0,8.0,77.0,197.0,8.0,-67.0,197.0,5.9,-2.1,160.0,go_hand_up1,500,500,500,500,500,820,740,350,500,500,500,500,500,180,260,650,6.0,0.0,373.0,70.0,173.3,319.7,70.0,29.3,319.7,9.6,6.1,167.9,,,,,,,,,,,,,,,,,,,,,,,,,,,,,
greetX_go_hand_up1_right_move_10,happy/高兴/neutral/中性,greeting/打招呼,mid,2,go_hand_up1 > right_move_10,go_hand_up1,500,500,500,500,500,820,740,350,500,500,500,500,500,180,260,650,6.0,0.0,373.0,70.0,173.3,319.7,70.0,29.3,319.7,9.6,6.1,167.9,0.0,0.0,0.0,go_hand_up1,500,500,500,500,500,820,740,350,500,500,500,500,500,180,260,650,6.0,0.0,373.0,70.0,173.3,319.7,70.0,29.3,319.7,9.6,6.1,167.9,right_move_10,481,500,500,500,527,500,500,500,518,500,500,500,472,500,500,500,6.0,-5.0,372.0,8.0,67.0,197.0,8.0,-77.0,197.0,5.9,2.1,160.0,,,,,,,,,,,,,,,,,,,,,,,,,,,,,
greetX_right_move_10_go_hand_up1,happy/高兴/neutral/中性,greeting/打招呼,mid,2,right_move_10 > go_hand_up1,go_hand_up1,500,500,500,500,500,820,740,350,500,500,500,500,500,180,260,650,6.0,0.0,373.0,70.0,173.3,319.7,70.0,29.3,319.7,9.6,6.1,167.9,0.0,0.0,0.0,right_move_10,481,500,500,500,527,500,500,500,518,500,500,500,472,500,500,500,6.0,-5.0,372.0,8.0,67.0,197.0,8.0,-77.0,197.0,5.9,2.1,160.0,go_hand_up1,500,500,500,500,500,820,740,350,500,500,500,500,500,180,260,650,6.0,0.0,373.0,70.0,173.3,319.7,70.0,29.3,319.7,9.6,6.1,167.9,,,,,,,,,,,,,,,,,,,,,,,,,,,,,
greetX_go_hand_up1_left_move_20,happy/高兴/neutral/中性,greeting/打招呼,mid,2,go_hand_up1 > left_move_20,go_hand_up1,500,500,500,500,500,820,740,350,500,500,500,500,500,180,260,650,6.0,0.0,373.0,70.0,173.3,319.7,70.0,29.3,319.7,9.6,6.1,167.9,0.0,0.0,0.0,go_hand_up1,500,500,500,500,500,820,740,350,500,500,500,500,500,180,260,650,6.0,0.0,373.0,70.0,173.3,319.7,70.0,29.3,319.7,9.6,6.1,167.9,left_move_20,518,500,500,500,472,500,500,500,481,500,500,500,527,500,500,500,6.0,10.0,372.0,8.0,82.0,197.0,8.0,-62.0,197.0,5.9,2.9,160.0,,,,,,,,,,,,,,,,,,,,,,,,,,,,,
greetX_left_move_20_go_hand_up1,happy/高兴/neutral/中性,greeting/打招呼,mid,2,left_move_20 > go_hand_up1,go_hand_up1,500,500,500,500,500,820,740,350,500,500,500,500,500,180,260,650,6.0,0.0,373.0,70.0,173.3,319.7,70.0,29.3,319.7,9.6,6.1,167.9,0.0,0.0,0.0,left_move_20,518,500,500,500,472,500,500,500,481,500,500,500,527,500,500,500,6.0,10.0,372.0,8.0,82.0,197.0,8.0,-62.0,197.0,5.9,2.9,160.0,go_hand_up1,500,500,500,500,500,820,740,350,500,500,500,500,500,180,260,650,6.0,0.0,373.0,70.0,173.3,319.7,70.0,29.3,319.7,9.6,6.1,167.9,,,,,,,,,,,,,,,,,,,,,,,,,,,,,
greetX_go_hand_up1_right_move_20,happy/高兴/neutral/中性,greeting/打招呼,mid,2,go_hand_up1 > right_move_20,go_hand_up1,500,500,500,500,500,820,740,350,500,500,500,500,500,180,260,650,6.0,0.0,373.0,70.0,173.3,319.7,70.0,29.3,319.7,9.6,6.1,167.9,0.0,0.0,0.0,go_hand_up1,500,500,500,500,500,820,740,350,500,500,500,500,500,180,260,650,6.0,0.0,373.0,70.0,173.3,319.7,70.0,29.3,319.7,9.6,6.1,167.9,right_move_20,481,500,500,500,527,500,500,500,518,500,500,500,472,500,500,500,6.0,-10.0,372.0,8.0,62.0,197.0,8.0,-82.0,197.0,5.9,-2.9,160.0,,,,,,,,,,,,,,,,,,,,,,,,,,,,,
greetX_right_move_20_go_hand_up1,happy/高兴/neutral/中性,greeting/打招呼,mid,2,right_move_20 > go_hand_up1,go_hand_up1,500,500,500,500,500,820,740,350,500,500,500,500,500,180,260,650,6.0,0.0,373.0,70.0,173.3,319.7,70.0,29.3,319.7,9.6,6.1,167.9,0.0,0.0,0.0,right_move_20,481,500,500,500,527,500,500,500,518,500,500,500,472,500,500,500,6.0,-10.0,372.0,8.0,62.0,197.0,8.0,-82.0,197.0,5.9,-2.9,160.0,go_hand_up1,500,500,500,500,500,820,740,350,500,500,500,500,500,180,260,650,6.0,0.0,373.0,70.0,173.3,319.7,70.0,29.3,319.7,9.6,6.1,167.9,,,,,,,,,,,,,,,,,,,,,,,,,,,,,
greetX_go_hand_up1_turn_left_small_step,happy/高兴/neutral/中性,greeting/打招呼,mid,2,go_hand_up1 > turn_left_small_step,go_hand_up1,500,500,500,500,500,820,740,350,500,500,500,500,500,180,260,650,6.0,0.0,373.0,70.0,173.3,319.7,70.0,29.3,319.7,9.6,6.1,167.9,0.0,0.0,0.0,go_hand_up1,500,500,500,500,500,820,740,350,500,500,500,500,500,180,260,650,6.0,0.0,373.0,70.0,173.3,319.7,70.0,29.3,319.7,9.6,6.1,167.9,turn_left_small_step,500,500,513,511,500,500,500,500,500,518,555,472,500,500,500,500,5.9,0.8,373.8,-1.5,72.4,198.8,17.3,-70.3,198.8,3.3,0.4,162.0,,,,,,,,,,,,,,,,,,,,,,,,,,,,,
greetX_turn_left_small_step_go_hand_up1,happy/高兴/neutral/中性,greeting/打招呼,mid,2,turn_left_small_step > go_hand_up1,go_hand_up1,500,500,500,500,500,820,740,350,500,500,500,500,500,180,260,650,6.0,0.0,373.0,70.0,173.3,319.7,70.0,29.3,319.7,9.6,6.1,167.9,0.0,0.0,0.0,turn_left_small_step,500,500,513,511,500,500,500,500,500,518,555,472,500,500,500,500,5.9,0.8,373.8,-1.5,72.4,198.8,17.3,-70.3,198.8,3.3,0.4,162.0,go_hand_up1,500,500,500,500,500,820,740,350,500,500,500,500,500,180,260,650,6.0,0.0,373.0,70.0,173.3,319.7,70.0,29.3,319.7,9.6,6.1,167.9,,,,,,,,,,,,,,,,,,,,,,,,,,,,,
greetX_go_hand_up1_turn_right_small_step,happy/高兴/neutral/中性,greeting/打招呼,mid,2,go_hand_up1 > turn_right_small_step,go_hand_up1,500,500,500,500,500,820,740,350,500,500,500,500,500,180,260,650,6.0,0.0,373.0,70.0,173.3,319.7,70.0,29.3,319.7,9.6,6.1,167.9,0.0,0.0,0.0,go_hand_up1,500,500,500,500,500,820,740,350,500,500,500,500,500,180,260,650,6.0,0.0,373.0,70.0,173.3,319.7,70.0,29.3,319.7,9.6,6.1,167.9,turn_right_small_step,500,500,513,511,500,500,500,500,500,518,555,472,500,500,500,500,5.9,-0.8,373.8,17.3,70.3,198.8,-1.5,-72.4,198.8,3.3,-0.4,162.0,,,,,,,,,,,,,,,,,,,,,,,,,,,,,
greetX_turn_right_small_step_go_hand_up1,happy/高兴/neutral/中性,greeting/打招呼,mid,2,turn_right_small_step > go_hand_up1,go_hand_up1,500,500,500,500,500,820,740,350,500,500,500,500,500,180,260,650,6.0,0.0,373.0,70.0,173.3,319.7,70.0,29.3,319.7,9.6,6.1,167.9,0.0,0.0,0.0,turn_right_small_step,500,500,513,511,500,500,500,500,500,518,555,472,500,500,500,500,5.9,-0.8,373.8,17.3,70.3,198.8,-1.5,-72.4,198.8,3.3,-0.4,162.0,go_hand_up1,500,500,500,500,500,820,740,350,500,500,500,500,500,180,260,650,6.0,0.0,373.0,70.0,173.3,319.7,70.0,29.3,319.7,9.6,6.1,167.9,,,,,,,,,,,,,,,,,,,,,,,,,,,,,
greetX_go_hand_up1_turn_left_small_step_a,happy/高兴/neutral/中性,greeting/打招呼,mid,2,go_hand_up1 > turn_left_small_step_a,go_hand_up1,500,500,500,500,500,820,740,350,500,500,500,500,500,180,260,650,6.0,0.0,373.0,70.0,173.3,319.7,70.0,29.3,319.7,9.6,6.1,167.9,0.0,0.0,0.0,go_hand_up1,500,500,500,500,500,820,740,350,500,500,500,500,500,180,260,650,6.0,0.0,373.0,70.0,173.3,319.7,70.0,29.3,319.7,9.6,6.1,167.9,turn_left_small_step_a,500,500,513,511,500,500,500,500,500,518,555,472,500,500,500,500,6.0,0.5,373.8,1.7,72.4,198.8,14.2,-71.0,198.8,3.3,0.3,162.0,,,,,,,,,,,,,,,,,,,,,,,,,,,,,
greetX_turn_left_small_step_a_go_hand_up1,happy/高兴/neutral/中性,greeting/打招呼,mid,2,turn_left_small_step_a > go_hand_up1,go_hand_up1,500,500,500,500,500,820,740,350,500,500,500,500,500,180,260,650,6.0,0.0,373.0,70.0,173.3,319.7,70.0,29.3,319.7,9.6,6.1,167.9,0.0,0.0,0.0,turn_left_small_step_a,500,500,513,511,500,500,500,500,500,518,555,472,500,500,500,500,6.0,0.5,373.8,1.7,72.4,198.8,14.2,-71.0,198.8,3.3,0.3,162.0,go_hand_up1,500,500,500,500,500,820,740,350,500,500,500,500,500,180,260,650,6.0,0.0,373.0,70.0,173.3,319.7,70.0,29.3,319.7,9.6,6.1,167.9,,,,,,,,,,,,,,,,,,,,,,,,,,,,,
greetX_go_hand_up1_turn_right_small_step_a,happy/高兴/neutral/中性,greeting/打招呼,mid,2,go_hand_up1 > turn_right_small_step_a,go_hand_up1,500,500,500,500,500,820,740,350,500,500,500,500,500,180,260,650,6.0,0.0,373.0,70.0,173.3,319.7,70.0,29.3,319.7,9.6,6.1,167.9,0.0,0.0,0.0,go_hand_up1,500,500,500,500,500,820,740,350,500,500,500,500,500,180,260,650,6.0,0.0,373.0,70.0,173.3,319.7,70.0,29.3,319.7,9.6,6.1,167.9,turn_right_small_step_a,500,500,513,511,500,500,500,500,500,518,555,472,500,500,500,500,6.0,-0.5,373.8,14.2,71.0,198.8,1.7,-72.4,198.8,3.3,-0.3,162.0,,,,,,,,,,,,,,,,,,,,,,,,,,,,,
greetX_turn_right_small_step_a_go_hand_up1,happy/高兴/neutral/中性,greeting/打招呼,mid,2,turn_right_small_step_a > go_hand_up1,go_hand_up1,500,500,500,500,500,820,740,350,500,500,500,500,500,180,260,650,6.0,0.0,373.0,70.0,173.3,319.7,70.0,29.3,319.7,9.6,6.1,167.9,0.0,0.0,0.0,turn_right_small_step_a,500,500,513,511,500,500,500,500,500,518,555,472,500,500,500,500,6.0,-0.5,373.8,14.2,71.0,198.8,1.7,-72.4,198.8,3.3,-0.3,162.0,go_hand_up1,500,500,500,500,500,820,740,350,500,500,500,500,500,180,260,650,6.0,0.0,373.0,70.0,173.3,319.7,70.0,29.3,319.7,9.6,6.1,167.9,,,,,,,,,,,,,,,,,,,,,,,,,,,,,
greetX_go_hand_up1_go_forward_one_small_step,happy/高兴/neutral/中性,greeting/打招呼,mid,2,go_hand_up1 > go_forward_one_small_step,go_hand_up1,500,500,500,500,500,820,740,350,500,500,500,500,500,180,260,650,6.0,0.0,373.0,70.0,173.3,319.7,70.0,29.3,319.7,9.6,6.1,167.9,0.0,0.0,0.0,go_hand_up1,500,500,500,500,500,820,740,350,500,500,500,500,500,180,260,650,6.0,0.0,373.0,70.0,173.3,319.7,70.0,29.3,319.7,9.6,6.1,167.9,go_forward_one_small_step,500,500,520,516,500,500,500,500,500,526,580,460,500,500,500,500,18.5,0.0,373.6,20.5,72.0,198.6,20.5,-72.0,198.6,14.7,0.0,162.4,,,,,,,,,,,,,,,,,,,,,,,,,,,,,
greetX_go_forward_one_small_step_go_hand_up1,happy/高兴/neutral/中性,greeting/打招呼,mid,2,go_forward_one_small_step > go_hand_up1,go_hand_up1,500,500,500,500,500,820,740,350,500,500,500,500,500,180,260,650,6.0,0.0,373.0,70.0,173.3,319.7,70.0,29.3,319.7,9.6,6.1,167.9,0.0,0.0,0.0,go_forward_one_small_step,500,500,520,516,500,500,500,500,500,526,580,460,500,500,500,500,18.5,0.0,373.6,20.5,72.0,198.6,20.5,-72.0,198.6,14.7,0.0,162.4,go_hand_up1,500,500,500,500,500,820,740,350,500,500,500,500,500,180,260,650,6.0,0.0,373.0,70.0,173.3,319.7,70.0,29.3,319.7,9.6,6.1,167.9,,,,,,,,,,,,,,,,,,,,,,,,,,,,,
greet3_wave_left_move_twist,happy/高兴/neutral/中性,greeting/打招呼,mid,3,wave > left_move > twist,wave,500,500,500,500,500,820,740,220,500,500,500,500,500,500,500,500,6.0,0.0,373.0,8.0,72.0,198.0,62.7,29.3,332.0,7.5,3.0,164.6,0.0,0.0,0.0,wave,500,500,500,500,500,820,740,220,500,500,500,500,500,500,500,500,6.0,0.0,373.0,8.0,72.0,198.0,62.7,29.3,332.0,7.5,3.0,164.6,left_move,518,500,500,500,472,500,500,500,481,500,500,500,527,500,500,500,6.0,7.5,372.0,8.0,79.5,197.0,8.0,-64.5,197.0,5.9,0.4,160.0,twist,530,500,500,500,420,560,500,500,470,500,500,500,580,440,500,500,6.0,0.0,363.6,37.8,72.0,192.3,37.8,-72.0,192.3,7.7,-21.7,154.9
greet3_wave_left_move_stepping,happy/高兴/neutral/中性,greeting/打招呼,mid,3,wave > left_move > stepping,wave,500,500,500,500,500,820,740,220,500,500,500,500,500,500,500,500,6.0,0.0,373.0,8.0,72.0,198.0,62.7,29.3,332.0,7.5,3.0,164.6,0.0,0.0,0.0,wave,500,500,500,500,500,820,740,220,500,500,500,500,500,500,500,500,6.0,0.0,373.0,8.0,72.0,198.0,62.7,29.3,332.0,7.5,3.0,164.6,left_move,518,500,500,500,472,500,500,500,481,500,500,500,527,500,500,500,6.0,7.5,372.0,8.0,79.5,197.0,8.0,-64.5,197.0,5.9,0.4,160.0,stepping,500,500,522,518,500,500,500,500,500,530,590,455,500,500,500,500,14.0,0.0,373.5,16.0,72.0,198.5,16.0,-72.0,198.5,9.7,0.0,162.5
greet3_wave_left_move_stand_slow,happy/高兴/neutral/中性,greeting/打招呼,low,3,wave > left_move > stand_slow,wave,500,500,500,500,500,820,740,220,500,500,500,500,500,500,500,500,6.0,0.0,373.0,8.0,72.0,198.0,62.7,29.3,332.0,7.5,3.0,164.6,0.0,0.0,0.0,wave,500,500,500,500,500,820,740,220,500,500,500,500,500,500,500,500,6.0,0.0,373.0,8.0,72.0,198.0,62.7,29.3,332.0,7.5,3.0,164.6,left_move,518,500,500,500,472,500,500,500,481,500,500,500,527,500,500,500,6.0,7.5,372.0,8.0,79.5,197.0,8.0,-64.5,197.0,5.9,0.4,160.0,stand_slow,500,500,500,500,500,500,500,500,500,500,500,500,500,500,500,500,6.0,0.0,373.0,8.0,72.0,198.0,8.0,-72.0,198.0,5.9,0.0,160.6
greet3_wave_right_move_twist,happy/高兴/neutral/中性,greeting/打招呼,mid,3,wave > right_move > twist,wave,500,500,500,500,500,820,740,220,500,500,500,500,500,500,500,500,6.0,0.0,373.0,8.0,72.0,198.0,62.7,29.3,332.0,7.5,3.0,164.6,0.0,0.0,0.0,wave,500,500,500,500,500,820,740,220,500,500,500,500,500,500,500,500,6.0,0.0,373.0,8.0,72.0,198.0,62.7,29.3,332.0,7.5,3.0,164.6,right_move,481,500,500,500,527,500,500,500,518,500,500,500,472,500,500,500,6.0,-7.5,372.0,8.0,64.5,197.0,8.0,-79.5,197.0,5.9,-0.4,160.0,twist,530,500,500,500,420,560,500,500,470,500,500,500,580,440,500,500,6.0,0.0,363.6,37.8,72.0,192.3,37.8,-72.0,192.3,7.7,-21.7,154.9
greet3_wave_right_move_stepping,happy/高兴/neutral/中性,greeting/打招呼,mid,3,wave > right_move > stepping,wave,500,500,500,500,500,820,740,220,500,500,500,500,500,500,500,500,6.0,0.0,373.0,8.0,72.0,198.0,62.7,29.3,332.0,7.5,3.0,164.6,0.0,0.0,0.0,wave,500,500,500,500,500,820,740,220,500,500,500,500,500,500,500,500,6.0,0.0,373.0,8.0,72.0,198.0,62.7,29.3,332.0,7.5,3.0,164.6,right_move,481,500,500,500,527,500,500,500,518,500,500,500,472,500,500,500,6.0,-7.5,372.0,8.0,64.5,197.0,8.0,-79.5,197.0,5.9,-0.4,160.0,stepping,500,500,522,518,500,500,500,500,500,530,590,455,500,500,500,500,14.0,0.0,373.5,16.0,72.0,198.5,16.0,-72.0,198.5,9.7,0.0,162.5
greet3_wave_right_move_stand_slow,happy/高兴/neutral/中性,greeting/打招呼,low,3,wave > right_move > stand_slow,wave,500,500,500,500,500,820,740,220,500,500,500,500,500,500,500,500,6.0,0.0,373.0,8.0,72.0,198.0,62.7,29.3,332.0,7.5,3.0,164.6,0.0,0.0,0.0,wave,500,500,500,500,500,820,740,220,500,500,500,500,500,500,500,500,6.0,0.0,373.0,8.0,72.0,198.0,62.7,29.3,332.0,7.5,3.0,164.6,right_move,481,500,500,500,527,500,500,500,518,500,500,500,472,500,500,500,6.0,-7.5,372.0,8.0,64.5,197.0,8.0,-79.5,197.0,5.9,-0.4,160.0,stand_slow,500,500,500,500,500,500,500,500,500,500,500,500,500,500,500,500,6.0,0.0,373.0,8.0,72.0,198.0,8.0,-72.0,198.0,5.9,0.0,160.6
greet3_wave_left_move_10_twist,happy/高兴/neutral/中性,greeting/打招呼,mid,3,wave > left_move_10 > twist,wave,500,500,500,500,500,820,740,220,500,500,500,500,500,500,500,500,6.0,0.0,373.0,8.0,72.0,198.0,62.7,29.3,332.0,7.5,3.0,164.6,0.0,0.0,0.0,wave,500,500,500,500,500,820,740,220,500,500,500,500,500,500,500,500,6.0,0.0,373.0,8.0,72.0,198.0,62.7,29.3,332.0,7.5,3.0,164.6,left_move_10,518,500,500,500,472,500,500,500,481,500,500,500,527,500,500,500,6.0,5.0,372.0,8.0,77.0,197.0,8.0,-67.0,197.0,5.9,-2.1,160.0,twist,530,500,500,500,420,560,500,500,470,500,500,500,580,440,500,500,6.0,0.0,363.6,37.8,72.0,192.3,37.8,-72.0,192.3,7.7,-21.7,154.9
greet3_wave_left_move_10_stepping,happy/高兴/neutral/中性,greeting/打招呼,mid,3,wave > left_move_10 > stepping,wave,500,500,500,500,500,820,740,220,500,500,500,500,500,500,500,500,6.0,0.0,373.0,8.0,72.0,198.0,62.7,29.3,332.0,7.5,3.0,164.6,0.0,0.0,0.0,wave,500,500,500,500,500,820,740,220,500,500,500,500,500,500,500,500,6.0,0.0,373.0,8.0,72.0,198.0,62.7,29.3,332.0,7.5,3.0,164.6,left_move_10,518,500,500,500,472,500,500,500,481,500,500,500,527,500,500,500,6.0,5.0,372.0,8.0,77.0,197.0,8.0,-67.0,197.0,5.9,-2.1,160.0,stepping,500,500,522,518,500,500,500,500,500,530,590,455,500,500,500,500,14.0,0.0,373.5,16.0,72.0,198.5,16.0,-72.0,198.5,9.7,0.0,162.5
greet3_wave_left_move_10_stand_slow,happy/高兴/neutral/中性,greeting/打招呼,low,3,wave > left_move_10 > stand_slow,wave,500,500,500,500,500,820,740,220,500,500,500,500,500,500,500,500,6.0,0.0,373.0,8.0,72.0,198.0,62.7,29.3,332.0,7.5,3.0,164.6,0.0,0.0,0.0,wave,500,500,500,500,500,820,740,220,500,500,500,500,500,500,500,500,6.0,0.0,373.0,8.0,72.0,198.0,62.7,29.3,332.0,7.5,3.0,164.6,left_move_10,518,500,500,500,472,500,500,500,481,500,500,500,527,500,500,500,6.0,5.0,372.0,8.0,77.0,197.0,8.0,-67.0,197.0,5.9,-2.1,160.0,stand_slow,500,500,500,500,500,500,500,500,500,500,500,500,500,500,500,500,6.0,0.0,373.0,8.0,72.0,198.0,8.0,-72.0,198.0,5.9,0.0,160.6
greet3_wave_right_move_10_twist,happy/高兴/neutral/中性,greeting/打招呼,mid,3,wave > right_move_10 > twist,wave,500,500,500,500,500,820,740,220,500,500,500,500,500,500,500,500,6.0,0.0,373.0,8.0,72.0,198.0,62.7,29.3,332.0,7.5,3.0,164.6,0.0,0.0,0.0,wave,500,500,500,500,500,820,740,220,500,500,500,500,500,500,500,500,6.0,0.0,373.0,8.0,72.0,198.0,62.7,29.3,332.0,7.5,3.0,164.6,right_move_10,481,500,500,500,527,500,500,500,518,500,500,500,472,500,500,500,6.0,-5.0,372.0,8.0,67.0,197.0,8.0,-77.0,197.0,5.9,2.1,160.0,twist,530,500,500,500,420,560,500,500,470,500,500,500,580,440,500,500,6.0,0.0,363.6,37.8,72.0,192.3,37.8,-72.0,192.3,7.7,-21.7,154.9
greet3_wave_right_move_10_stepping,happy/高兴/neutral/中性,greeting/打招呼,mid,3,wave > right_move_10 > stepping,wave,500,500,500,500,500,820,740,220,500,500,500,500,500,500,500,500,6.0,0.0,373.0,8.0,72.0,198.0,62.7,29.3,332.0,7.5,3.0,164.6,0.0,0.0,0.0,wave,500,500,500,500,500,820,740,220,500,500,500,500,500,500,500,500,6.0,0.0,373.0,8.0,72.0,198.0,62.7,29.3,332.0,7.5,3.0,164.6,right_move_10,481,500,500,500,527,500,500,500,518,500,500,500,472,500,500,500,6.0,-5.0,372.0,8.0,67.0,197.0,8.0,-77.0,197.0,5.9,2.1,160.0,stepping,500,500,522,518,500,500,500,500,500,530,590,455,500,500,500,500,14.0,0.0,373.5,16.0,72.0,198.5,16.0,-72.0,198.5,9.7,0.0,162.5
greet3_wave_right_move_10_stand_slow,happy/高兴/neutral/中性,greeting/打招呼,low,3,wave > right_move_10 > stand_slow,wave,500,500,500,500,500,820,740,220,500,500,500,500,500,500,500,500,6.0,0.0,373.0,8.0,72.0,198.0,62.7,29.3,332.0,7.5,3.0,164.6,0.0,0.0,0.0,wave,500,500,500,500,500,820,740,220,500,500,500,500,500,500,500,500,6.0,0.0,373.0,8.0,72.0,198.0,62.7,29.3,332.0,7.5,3.0,164.6,right_move_10,481,500,500,500,527,500,500,500,518,500,500,500,472,500,500,500,6.0,-5.0,372.0,8.0,67.0,197.0,8.0,-77.0,197.0,5.9,2.1,160.0,stand_slow,500,500,500,500,500,500,500,500,500,500,500,500,500,500,500,500,6.0,0.0,373.0,8.0,72.0,198.0,8.0,-72.0,198.0,5.9,0.0,160.6
greet3_wave_left_move_20_twist,happy/高兴/neutral/中性,greeting/打招呼,mid,3,wave > left_move_20 > twist,wave,500,500,500,500,500,820,740,220,500,500,500,500,500,500,500,500,6.0,0.0,373.0,8.0,72.0,198.0,62.7,29.3,332.0,7.5,3.0,164.6,0.0,0.0,0.0,wave,500,500,500,500,500,820,740,220,500,500,500,500,500,500,500,500,6.0,0.0,373.0,8.0,72.0,198.0,62.7,29.3,332.0,7.5,3.0,164.6,left_move_20,518,500,500,500,472,500,500,500,481,500,500,500,527,500,500,500,6.0,10.0,372.0,8.0,82.0,197.0,8.0,-62.0,197.0,5.9,2.9,160.0,twist,530,500,500,500,420,560,500,500,470,500,500,500,580,440,500,500,6.0,0.0,363.6,37.8,72.0,192.3,37.8,-72.0,192.3,7.7,-21.7,154.9
greet3_wave_left_move_20_stepping,happy/高兴/neutral/中性,greeting/打招呼,mid,3,wave > left_move_20 > stepping,wave,500,500,500,500,500,820,740,220,500,500,500,500,500,500,500,500,6.0,0.0,373.0,8.0,72.0,198.0,62.7,29.3,332.0,7.5,3.0,164.6,0.0,0.0,0.0,wave,500,500,500,500,500,820,740,220,500,500,500,500,500,500,500,500,6.0,0.0,373.0,8.0,72.0,198.0,62.7,29.3,332.0,7.5,3.0,164.6,left_move_20,518,500,500,500,472,500,500,500,481,500,500,500,527,500,500,500,6.0,10.0,372.0,8.0,82.0,197.0,8.0,-62.0,197.0,5.9,2.9,160.0,stepping,500,500,522,518,500,500,500,500,500,530,590,455,500,500,500,500,14.0,0.0,373.5,16.0,72.0,198.5,16.0,-72.0,198.5,9.7,0.0,162.5
greet3_wave_left_move_20_stand_slow,happy/高兴/neutral/中性,greeting/打招呼,low,3,wave > left_move_20 > stand_slow,wave,500,500,500,500,500,820,740,220,500,500,500,500,500,500,500,500,6.0,0.0,373.0,8.0,72.0,198.0,62.7,29.3,332.0,7.5,3.0,164.6,0.0,0.0,0.0,wave,500,500,500,500,500,820,740,220,500,500,500,500,500,500,500,500,6.0,0.0,373.0,8.0,72.0,198.0,62.7,29.3,332.0,7.5,3.0,164.6,left_move_20,518,500,500,500,472,500,500,500,481,500,500,500,527,500,500,500,6.0,10.0,372.0,8.0,82.0,197.0,8.0,-62.0,197.0,5.9,2.9,160.0,stand_slow,500,500,500,500,500,500,500,500,500,500,500,500,500,500,500,500,6.0,0.0,373.0,8.0,72.0,198.0,8.0,-72.0,198.0,5.9,0.0,160.6
greet3_wave_right_move_20_twist,happy/高兴/neutral/中性,greeting/打招呼,mid,3,wave > right_move_20 > twist,wave,500,500,500,500,500,820,740,220,500,500,500,500,500,500,500,500,6.0,0.0,373.0,8.0,72.0,198.0,62.7,29.3,332.0,7.5,3.0,164.6,0.0,0.0,0.0,wave,500,500,500,500,500,820,740,220,500,500,500,500,500,500,500,500,6.0,0.0,373.0,8.0,72.0,198.0,62.7,29.3,332.0,7.5,3.0,164.6,right_move_20,481,500,500,500,527,500,500,500,518,500,500,500,472,500,500,500,6.0,-10.0,372.0,8.0,62.0,197.0,8.0,-82.0,197.0,5.9,-2.9,160.0,twist,530,500,500,500,420,560,500,500,470,500,500,500,580,440,500,500,6.0,0.0,363.6,37.8,72.0,192.3,37.8,-72.0,192.3,7.7,-21.7,154.9
greet3_wave_right_move_20_stepping,happy/高兴/neutral/中性,greeting/打招呼,mid,3,wave > right_move_20 > stepping,wave,500,500,500,500,500,820,740,220,500,500,500,500,500,500,500,500,6.0,0.0,373.0,8.0,72.0,198.0,62.7,29.3,332.0,7.5,3.0,164.6,0.0,0.0,0.0,wave,500,500,500,500,500,820,740,220,500,500,500,500,500,500,500,500,6.0,0.0,373.0,8.0,72.0,198.0,62.7,29.3,332.0,7.5,3.0,164.6,right_move_20,481,500,500,500,527,500,500,500,518,500,500,500,472,500,500,500,6.0,-10.0,372.0,8.0,62.0,197.0,8.0,-82.0,197.0,5.9,-2.9,160.0,stepping,500,500,522,518,500,500,500,500,500,530,590,455,500,500,500,500,14.0,0.0,373.5,16.0,72.0,198.5,16.0,-72.0,198.5,9.7,0.0,162.5
greet3_wave_right_move_20_stand_slow,happy/高兴/neutral/中性,greeting/打招呼,low,3,wave > right_move_20 > stand_slow,wave,500,500,500,500,500,820,740,220,500,500,500,500,500,500,500,500,6.0,0.0,373.0,8.0,72.0,198.0,62.7,29.3,332.0,7.5,3.0,164.6,0.0,0.0,0.0,wave,500,500,500,500,500,820,740,220,500,500,500,500,500,500,500,500,6.0,0.0,373.0,8.0,72.0,198.0,62.7,29.3,332.0,7.5,3.0,164.6,right_move_20,481,500,500,500,527,500,500,500,518,500,500,500,472,500,500,500,6.0,-10.0,372.0,8.0,62.0,197.0,8.0,-82.0,197.0,5.9,-2.9,160.0,stand_slow,500,500,500,500,500,500,500,500,500,500,500,500,500,500,500,500,6.0,0.0,373.0,8.0,72.0,198.0,8.0,-72.0,198.0,5.9,0.0,160.6
greet3_wave_turn_left_small_step_twist,happy/高兴/neutral/中性,greeting/打招呼,mid,3,wave > turn_left_small_step > twist,wave,500,500,500,500,500,820,740,220,500,500,500,500,500,500,500,500,6.0,0.0,373.0,8.0,72.0,198.0,62.7,29.3,332.0,7.5,3.0,164.6,0.0,0.0,0.0,wave,500,500,500,500,500,820,740,220,500,500,500,500,500,500,500,500,6.0,0.0,373.0,8.0,72.0,198.0,62.7,29.3,332.0,7.5,3.0,164.6,turn_left_small_step,500,500,513,511,500,500,500,500,500,518,555,472,500,500,500,500,5.9,0.8,373.8,-1.5,72.4,198.8,17.3,-70.3,198.8,3.3,0.4,162.0,twist,530,500,500,500,420,560,500,500,470,500,500,500,580,440,500,500,6.0,0.0,363.6,37.8,72.0,192.3,37.8,-72.0,192.3,7.7,-21.7,154.9
greet3_wave_turn_left_small_step_stepping,happy/高兴/neutral/中性,greeting/打招呼,mid,3,wave > turn_left_small_step > stepping,wave,500,500,500,500,500,820,740,220,500,500,500,500,500,500,500,500,6.0,0.0,373.0,8.0,72.0,198.0,62.7,29.3,332.0,7.5,3.0,164.6,0.0,0.0,0.0,wave,500,500,500,500,500,820,740,220,500,500,500,500,500,500,500,500,6.0,0.0,373.0,8.0,72.0,198.0,62.7,29.3,332.0,7.5,3.0,164.6,turn_left_small_step,500,500,513,511,500,500,500,500,500,518,555,472,500,500,500,500,5.9,0.8,373.8,-1.5,72.4,198.8,17.3,-70.3,198.8,3.3,0.4,162.0,stepping,500,500,522,518,500,500,500,500,500,530,590,455,500,500,500,500,14.0,0.0,373.5,16.0,72.0,198.5,16.0,-72.0,198.5,9.7,0.0,162.5
greet3_wave_turn_left_small_step_stand_slow,happy/高兴/neutral/中性,greeting/打招呼,low,3,wave > turn_left_small_step > stand_slow,wave,500,500,500,500,500,820,740,220,500,500,500,500,500,500,500,500,6.0,0.0,373.0,8.0,72.0,198.0,62.7,29.3,332.0,7.5,3.0,164.6,0.0,0.0,0.0,wave,500,500,500,500,500,820,740,220,500,500,500,500,500,500,500,500,6.0,0.0,373.0,8.0,72.0,198.0,62.7,29.3,332.0,7.5,3.0,164.6,turn_left_small_step,500,500,513,511,500,500,500,500,500,518,555,472,500,500,500,500,5.9,0.8,373.8,-1.5,72.4,198.8,17.3,-70.3,198.8,3.3,0.4,162.0,stand_slow,500,500,500,500,500,500,500,500,500,500,500,500,500,500,500,500,6.0,0.0,373.0,8.0,72.0,198.0,8.0,-72.0,198.0,5.9,0.0,160.6
greet3_wave_turn_right_small_step_twist,happy/高兴/neutral/中性,greeting/打招呼,mid,3,wave > turn_right_small_step > twist,wave,500,500,500,500,500,820,740,220,500,500,500,500,500,500,500,500,6.0,0.0,373.0,8.0,72.0,198.0,62.7,29.3,332.0,7.5,3.0,164.6,0.0,0.0,0.0,wave,500,500,500,500,500,820,740,220,500,500,500,500,500,500,500,500,6.0,0.0,373.0,8.0,72.0,198.0,62.7,29.3,332.0,7.5,3.0,164.6,turn_right_small_step,500,500,513,511,500,500,500,500,500,518,555,472,500,500,500,500,5.9,-0.8,373.8,17.3,70.3,198.8,-1.5,-72.4,198.8,3.3,-0.4,162.0,twist,530,500,500,500,420,560,500,500,470,500,500,500,580,440,500,500,6.0,0.0,363.6,37.8,72.0,192.3,37.8,-72.0,192.3,7.7,-21.7,154.9
greet3_wave_turn_right_small_step_stepping,happy/高兴/neutral/中性,greeting/打招呼,mid,3,wave > turn_right_small_step > stepping,wave,500,500,500,500,500,820,740,220,500,500,500,500,500,500,500,500,6.0,0.0,373.0,8.0,72.0,198.0,62.7,29.3,332.0,7.5,3.0,164.6,0.0,0.0,0.0,wave,500,500,500,500,500,820,740,220,500,500,500,500,500,500,500,500,6.0,0.0,373.0,8.0,72.0,198.0,62.7,29.3,332.0,7.5,3.0,164.6,turn_right_small_step,500,500,513,511,500,500,500,500,500,518,555,472,500,500,500,500,5.9,-0.8,373.8,17.3,70.3,198.8,-1.5,-72.4,198.8,3.3,-0.4,162.0,stepping,500,500,522,518,500,500,500,500,500,530,590,455,500,500,500,500,14.0,0.0,373.5,16.0,72.0,198.5,16.0,-72.0,198.5,9.7,0.0,162.5
greet3_wave_turn_right_small_step_stand_slow,happy/高兴/neutral/中性,greeting/打招呼,low,3,wave > turn_right_small_step > stand_slow,wave,500,500,500,500,500,820,740,220,500,500,500,500,500,500,500,500,6.0,0.0,373.0,8.0,72.0,198.0,62.7,29.3,332.0,7.5,3.0,164.6,0.0,0.0,0.0,wave,500,500,500,500,500,820,740,220,500,500,500,500,500,500,500,500,6.0,0.0,373.0,8.0,72.0,198.0,62.7,29.3,332.0,7.5,3.0,164.6,turn_right_small_step,500,500,513,511,500,500,500,500,500,518,555,472,500,500,500,500,5.9,-0.8,373.8,17.3,70.3,198.8,-1.5,-72.4,198.8,3.3,-0.4,162.0,stand_slow,500,500,500,500,500,500,500,500,500,500,500,500,500,500,500,500,6.0,0.0,373.0,8.0,72.0,198.0,8.0,-72.0,198.0,5.9,0.0,160.6
greet3_wave_turn_left_small_step_a_twist,happy/高兴/neutral/中性,greeting/打招呼,mid,3,wave > turn_left_small_step_a > twist,wave,500,500,500,500,500,820,740,220,500,500,500,500,500,500,500,500,6.0,0.0,373.0,8.0,72.0,198.0,62.7,29.3,332.0,7.5,3.0,164.6,0.0,0.0,0.0,wave,500,500,500,500,500,820,740,220,500,500,500,500,500,500,500,500,6.0,0.0,373.0,8.0,72.0,198.0,62.7,29.3,332.0,7.5,3.0,164.6,turn_left_small_step_a,500,500,513,511,500,500,500,500,500,518,555,472,500,500,500,500,6.0,0.5,373.8,1.7,72.4,198.8,14.2,-71.0,198.8,3.3,0.3,162.0,twist,530,500,500,500,420,560,500,500,470,500,500,500,580,440,500,500,6.0,0.0,363.6,37.8,72.0,192.3,37.8,-72.0,192.3,7.7,-21.7,154.9
greet3_wave_turn_left_small_step_a_stepping,happy/高兴/neutral/中性,greeting/打招呼,mid,3,wave > turn_left_small_step_a > stepping,wave,500,500,500,500,500,820,740,220,500,500,500,500,500,500,500,500,6.0,0.0,373.0,8.0,72.0,198.0,62.7,29.3,332.0,7.5,3.0,164.6,0.0,0.0,0.0,wave,500,500,500,500,500,820,740,220,500,500,500,500,500,500,500,500,6.0,0.0,373.0,8.0,72.0,198.0,62.7,29.3,332.0,7.5,3.0,164.6,turn_left_small_step_a,500,500,513,511,500,500,500,500,500,518,555,472,500,500,500,500,6.0,0.5,373.8,1.7,72.4,198.8,14.2,-71.0,198.8,3.3,0.3,162.0,stepping,500,500,522,518,500,500,500,500,500,530,590,455,500,500,500,500,14.0,0.0,373.5,16.0,72.0,198.5,16.0,-72.0,198.5,9.7,0.0,162.5
greet3_wave_turn_left_small_step_a_stand_slow,happy/高兴/neutral/中性,greeting/打招呼,low,3,wave > turn_left_small_step_a > stand_slow,wave,500,500,500,500,500,820,740,220,500,500,500,500,500,500,500,500,6.0,0.0,373.0,8.0,72.0,198.0,62.7,29.3,332.0,7.5,3.0,164.6,0.0,0.0,0.0,wave,500,500,500,500,500,820,740,220,500,500,500,500,500,500,500,500,6.0,0.0,373.0,8.0,72.0,198.0,62.7,29.3,332.0,7.5,3.0,164.6,turn_left_small_step_a,500,500,513,511,500,500,500,500,500,518,555,472,500,500,500,500,6.0,0.5,373.8,1.7,72.4,198.8,14.2,-71.0,198.8,3.3,0.3,162.0,stand_slow,500,500,500,500,500,500,500,500,500,500,500,500,500,500,500,500,6.0,0.0,373.0,8.0,72.0,198.0,8.0,-72.0,198.0,5.9,0.0,160.6
greet3_wave_turn_right_small_step_a_twist,happy/高兴/neutral/中性,greeting/打招呼,mid,3,wave > turn_right_small_step_a > twist,wave,500,500,500,500,500,820,740,220,500,500,500,500,500,500,500,500,6.0,0.0,373.0,8.0,72.0,198.0,62.7,29.3,332.0,7.5,3.0,164.6,0.0,0.0,0.0,wave,500,500,500,500,500,820,740,220,500,500,500,500,500,500,500,500,6.0,0.0,373.0,8.0,72.0,198.0,62.7,29.3,332.0,7.5,3.0,164.6,turn_right_small_step_a,500,500,513,511,500,500,500,500,500,518,555,472,500,500,500,500,6.0,-0.5,373.8,14.2,71.0,198.8,1.7,-72.4,198.8,3.3,-0.3,162.0,twist,530,500,500,500,420,560,500,500,470,500,500,500,580,440,500,500,6.0,0.0,363.6,37.8,72.0,192.3,37.8,-72.0,192.3,7.7,-21.7,154.9
greet3_wave_turn_right_small_step_a_stepping,happy/高兴/neutral/中性,greeting/打招呼,mid,3,wave > turn_right_small_step_a > stepping,wave,500,500,500,500,500,820,740,220,500,500,500,500,500,500,500,500,6.0,0.0,373.0,8.0,72.0,198.0,62.7,29.3,332.0,7.5,3.0,164.6,0.0,0.0,0.0,wave,500,500,500,500,500,820,740,220,500,500,500,500,500,500,500,500,6.0,0.0,373.0,8.0,72.0,198.0,62.7,29.3,332.0,7.5,3.0,164.6,turn_right_small_step_a,500,500,513,511,500,500,500,500,500,518,555,472,500,500,500,500,6.0,-0.5,373.8,14.2,71.0,198.8,1.7,-72.4,198.8,3.3,-0.3,162.0,stepping,500,500,522,518,500,500,500,500,500,530,590,455,500,500,500,500,14.0,0.0,373.5,16.0,72.0,198.5,16.0,-72.0,198.5,9.7,0.0,162.5
greet3_wave_turn_right_small_step_a_stand_slow,happy/高兴/neutral/中性,greeting/打招呼,low,3,wave > turn_right_small_step_a > stand_slow,wave,500,500,500,500,500,820,740,220,500,500,500,500,500,500,500,500,6.0,0.0,373.0,8.0,72.0,198.0,62.7,29.3,332.0,7.5,3.0,164.6,0.0,0.0,0.0,wave,500,500,500,500,500,820,740,220,500,500,500,500,500,500,500,500,6.0,0.0,373.0,8.0,72.0,198.0,62.7,29.3,332.0,7.5,3.0,164.6,turn_right_small_step_a,500,500,513,511,500,500,500,500,500,518,555,472,500,500,500,500,6.0,-0.5,373.8,14.2,71.0,198.8,1.7,-72.4,198.8,3.3,-0.3,162.0,stand_slow,500,500,500,500,500,500,500,500,500,500,500,500,500,500,500,500,6.0,0.0,373.0,8.0,72.0,198.0,8.0,-72.0,198.0,5.9,0.0,160.6
greet3_wave_twist_stand_slow,happy/高兴/neutral/中性,greeting/打招呼,low,3,wave > twist > stand_slow,wave,500,500,500,500,500,820,740,220,500,500,500,500,500,500,500,500,6.0,0.0,373.0,8.0,72.0,198.0,62.7,29.3,332.0,7.5,3.0,164.6,0.0,0.0,0.0,wave,500,500,500,500,500,820,740,220,500,500,500,500,500,500,500,500,6.0,0.0,373.0,8.0,72.0,198.0,62.7,29.3,332.0,7.5,3.0,164.6,twist,530,500,500,500,420,560,500,500,470,500,500,500,580,440,500,500,6.0,0.0,363.6,37.8,72.0,192.3,37.8,-72.0,192.3,7.7,-21.7,154.9,stand_slow,500,500,500,500,500,500,500,500,500,500,500,500,500,500,500,500,6.0,0.0,373.0,8.0,72.0,198.0,8.0,-72.0,198.0,5.9,0.0,160.6
greet3_wave_stepping_stand_slow,happy/高兴/neutral/中性,greeting/打招呼,low,3,wave > stepping > stand_slow,wave,500,500,500,500,500,820,740,220,500,500,500,500,500,500,500,500,6.0,0.0,373.0,8.0,72.0,198.0,62.7,29.3,332.0,7.5,3.0,164.6,0.0,0.0,0.0,wave,500,500,500,500,500,820,740,220,500,500,500,500,500,500,500,500,6.0,0.0,373.0,8.0,72.0,198.0,62.7,29.3,332.0,7.5,3.0,164.6,stepping,500,500,522,518,500,500,500,500,500,530,590,455,500,500,500,500,14.0,0.0,373.5,16.0,72.0,198.5,16.0,-72.0,198.5,9.7,0.0,162.5,stand_slow,500,500,500,500,500,500,500,500,500,500,500,500,500,500,500,500,6.0,0.0,373.0,8.0,72.0,198.0,8.0,-72.0,198.0,5.9,0.0,160.6
greet3_left_hand_left_move_twist,happy/高兴/neutral/中性,greeting/打招呼,mid,3,left_hand > left_move > twist,left_hand,500,500,500,500,500,500,500,500,500,500,500,500,500,340,380,580,6.0,0.0,373.0,83.2,129.8,246.1,8.0,-72.0,198.0,8.1,1.7,162.1,0.0,0.0,0.0,left_hand,500,500,500,500,500,500,500,500,500,500,500,500,500,340,380,580,6.0,0.0,373.0,83.2,129.8,246.1,8.0,-72.0,198.0,8.1,1.7,162.1,left_move,518,500,500,500,472,500,500,500,481,500,500,500,527,500,500,500,6.0,7.5,372.0,8.0,79.5,197.0,8.0,-64.5,197.0,5.9,0.4,160.0,twist,530,500,500,500,420,560,500,500,470,500,500,500,580,440,500,500,6.0,0.0,363.6,37.8,72.0,192.3,37.8,-72.0,192.3,7.7,-21.7,154.9
greet3_left_hand_left_move_stepping,happy/高兴/neutral/中性,greeting/打招呼,mid,3,left_hand > left_move > stepping,left_hand,500,500,500,500,500,500,500,500,500,500,500,500,500,340,380,580,6.0,0.0,373.0,83.2,129.8,246.1,8.0,-72.0,198.0,8.1,1.7,162.1,0.0,0.0,0.0,left_hand,500,500,500,500,500,500,500,500,500,500,500,500,500,340,380,580,6.0,0.0,373.0,83.2,129.8,246.1,8.0,-72.0,198.0,8.1,1.7,162.1,left_move,518,500,500,500,472,500,500,500,481,500,500,500,527,500,500,500,6.0,7.5,372.0,8.0,79.5,197.0,8.0,-64.5,197.0,5.9,0.4,160.0,stepping,500,500,522,518,500,500,500,500,500,530,590,455,500,500,500,500,14.0,0.0,373.5,16.0,72.0,198.5,16.0,-72.0,198.5,9.7,0.0,162.5
greet3_left_hand_left_move_stand_slow,happy/高兴/neutral/中性,greeting/打招呼,low,3,left_hand > left_move > stand_slow,left_hand,500,500,500,500,500,500,500,500,500,500,500,500,500,340,380,580,6.0,0.0,373.0,83.2,129.8,246.1,8.0,-72.0,198.0,8.1,1.7,162.1,0.0,0.0,0.0,left_hand,500,500,500,500,500,500,500,500,500,500,500,500,500,340,380,580,6.0,0.0,373.0,83.2,129.8,246.1,8.0,-72.0,198.0,8.1,1.7,162.1,left_move,518,500,500,500,472,500,500,500,481,500,500,500,527,500,500,500,6.0,7.5,372.0,8.0,79.5,197.0,8.0,-64.5,197.0,5.9,0.4,160.0,stand_slow,500,500,500,500,500,500,500,500,500,500,500,500,500,500,500,500,6.0,0.0,373.0,8.0,72.0,198.0,8.0,-72.0,198.0,5.9,0.0,160.6
greet3_left_hand_right_move_twist,happy/高兴/neutral/中性,greeting/打招呼,mid,3,left_hand > right_move > twist,left_hand,500,500,500,500,500,500,500,500,500,500,500,500,500,340,380,580,6.0,0.0,373.0,83.2,129.8,246.1,8.0,-72.0,198.0,8.1,1.7,162.1,0.0,0.0,0.0,left_hand,500,500,500,500,500,500,500,500,500,500,500,500,500,340,380,580,6.0,0.0,373.0,83.2,129.8,246.1,8.0,-72.0,198.0,8.1,1.7,162.1,right_move,481,500,500,500,527,500,500,500,518,500,500,500,472,500,500,500,6.0,-7.5,372.0,8.0,64.5,197.0,8.0,-79.5,197.0,5.9,-0.4,160.0,twist,530,500,500,500,420,560,500,500,470,500,500,500,580,440,500,500,6.0,0.0,363.6,37.8,72.0,192.3,37.8,-72.0,192.3,7.7,-21.7,154.9
greet3_left_hand_right_move_stepping,happy/高兴/neutral/中性,greeting/打招呼,mid,3,left_hand > right_move > stepping,left_hand,500,500,500,500,500,500,500,500,500,500,500,500,500,340,380,580,6.0,0.0,373.0,83.2,129.8,246.1,8.0,-72.0,198.0,8.1,1.7,162.1,0.0,0.0,0.0,left_hand,500,500,500,500,500,500,500,500,500,500,500,500,500,340,380,580,6.0,0.0,373.0,83.2,129.8,246.1,8.0,-72.0,198.0,8.1,1.7,162.1,right_move,481,500,500,500,527,500,500,500,518,500,500,500,472,500,500,500,6.0,-7.5,372.0,8.0,64.5,197.0,8.0,-79.5,197.0,5.9,-0.4,160.0,stepping,500,500,522,518,500,500,500,500,500,530,590,455,500,500,500,500,14.0,0.0,373.5,16.0,72.0,198.5,16.0,-72.0,198.5,9.7,0.0,162.5
greet3_left_hand_right_move_stand_slow,happy/高兴/neutral/中性,greeting/打招呼,low,3,left_hand > right_move > stand_slow,left_hand,500,500,500,500,500,500,500,500,500,500,500,500,500,340,380,580,6.0,0.0,373.0,83.2,129.8,246.1,8.0,-72.0,198.0,8.1,1.7,162.1,0.0,0.0,0.0,left_hand,500,500,500,500,500,500,500,500,500,500,500,500,500,340,380,580,6.0,0.0,373.0,83.2,129.8,246.1,8.0,-72.0,198.0,8.1,1.7,162.1,right_move,481,500,500,500,527,500,500,500,518,500,500,500,472,500,500,500,6.0,-7.5,372.0,8.0,64.5,197.0,8.0,-79.5,197.0,5.9,-0.4,160.0,stand_slow,500,500,500,500,500,500,500,500,500,500,500,500,500,500,500,500,6.0,0.0,373.0,8.0,72.0,198.0,8.0,-72.0,198.0,5.9,0.0,160.6
greet3_left_hand_left_move_10_twist,happy/高兴/neutral/中性,greeting/打招呼,mid,3,left_hand > left_move_10 > twist,left_hand,500,500,500,500,500,500,500,500,500,500,500,500,500,340,380,580,6.0,0.0,373.0,83.2,129.8,246.1,8.0,-72.0,198.0,8.1,1.7,162.1,0.0,0.0,0.0,left_hand,500,500,500,500,500,500,500,500,500,500,500,500,500,340,380,580,6.0,0.0,373.0,83.2,129.8,246.1,8.0,-72.0,198.0,8.1,1.7,162.1,left_move_10,518,500,500,500,472,500,500,500,481,500,500,500,527,500,500,500,6.0,5.0,372.0,8.0,77.0,197.0,8.0,-67.0,197.0,5.9,-2.1,160.0,twist,530,500,500,500,420,560,500,500,470,500,500,500,580,440,500,500,6.0,0.0,363.6,37.8,72.0,192.3,37.8,-72.0,192.3,7.7,-21.7,154.9
greet3_left_hand_left_move_10_stepping,happy/高兴/neutral/中性,greeting/打招呼,mid,3,left_hand > left_move_10 > stepping,left_hand,500,500,500,500,500,500,500,500,500,500,500,500,500,340,380,580,6.0,0.0,373.0,83.2,129.8,246.1,8.0,-72.0,198.0,8.1,1.7,162.1,0.0,0.0,0.0,left_hand,500,500,500,500,500,500,500,500,500,500,500,500,500,340,380,580,6.0,0.0,373.0,83.2,129.8,246.1,8.0,-72.0,198.0,8.1,1.7,162.1,left_move_10,518,500,500,500,472,500,500,500,481,500,500,500,527,500,500,500,6.0,5.0,372.0,8.0,77.0,197.0,8.0,-67.0,197.0,5.9,-2.1,160.0,stepping,500,500,522,518,500,500,500,500,500,530,590,455,500,500,500,500,14.0,0.0,373.5,16.0,72.0,198.5,16.0,-72.0,198.5,9.7,0.0,162.5
greet3_left_hand_left_move_10_stand_slow,happy/高兴/neutral/中性,greeting/打招呼,low,3,left_hand > left_move_10 > stand_slow,left_hand,500,500,500,500,500,500,500,500,500,500,500,500,500,340,380,580,6.0,0.0,373.0,83.2,129.8,246.1,8.0,-72.0,198.0,8.1,1.7,162.1,0.0,0.0,0.0,left_hand,500,500,500,500,500,500,500,500,500,500,500,500,500,340,380,580,6.0,0.0,373.0,83.2,129.8,246.1,8.0,-72.0,198.0,8.1,1.7,162.1,left_move_10,518,500,500,500,472,500,500,500,481,500,500,500,527,500,500,500,6.0,5.0,372.0,8.0,77.0,197.0,8.0,-67.0,197.0,5.9,-2.1,160.0,stand_slow,500,500,500,500,500,500,500,500,500,500,500,500,500,500,500,500,6.0,0.0,373.0,8.0,72.0,198.0,8.0,-72.0,198.0,5.9,0.0,160.6
greet3_left_hand_right_move_10_twist,happy/高兴/neutral/中性,greeting/打招呼,mid,3,left_hand > right_move_10 > twist,left_hand,500,500,500,500,500,500,500,500,500,500,500,500,500,340,380,580,6.0,0.0,373.0,83.2,129.8,246.1,8.0,-72.0,198.0,8.1,1.7,162.1,0.0,0.0,0.0,left_hand,500,500,500,500,500,500,500,500,500,500,500,500,500,340,380,580,6.0,0.0,373.0,83.2,129.8,246.1,8.0,-72.0,198.0,8.1,1.7,162.1,right_move_10,481,500,500,500,527,500,500,500,518,500,500,500,472,500,500,500,6.0,-5.0,372.0,8.0,67.0,197.0,8.0,-77.0,197.0,5.9,2.1,160.0,twist,530,500,500,500,420,560,500,500,470,500,500,500,580,440,500,500,6.0,0.0,363.6,37.8,72.0,192.3,37.8,-72.0,192.3,7.7,-21.7,154.9
greet3_left_hand_right_move_10_stepping,happy/高兴/neutral/中性,greeting/打招呼,mid,3,left_hand > right_move_10 > stepping,left_hand,500,500,500,500,500,500,500,500,500,500,500,500,500,340,380,580,6.0,0.0,373.0,83.2,129.8,246.1,8.0,-72.0,198.0,8.1,1.7,162.1,0.0,0.0,0.0,left_hand,500,500,500,500,500,500,500,500,500,500,500,500,500,340,380,580,6.0,0.0,373.0,83.2,129.8,246.1,8.0,-72.0,198.0,8.1,1.7,162.1,right_move_10,481,500,500,500,527,500,500,500,518,500,500,500,472,500,500,500,6.0,-5.0,372.0,8.0,67.0,197.0,8.0,-77.0,197.0,5.9,2.1,160.0,stepping,500,500,522,518,500,500,500,500,500,530,590,455,500,500,500,500,14.0,0.0,373.5,16.0,72.0,198.5,16.0,-72.0,198.5,9.7,0.0,162.5
greet3_left_hand_right_move_10_stand_slow,happy/高兴/neutral/中性,greeting/打招呼,low,3,left_hand > right_move_10 > stand_slow,left_hand,500,500,500,500,500,500,500,500,500,500,500,500,500,340,380,580,6.0,0.0,373.0,83.2,129.8,246.1,8.0,-72.0,198.0,8.1,1.7,162.1,0.0,0.0,0.0,left_hand,500,500,500,500,500,500,500,500,500,500,500,500,500,340,380,580,6.0,0.0,373.0,83.2,129.8,246.1,8.0,-72.0,198.0,8.1,1.7,162.1,right_move_10,481,500,500,500,527,500,500,500,518,500,500,500,472,500,500,500,6.0,-5.0,372.0,8.0,67.0,197.0,8.0,-77.0,197.0,5.9,2.1,160.0,stand_slow,500,500,500,500,500,500,500,500,500,500,500,500,500,500,500,500,6.0,0.0,373.0,8.0,72.0,198.0,8.0,-72.0,198.0,5.9,0.0,160.6
greet3_left_hand_left_move_20_twist,happy/高兴/neutral/中性,greeting/打招呼,mid,3,left_hand > left_move_20 > twist,left_hand,500,500,500,500,500,500,500,500,500,500,500,500,500,340,380,580,6.0,0.0,373.0,83.2,129.8,246.1,8.0,-72.0,198.0,8.1,1.7,162.1,0.0,0.0,0.0,left_hand,500,500,500,500,500,500,500,500,500,500,500,500,500,340,380,580,6.0,0.0,373.0,83.2,129.8,246.1,8.0,-72.0,198.0,8.1,1.7,162.1,left_move_20,518,500,500,500,472,500,500,500,481,500,500,500,527,500,500,500,6.0,10.0,372.0,8.0,82.0,197.0,8.0,-62.0,197.0,5.9,2.9,160.0,twist,530,500,500,500,420,560,500,500,470,500,500,500,580,440,500,500,6.0,0.0,363.6,37.8,72.0,192.3,37.8,-72.0,192.3,7.7,-21.7,154.9
greet3_left_hand_left_move_20_stepping,happy/高兴/neutral/中性,greeting/打招呼,mid,3,left_hand > left_move_20 > stepping,left_hand,500,500,500,500,500,500,500,500,500,500,500,500,500,340,380,580,6.0,0.0,373.0,83.2,129.8,246.1,8.0,-72.0,198.0,8.1,1.7,162.1,0.0,0.0,0.0,left_hand,500,500,500,500,500,500,500,500,500,500,500,500,500,340,380,580,6.0,0.0,373.0,83.2,129.8,246.1,8.0,-72.0,198.0,8.1,1.7,162.1,left_move_20,518,500,500,500,472,500,500,500,481,500,500,500,527,500,500,500,6.0,10.0,372.0,8.0,82.0,197.0,8.0,-62.0,197.0,5.9,2.9,160.0,stepping,500,500,522,518,500,500,500,500,500,530,590,455,500,500,500,500,14.0,0.0,373.5,16.0,72.0,198.5,16.0,-72.0,198.5,9.7,0.0,162.5
greet3_left_hand_left_move_20_stand_slow,happy/高兴/neutral/中性,greeting/打招呼,low,3,left_hand > left_move_20 > stand_slow,left_hand,500,500,500,500,500,500,500,500,500,500,500,500,500,340,380,580,6.0,0.0,373.0,83.2,129.8,246.1,8.0,-72.0,198.0,8.1,1.7,162.1,0.0,0.0,0.0,left_hand,500,500,500,500,500,500,500,500,500,500,500,500,500,340,380,580,6.0,0.0,373.0,83.2,129.8,246.1,8.0,-72.0,198.0,8.1,1.7,162.1,left_move_20,518,500,500,500,472,500,500,500,481,500,500,500,527,500,500,500,6.0,10.0,372.0,8.0,82.0,197.0,8.0,-62.0,197.0,5.9,2.9,160.0,stand_slow,500,500,500,500,500,500,500,500,500,500,500,500,500,500,500,500,6.0,0.0,373.0,8.0,72.0,198.0,8.0,-72.0,198.0,5.9,0.0,160.6
greet3_left_hand_right_move_20_twist,happy/高兴/neutral/中性,greeting/打招呼,mid,3,left_hand > right_move_20 > twist,left_hand,500,500,500,500,500,500,500,500,500,500,500,500,500,340,380,580,6.0,0.0,373.0,83.2,129.8,246.1,8.0,-72.0,198.0,8.1,1.7,162.1,0.0,0.0,0.0,left_hand,500,500,500,500,500,500,500,500,500,500,500,500,500,340,380,580,6.0,0.0,373.0,83.2,129.8,246.1,8.0,-72.0,198.0,8.1,1.7,162.1,right_move_20,481,500,500,500,527,500,500,500,518,500,500,500,472,500,500,500,6.0,-10.0,372.0,8.0,62.0,197.0,8.0,-82.0,197.0,5.9,-2.9,160.0,twist,530,500,500,500,420,560,500,500,470,500,500,500,580,440,500,500,6.0,0.0,363.6,37.8,72.0,192.3,37.8,-72.0,192.3,7.7,-21.7,154.9
greet3_left_hand_right_move_20_stepping,happy/高兴/neutral/中性,greeting/打招呼,mid,3,left_hand > right_move_20 > stepping,left_hand,500,500,500,500,500,500,500,500,500,500,500,500,500,340,380,580,6.0,0.0,373.0,83.2,129.8,246.1,8.0,-72.0,198.0,8.1,1.7,162.1,0.0,0.0,0.0,left_hand,500,500,500,500,500,500,500,500,500,500,500,500,500,340,380,580,6.0,0.0,373.0,83.2,129.8,246.1,8.0,-72.0,198.0,8.1,1.7,162.1,right_move_20,481,500,500,500,527,500,500,500,518,500,500,500,472,500,500,500,6.0,-10.0,372.0,8.0,62.0,197.0,8.0,-82.0,197.0,5.9,-2.9,160.0,stepping,500,500,522,518,500,500,500,500,500,530,590,455,500,500,500,500,14.0,0.0,373.5,16.0,72.0,198.5,16.0,-72.0,198.5,9.7,0.0,162.5
greet3_left_hand_right_move_20_stand_slow,happy/高兴/neutral/中性,greeting/打招呼,low,3,left_hand > right_move_20 > stand_slow,left_hand,500,500,500,500,500,500,500,500,500,500,500,500,500,340,380,580,6.0,0.0,373.0,83.2,129.8,246.1,8.0,-72.0,198.0,8.1,1.7,162.1,0.0,0.0,0.0,left_hand,500,500,500,500,500,500,500,500,500,500,500,500,500,340,380,580,6.0,0.0,373.0,83.2,129.8,246.1,8.0,-72.0,198.0,8.1,1.7,162.1,right_move_20,481,500,500,500,527,500,500,500,518,500,500,500,472,500,500,500,6.0,-10.0,372.0,8.0,62.0,197.0,8.0,-82.0,197.0,5.9,-2.9,160.0,stand_slow,500,500,500,500,500,500,500,500,500,500,500,500,500,500,500,500,6.0,0.0,373.0,8.0,72.0,198.0,8.0,-72.0,198.0,5.9,0.0,160.6
greet3_left_hand_turn_left_small_step_twist,happy/高兴/neutral/中性,greeting/打招呼,mid,3,left_hand > turn_left_small_step > twist,left_hand,500,500,500,500,500,500,500,500,500,500,500,500,500,340,380,580,6.0,0.0,373.0,83.2,129.8,246.1,8.0,-72.0,198.0,8.1,1.7,162.1,0.0,0.0,0.0,left_hand,500,500,500,500,500,500,500,500,500,500,500,500,500,340,380,580,6.0,0.0,373.0,83.2,129.8,246.1,8.0,-72.0,198.0,8.1,1.7,162.1,turn_left_small_step,500,500,513,511,500,500,500,500,500,518,555,472,500,500,500,500,5.9,0.8,373.8,-1.5,72.4,198.8,17.3,-70.3,198.8,3.3,0.4,162.0,twist,530,500,500,500,420,560,500,500,470,500,500,500,580,440,500,500,6.0,0.0,363.6,37.8,72.0,192.3,37.8,-72.0,192.3,7.7,-21.7,154.9
greet3_left_hand_turn_left_small_step_stepping,happy/高兴/neutral/中性,greeting/打招呼,mid,3,left_hand > turn_left_small_step > stepping,left_hand,500,500,500,500,500,500,500,500,500,500,500,500,500,340,380,580,6.0,0.0,373.0,83.2,129.8,246.1,8.0,-72.0,198.0,8.1,1.7,162.1,0.0,0.0,0.0,left_hand,500,500,500,500,500,500,500,500,500,500,500,500,500,340,380,580,6.0,0.0,373.0,83.2,129.8,246.1,8.0,-72.0,198.0,8.1,1.7,162.1,turn_left_small_step,500,500,513,511,500,500,500,500,500,518,555,472,500,500,500,500,5.9,0.8,373.8,-1.5,72.4,198.8,17.3,-70.3,198.8,3.3,0.4,162.0,stepping,500,500,522,518,500,500,500,500,500,530,590,455,500,500,500,500,14.0,0.0,373.5,16.0,72.0,198.5,16.0,-72.0,198.5,9.7,0.0,162.5
greet3_left_hand_turn_left_small_step_stand_slow,happy/高兴/neutral/中性,greeting/打招呼,low,3,left_hand > turn_left_small_step > stand_slow,left_hand,500,500,500,500,500,500,500,500,500,500,500,500,500,340,380,580,6.0,0.0,373.0,83.2,129.8,246.1,8.0,-72.0,198.0,8.1,1.7,162.1,0.0,0.0,0.0,left_hand,500,500,500,500,500,500,500,500,500,500,500,500,500,340,380,580,6.0,0.0,373.0,83.2,129.8,246.1,8.0,-72.0,198.0,8.1,1.7,162.1,turn_left_small_step,500,500,513,511,500,500,500,500,500,518,555,472,500,500,500,500,5.9,0.8,373.8,-1.5,72.4,198.8,17.3,-70.3,198.8,3.3,0.4,162.0,stand_slow,500,500,500,500,500,500,500,500,500,500,500,500,500,500,500,500,6.0,0.0,373.0,8.0,72.0,198.0,8.0,-72.0,198.0,5.9,0.0,160.6
greet3_left_hand_turn_right_small_step_twist,happy/高兴/neutral/中性,greeting/打招呼,mid,3,left_hand > turn_right_small_step > twist,left_hand,500,500,500,500,500,500,500,500,500,500,500,500,500,340,380,580,6.0,0.0,373.0,83.2,129.8,246.1,8.0,-72.0,198.0,8.1,1.7,162.1,0.0,0.0,0.0,left_hand,500,500,500,500,500,500,500,500,500,500,500,500,500,340,380,580,6.0,0.0,373.0,83.2,129.8,246.1,8.0,-72.0,198.0,8.1,1.7,162.1,turn_right_small_step,500,500,513,511,500,500,500,500,500,518,555,472,500,500,500,500,5.9,-0.8,373.8,17.3,70.3,198.8,-1.5,-72.4,198.8,3.3,-0.4,162.0,twist,530,500,500,500,420,560,500,500,470,500,500,500,580,440,500,500,6.0,0.0,363.6,37.8,72.0,192.3,37.8,-72.0,192.3,7.7,-21.7,154.9
greet3_left_hand_turn_right_small_step_stepping,happy/高兴/neutral/中性,greeting/打招呼,mid,3,left_hand > turn_right_small_step > stepping,left_hand,500,500,500,500,500,500,500,500,500,500,500,500,500,340,380,580,6.0,0.0,373.0,83.2,129.8,246.1,8.0,-72.0,198.0,8.1,1.7,162.1,0.0,0.0,0.0,left_hand,500,500,500,500,500,500,500,500,500,500,500,500,500,340,380,580,6.0,0.0,373.0,83.2,129.8,246.1,8.0,-72.0,198.0,8.1,1.7,162.1,turn_right_small_step,500,500,513,511,500,500,500,500,500,518,555,472,500,500,500,500,5.9,-0.8,373.8,17.3,70.3,198.8,-1.5,-72.4,198.8,3.3,-0.4,162.0,stepping,500,500,522,518,500,500,500,500,500,530,590,455,500,500,500,500,14.0,0.0,373.5,16.0,72.0,198.5,16.0,-72.0,198.5,9.7,0.0,162.5
greet3_left_hand_turn_right_small_step_stand_slow,happy/高兴/neutral/中性,greeting/打招呼,low,3,left_hand > turn_right_small_step > stand_slow,left_hand,500,500,500,500,500,500,500,500,500,500,500,500,500,340,380,580,6.0,0.0,373.0,83.2,129.8,246.1,8.0,-72.0,198.0,8.1,1.7,162.1,0.0,0.0,0.0,left_hand,500,500,500,500,500,500,500,500,500,500,500,500,500,340,380,580,6.0,0.0,373.0,83.2,129.8,246.1,8.0,-72.0,198.0,8.1,1.7,162.1,turn_right_small_step,500,500,513,511,500,500,500,500,500,518,555,472,500,500,500,500,5.9,-0.8,373.8,17.3,70.3,198.8,-1.5,-72.4,198.8,3.3,-0.4,162.0,stand_slow,500,500,500,500,500,500,500,500,500,500,500,500,500,500,500,500,6.0,0.0,373.0,8.0,72.0,198.0,8.0,-72.0,198.0,5.9,0.0,160.6
greet3_left_hand_turn_left_small_step_a_twist,happy/高兴/neutral/中性,greeting/打招呼,mid,3,left_hand > turn_left_small_step_a > twist,left_hand,500,500,500,500,500,500,500,500,500,500,500,500,500,340,380,580,6.0,0.0,373.0,83.2,129.8,246.1,8.0,-72.0,198.0,8.1,1.7,162.1,0.0,0.0,0.0,left_hand,500,500,500,500,500,500,500,500,500,500,500,500,500,340,380,580,6.0,0.0,373.0,83.2,129.8,246.1,8.0,-72.0,198.0,8.1,1.7,162.1,turn_left_small_step_a,500,500,513,511,500,500,500,500,500,518,555,472,500,500,500,500,6.0,0.5,373.8,1.7,72.4,198.8,14.2,-71.0,198.8,3.3,0.3,162.0,twist,530,500,500,500,420,560,500,500,470,500,500,500,580,440,500,500,6.0,0.0,363.6,37.8,72.0,192.3,37.8,-72.0,192.3,7.7,-21.7,154.9
greet3_left_hand_turn_left_small_step_a_stepping,happy/高兴/neutral/中性,greeting/打招呼,mid,3,left_hand > turn_left_small_step_a > stepping,left_hand,500,500,500,500,500,500,500,500,500,500,500,500,500,340,380,580,6.0,0.0,373.0,83.2,129.8,246.1,8.0,-72.0,198.0,8.1,1.7,162.1,0.0,0.0,0.0,left_hand,500,500,500,500,500,500,500,500,500,500,500,500,500,340,380,580,6.0,0.0,373.0,83.2,129.8,246.1,8.0,-72.0,198.0,8.1,1.7,162.1,turn_left_small_step_a,500,500,513,511,500,500,500,500,500,518,555,472,500,500,500,500,6.0,0.5,373.8,1.7,72.4,198.8,14.2,-71.0,198.8,3.3,0.3,162.0,stepping,500,500,522,518,500,500,500,500,500,530,590,455,500,500,500,500,14.0,0.0,373.5,16.0,72.0,198.5,16.0,-72.0,198.5,9.7,0.0,162.5
greet3_left_hand_turn_left_small_step_a_stand_slow,happy/高兴/neutral/中性,greeting/打招呼,low,3,left_hand > turn_left_small_step_a > stand_slow,left_hand,500,500,500,500,500,500,500,500,500,500,500,500,500,340,380,580,6.0,0.0,373.0,83.2,129.8,246.1,8.0,-72.0,198.0,8.1,1.7,162.1,0.0,0.0,0.0,left_hand,500,500,500,500,500,500,500,500,500,500,500,500,500,340,380,580,6.0,0.0,373.0,83.2,129.8,246.1,8.0,-72.0,198.0,8.1,1.7,162.1,turn_left_small_step_a,500,500,513,511,500,500,500,500,500,518,555,472,500,500,500,500,6.0,0.5,373.8,1.7,72.4,198.8,14.2,-71.0,198.8,3.3,0.3,162.0,stand_slow,500,500,500,500,500,500,500,500,500,500,500,500,500,500,500,500,6.0,0.0,373.0,8.0,72.0,198.0,8.0,-72.0,198.0,5.9,0.0,160.6
greet3_left_hand_turn_right_small_step_a_twist,happy/高兴/neutral/中性,greeting/打招呼,mid,3,left_hand > turn_right_small_step_a > twist,left_hand,500,500,500,500,500,500,500,500,500,500,500,500,500,340,380,580,6.0,0.0,373.0,83.2,129.8,246.1,8.0,-72.0,198.0,8.1,1.7,162.1,0.0,0.0,0.0,left_hand,500,500,500,500,500,500,500,500,500,500,500,500,500,340,380,580,6.0,0.0,373.0,83.2,129.8,246.1,8.0,-72.0,198.0,8.1,1.7,162.1,turn_right_small_step_a,500,500,513,511,500,500,500,500,500,518,555,472,500,500,500,500,6.0,-0.5,373.8,14.2,71.0,198.8,1.7,-72.4,198.8,3.3,-0.3,162.0,twist,530,500,500,500,420,560,500,500,470,500,500,500,580,440,500,500,6.0,0.0,363.6,37.8,72.0,192.3,37.8,-72.0,192.3,7.7,-21.7,154.9
greet3_left_hand_turn_right_small_step_a_stepping,happy/高兴/neutral/中性,greeting/打招呼,mid,3,left_hand > turn_right_small_step_a > stepping,left_hand,500,500,500,500,500,500,500,500,500,500,500,500,500,340,380,580,6.0,0.0,373.0,83.2,129.8,246.1,8.0,-72.0,198.0,8.1,1.7,162.1,0.0,0.0,0.0,left_hand,500,500,500,500,500,500,500,500,500,500,500,500,500,340,380,580,6.0,0.0,373.0,83.2,129.8,246.1,8.0,-72.0,198.0,8.1,1.7,162.1,turn_right_small_step_a,500,500,513,511,500,500,500,500,500,518,555,472,500,500,500,500,6.0,-0.5,373.8,14.2,71.0,198.8,1.7,-72.4,198.8,3.3,-0.3,162.0,stepping,500,500,522,518,500,500,500,500,500,530,590,455,500,500,500,500,14.0,0.0,373.5,16.0,72.0,198.5,16.0,-72.0,198.5,9.7,0.0,162.5
greet3_left_hand_turn_right_small_step_a_stand_slow,happy/高兴/neutral/中性,greeting/打招呼,low,3,left_hand > turn_right_small_step_a > stand_slow,left_hand,500,500,500,500,500,500,500,500,500,500,500,500,500,340,380,580,6.0,0.0,373.0,83.2,129.8,246.1,8.0,-72.0,198.0,8.1,1.7,162.1,0.0,0.0,0.0,left_hand,500,500,500,500,500,500,500,500,500,500,500,500,500,340,380,580,6.0,0.0,373.0,83.2,129.8,246.1,8.0,-72.0,198.0,8.1,1.7,162.1,turn_right_small_step_a,500,500,513,511,500,500,500,500,500,518,555,472,500,500,500,500,6.0,-0.5,373.8,14.2,71.0,198.8,1.7,-72.4,198.8,3.3,-0.3,162.0,stand_slow,500,500,500,500,500,500,500,500,500,500,500,500,500,500,500,500,6.0,0.0,373.0,8.0,72.0,198.0,8.0,-72.0,198.0,5.9,0.0,160.6
greet3_left_hand_twist_stand_slow,happy/高兴/neutral/中性,greeting/打招呼,low,3,left_hand > twist > stand_slow,left_hand,500,500,500,500,500,500,500,500,500,500,500,500,500,340,380,580,6.0,0.0,373.0,83.2,129.8,246.1,8.0,-72.0,198.0,8.1,1.7,162.1,0.0,0.0,0.0,left_hand,500,500,500,500,500,500,500,500,500,500,500,500,500,340,380,580,6.0,0.0,373.0,83.2,129.8,246.1,8.0,-72.0,198.0,8.1,1.7,162.1,twist,530,500,500,500,420,560,500,500,470,500,500,500,580,440,500,500,6.0,0.0,363.6,37.8,72.0,192.3,37.8,-72.0,192.3,7.7,-21.7,154.9,stand_slow,500,500,500,500,500,500,500,500,500,500,500,500,500,500,500,500,6.0,0.0,373.0,8.0,72.0,198.0,8.0,-72.0,198.0,5.9,0.0,160.6
greet3_left_hand_stepping_stand_slow,happy/高兴/neutral/中性,greeting/打招呼,low,3,left_hand > stepping > stand_slow,left_hand,500,500,500,500,500,500,500,500,500,500,500,500,500,340,380,580,6.0,0.0,373.0,83.2,129.8,246.1,8.0,-72.0,198.0,8.1,1.7,162.1,0.0,0.0,0.0,left_hand,500,500,500,500,500,500,500,500,500,500,500,500,500,340,380,580,6.0,0.0,373.0,83.2,129.8,246.1,8.0,-72.0,198.0,8.1,1.7,162.1,stepping,500,500,522,518,500,500,500,500,500,530,590,455,500,500,500,500,14.0,0.0,373.5,16.0,72.0,198.5,16.0,-72.0,198.5,9.7,0.0,162.5,stand_slow,500,500,500,500,500,500,500,500,500,500,500,500,500,500,500,500,6.0,0.0,373.0,8.0,72.0,198.0,8.0,-72.0,198.0,5.9,0.0,160.6
greet3_right_hand_left_move_twist,happy/高兴/neutral/中性,greeting/打招呼,mid,3,right_hand > left_move > twist,right_hand,500,500,500,500,500,660,620,420,500,500,500,500,500,500,500,500,6.0,0.0,373.0,8.0,72.0,198.0,83.2,-14.2,246.1,8.1,1.7,162.1,0.0,0.0,0.0,right_hand,500,500,500,500,500,660,620,420,500,500,500,500,500,500,500,500,6.0,0.0,373.0,8.0,72.0,198.0,83.2,-14.2,246.1,8.1,1.7,162.1,left_move,518,500,500,500,472,500,500,500,481,500,500,500,527,500,500,500,6.0,7.5,372.0,8.0,79.5,197.0,8.0,-64.5,197.0,5.9,0.4,160.0,twist,530,500,500,500,420,560,500,500,470,500,500,500,580,440,500,500,6.0,0.0,363.6,37.8,72.0,192.3,37.8,-72.0,192.3,7.7,-21.7,154.9
greet3_right_hand_left_move_stepping,happy/高兴/neutral/中性,greeting/打招呼,mid,3,right_hand > left_move > stepping,right_hand,500,500,500,500,500,660,620,420,500,500,500,500,500,500,500,500,6.0,0.0,373.0,8.0,72.0,198.0,83.2,-14.2,246.1,8.1,1.7,162.1,0.0,0.0,0.0,right_hand,500,500,500,500,500,660,620,420,500,500,500,500,500,500,500,500,6.0,0.0,373.0,8.0,72.0,198.0,83.2,-14.2,246.1,8.1,1.7,162.1,left_move,518,500,500,500,472,500,500,500,481,500,500,500,527,500,500,500,6.0,7.5,372.0,8.0,79.5,197.0,8.0,-64.5,197.0,5.9,0.4,160.0,stepping,500,500,522,518,500,500,500,500,500,530,590,455,500,500,500,500,14.0,0.0,373.5,16.0,72.0,198.5,16.0,-72.0,198.5,9.7,0.0,162.5
greet3_right_hand_left_move_stand_slow,happy/高兴/neutral/中性,greeting/打招呼,low,3,right_hand > left_move > stand_slow,right_hand,500,500,500,500,500,660,620,420,500,500,500,500,500,500,500,500,6.0,0.0,373.0,8.0,72.0,198.0,83.2,-14.2,246.1,8.1,1.7,162.1,0.0,0.0,0.0,right_hand,500,500,500,500,500,660,620,420,500,500,500,500,500,500,500,500,6.0,0.0,373.0,8.0,72.0,198.0,83.2,-14.2,246.1,8.1,1.7,162.1,left_move,518,500,500,500,472,500,500,500,481,500,500,500,527,500,500,500,6.0,7.5,372.0,8.0,79.5,197.0,8.0,-64.5,197.0,5.9,0.4,160.0,stand_slow,500,500,500,500,500,500,500,500,500,500,500,500,500,500,500,500,6.0,0.0,373.0,8.0,72.0,198.0,8.0,-72.0,198.0,5.9,0.0,160.6
greet3_right_hand_right_move_twist,happy/高兴/neutral/中性,greeting/打招呼,mid,3,right_hand > right_move > twist,right_hand,500,500,500,500,500,660,620,420,500,500,500,500,500,500,500,500,6.0,0.0,373.0,8.0,72.0,198.0,83.2,-14.2,246.1,8.1,1.7,162.1,0.0,0.0,0.0,right_hand,500,500,500,500,500,660,620,420,500,500,500,500,500,500,500,500,6.0,0.0,373.0,8.0,72.0,198.0,83.2,-14.2,246.1,8.1,1.7,162.1,right_move,481,500,500,500,527,500,500,500,518,500,500,500,472,500,500,500,6.0,-7.5,372.0,8.0,64.5,197.0,8.0,-79.5,197.0,5.9,-0.4,160.0,twist,530,500,500,500,420,560,500,500,470,500,500,500,580,440,500,500,6.0,0.0,363.6,37.8,72.0,192.3,37.8,-72.0,192.3,7.7,-21.7,154.9
greet3_right_hand_right_move_stepping,happy/高兴/neutral/中性,greeting/打招呼,mid,3,right_hand > right_move > stepping,right_hand,500,500,500,500,500,660,620,420,500,500,500,500,500,500,500,500,6.0,0.0,373.0,8.0,72.0,198.0,83.2,-14.2,246.1,8.1,1.7,162.1,0.0,0.0,0.0,right_hand,500,500,500,500,500,660,620,420,500,500,500,500,500,500,500,500,6.0,0.0,373.0,8.0,72.0,198.0,83.2,-14.2,246.1,8.1,1.7,162.1,right_move,481,500,500,500,527,500,500,500,518,500,500,500,472,500,500,500,6.0,-7.5,372.0,8.0,64.5,197.0,8.0,-79.5,197.0,5.9,-0.4,160.0,stepping,500,500,522,518,500,500,500,500,500,530,590,455,500,500,500,500,14.0,0.0,373.5,16.0,72.0,198.5,16.0,-72.0,198.5,9.7,0.0,162.5
greet3_right_hand_right_move_stand_slow,happy/高兴/neutral/中性,greeting/打招呼,low,3,right_hand > right_move > stand_slow,right_hand,500,500,500,500,500,660,620,420,500,500,500,500,500,500,500,500,6.0,0.0,373.0,8.0,72.0,198.0,83.2,-14.2,246.1,8.1,1.7,162.1,0.0,0.0,0.0,right_hand,500,500,500,500,500,660,620,420,500,500,500,500,500,500,500,500,6.0,0.0,373.0,8.0,72.0,198.0,83.2,-14.2,246.1,8.1,1.7,162.1,right_move,481,500,500,500,527,500,500,500,518,500,500,500,472,500,500,500,6.0,-7.5,372.0,8.0,64.5,197.0,8.0,-79.5,197.0,5.9,-0.4,160.0,stand_slow,500,500,500,500,500,500,500,500,500,500,500,500,500,500,500,500,6.0,0.0,373.0,8.0,72.0,198.0,8.0,-72.0,198.0,5.9,0.0,160.6
greet3_right_hand_left_move_10_twist,happy/高兴/neutral/中性,greeting/打招呼,mid,3,right_hand > left_move_10 > twist,right_hand,500,500,500,500,500,660,620,420,500,500,500,500,500,500,500,500,6.0,0.0,373.0,8.0,72.0,198.0,83.2,-14.2,246.1,8.1,1.7,162.1,0.0,0.0,0.0,right_hand,500,500,500,500,500,660,620,420,500,500,500,500,500,500,500,500,6.0,0.0,373.0,8.0,72.0,198.0,83.2,-14.2,246.1,8.1,1.7,162.1,left_move_10,518,500,500,500,472,500,500,500,481,500,500,500,527,500,500,500,6.0,5.0,372.0,8.0,77.0,197.0,8.0,-67.0,197.0,5.9,-2.1,160.0,twist,530,500,500,500,420,560,500,500,470,500,500,500,580,440,500,500,6.0,0.0,363.6,37.8,72.0,192.3,37.8,-72.0,192.3,7.7,-21.7,154.9
greet3_right_hand_left_move_10_stepping,happy/高兴/neutral/中性,greeting/打招呼,mid,3,right_hand > left_move_10 > stepping,right_hand,500,500,500,500,500,660,620,420,500,500,500,500,500,500,500,500,6.0,0.0,373.0,8.0,72.0,198.0,83.2,-14.2,246.1,8.1,1.7,162.1,0.0,0.0,0.0,right_hand,500,500,500,500,500,660,620,420,500,500,500,500,500,500,500,500,6.0,0.0,373.0,8.0,72.0,198.0,83.2,-14.2,246.1,8.1,1.7,162.1,left_move_10,518,500,500,500,472,500,500,500,481,500,500,500,527,500,500,500,6.0,5.0,372.0,8.0,77.0,197.0,8.0,-67.0,197.0,5.9,-2.1,160.0,stepping,500,500,522,518,500,500,500,500,500,530,590,455,500,500,500,500,14.0,0.0,373.5,16.0,72.0,198.5,16.0,-72.0,198.5,9.7,0.0,162.5
greet3_right_hand_left_move_10_stand_slow,happy/高兴/neutral/中性,greeting/打招呼,low,3,right_hand > left_move_10 > stand_slow,right_hand,500,500,500,500,500,660,620,420,500,500,500,500,500,500,500,500,6.0,0.0,373.0,8.0,72.0,198.0,83.2,-14.2,246.1,8.1,1.7,162.1,0.0,0.0,0.0,right_hand,500,500,500,500,500,660,620,420,500,500,500,500,500,500,500,500,6.0,0.0,373.0,8.0,72.0,198.0,83.2,-14.2,246.1,8.1,1.7,162.1,left_move_10,518,500,500,500,472,500,500,500,481,500,500,500,527,500,500,500,6.0,5.0,372.0,8.0,77.0,197.0,8.0,-67.0,197.0,5.9,-2.1,160.0,stand_slow,500,500,500,500,500,500,500,500,500,500,500,500,500,500,500,500,6.0,0.0,373.0,8.0,72.0,198.0,8.0,-72.0,198.0,5.9,0.0,160.6
greet3_right_hand_right_move_10_twist,happy/高兴/neutral/中性,greeting/打招呼,mid,3,right_hand > right_move_10 > twist,right_hand,500,500,500,500,500,660,620,420,500,500,500,500,500,500,500,500,6.0,0.0,373.0,8.0,72.0,198.0,83.2,-14.2,246.1,8.1,1.7,162.1,0.0,0.0,0.0,right_hand,500,500,500,500,500,660,620,420,500,500,500,500,500,500,500,500,6.0,0.0,373.0,8.0,72.0,198.0,83.2,-14.2,246.1,8.1,1.7,162.1,right_move_10,481,500,500,500,527,500,500,500,518,500,500,500,472,500,500,500,6.0,-5.0,372.0,8.0,67.0,197.0,8.0,-77.0,197.0,5.9,2.1,160.0,twist,530,500,500,500,420,560,500,500,470,500,500,500,580,440,500,500,6.0,0.0,363.6,37.8,72.0,192.3,37.8,-72.0,192.3,7.7,-21.7,154.9
greet3_right_hand_right_move_10_stepping,happy/高兴/neutral/中性,greeting/打招呼,mid,3,right_hand > right_move_10 > stepping,right_hand,500,500,500,500,500,660,620,420,500,500,500,500,500,500,500,500,6.0,0.0,373.0,8.0,72.0,198.0,83.2,-14.2,246.1,8.1,1.7,162.1,0.0,0.0,0.0,right_hand,500,500,500,500,500,660,620,420,500,500,500,500,500,500,500,500,6.0,0.0,373.0,8.0,72.0,198.0,83.2,-14.2,246.1,8.1,1.7,162.1,right_move_10,481,500,500,500,527,500,500,500,518,500,500,500,472,500,500,500,6.0,-5.0,372.0,8.0,67.0,197.0,8.0,-77.0,197.0,5.9,2.1,160.0,stepping,500,500,522,518,500,500,500,500,500,530,590,455,500,500,500,500,14.0,0.0,373.5,16.0,72.0,198.5,16.0,-72.0,198.5,9.7,0.0,162.5
greet3_right_hand_right_move_10_stand_slow,happy/高兴/neutral/中性,greeting/打招呼,low,3,right_hand > right_move_10 > stand_slow,right_hand,500,500,500,500,500,660,620,420,500,500,500,500,500,500,500,500,6.0,0.0,373.0,8.0,72.0,198.0,83.2,-14.2,246.1,8.1,1.7,162.1,0.0,0.0,0.0,right_hand,500,500,500,500,500,660,620,420,500,500,500,500,500,500,500,500,6.0,0.0,373.0,8.0,72.0,198.0,83.2,-14.2,246.1,8.1,1.7,162.1,right_move_10,481,500,500,500,527,500,500,500,518,500,500,500,472,500,500,500,6.0,-5.0,372.0,8.0,67.0,197.0,8.0,-77.0,197.0,5.9,2.1,160.0,stand_slow,500,500,500,500,500,500,500,500,500,500,500,500,500,500,500,500,6.0,0.0,373.0,8.0,72.0,198.0,8.0,-72.0,198.0,5.9,0.0,160.6
greet3_right_hand_left_move_20_twist,happy/高兴/neutral/中性,greeting/打招呼,mid,3,right_hand > left_move_20 > twist,right_hand,500,500,500,500,500,660,620,420,500,500,500,500,500,500,500,500,6.0,0.0,373.0,8.0,72.0,198.0,83.2,-14.2,246.1,8.1,1.7,162.1,0.0,0.0,0.0,right_hand,500,500,500,500,500,660,620,420,500,500,500,500,500,500,500,500,6.0,0.0,373.0,8.0,72.0,198.0,83.2,-14.2,246.1,8.1,1.7,162.1,left_move_20,518,500,500,500,472,500,500,500,481,500,500,500,527,500,500,500,6.0,10.0,372.0,8.0,82.0,197.0,8.0,-62.0,197.0,5.9,2.9,160.0,twist,530,500,500,500,420,560,500,500,470,500,500,500,580,440,500,500,6.0,0.0,363.6,37.8,72.0,192.3,37.8,-72.0,192.3,7.7,-21.7,154.9
greet3_right_hand_left_move_20_stepping,happy/高兴/neutral/中性,greeting/打招呼,mid,3,right_hand > left_move_20 > stepping,right_hand,500,500,500,500,500,660,620,420,500,500,500,500,500,500,500,500,6.0,0.0,373.0,8.0,72.0,198.0,83.2,-14.2,246.1,8.1,1.7,162.1,0.0,0.0,0.0,right_hand,500,500,500,500,500,660,620,420,500,500,500,500,500,500,500,500,6.0,0.0,373.0,8.0,72.0,198.0,83.2,-14.2,246.1,8.1,1.7,162.1,left_move_20,518,500,500,500,472,500,500,500,481,500,500,500,527,500,500,500,6.0,10.0,372.0,8.0,82.0,197.0,8.0,-62.0,197.0,5.9,2.9,160.0,stepping,500,500,522,518,500,500,500,500,500,530,590,455,500,500,500,500,14.0,0.0,373.5,16.0,72.0,198.5,16.0,-72.0,198.5,9.7,0.0,162.5
greet3_right_hand_left_move_20_stand_slow,happy/高兴/neutral/中性,greeting/打招呼,low,3,right_hand > left_move_20 > stand_slow,right_hand,500,500,500,500,500,660,620,420,500,500,500,500,500,500,500,500,6.0,0.0,373.0,8.0,72.0,198.0,83.2,-14.2,246.1,8.1,1.7,162.1,0.0,0.0,0.0,right_hand,500,500,500,500,500,660,620,420,500,500,500,500,500,500,500,500,6.0,0.0,373.0,8.0,72.0,198.0,83.2,-14.2,246.1,8.1,1.7,162.1,left_move_20,518,500,500,500,472,500,500,500,481,500,500,500,527,500,500,500,6.0,10.0,372.0,8.0,82.0,197.0,8.0,-62.0,197.0,5.9,2.9,160.0,stand_slow,500,500,500,500,500,500,500,500,500,500,500,500,500,500,500,500,6.0,0.0,373.0,8.0,72.0,198.0,8.0,-72.0,198.0,5.9,0.0,160.6
greet3_right_hand_right_move_20_twist,happy/高兴/neutral/中性,greeting/打招呼,mid,3,right_hand > right_move_20 > twist,right_hand,500,500,500,500,500,660,620,420,500,500,500,500,500,500,500,500,6.0,0.0,373.0,8.0,72.0,198.0,83.2,-14.2,246.1,8.1,1.7,162.1,0.0,0.0,0.0,right_hand,500,500,500,500,500,660,620,420,500,500,500,500,500,500,500,500,6.0,0.0,373.0,8.0,72.0,198.0,83.2,-14.2,246.1,8.1,1.7,162.1,right_move_20,481,500,500,500,527,500,500,500,518,500,500,500,472,500,500,500,6.0,-10.0,372.0,8.0,62.0,197.0,8.0,-82.0,197.0,5.9,-2.9,160.0,twist,530,500,500,500,420,560,500,500,470,500,500,500,580,440,500,500,6.0,0.0,363.6,37.8,72.0,192.3,37.8,-72.0,192.3,7.7,-21.7,154.9
greet3_right_hand_right_move_20_stepping,happy/高兴/neutral/中性,greeting/打招呼,mid,3,right_hand > right_move_20 > stepping,right_hand,500,500,500,500,500,660,620,420,500,500,500,500,500,500,500,500,6.0,0.0,373.0,8.0,72.0,198.0,83.2,-14.2,246.1,8.1,1.7,162.1,0.0,0.0,0.0,right_hand,500,500,500,500,500,660,620,420,500,500,500,500,500,500,500,500,6.0,0.0,373.0,8.0,72.0,198.0,83.2,-14.2,246.1,8.1,1.7,162.1,right_move_20,481,500,500,500,527,500,500,500,518,500,500,500,472,500,500,500,6.0,-10.0,372.0,8.0,62.0,197.0,8.0,-82.0,197.0,5.9,-2.9,160.0,stepping,500,500,522,518,500,500,500,500,500,530,590,455,500,500,500,500,14.0,0.0,373.5,16.0,72.0,198.5,16.0,-72.0,198.5,9.7,0.0,162.5
greet3_right_hand_right_move_20_stand_slow,happy/高兴/neutral/中性,greeting/打招呼,low,3,right_hand > right_move_20 > stand_slow,right_hand,500,500,500,500,500,660,620,420,500,500,500,500,500,500,500,500,6.0,0.0,373.0,8.0,72.0,198.0,83.2,-14.2,246.1,8.1,1.7,162.1,0.0,0.0,0.0,right_hand,500,500,500,500,500,660,620,420,500,500,500,500,500,500,500,500,6.0,0.0,373.0,8.0,72.0,198.0,83.2,-14.2,246.1,8.1,1.7,162.1,right_move_20,481,500,500,500,527,500,500,500,518,500,500,500,472,500,500,500,6.0,-10.0,372.0,8.0,62.0,197.0,8.0,-82.0,197.0,5.9,-2.9,160.0,stand_slow,500,500,500,500,500,500,500,500,500,500,500,500,500,500,500,500,6.0,0.0,373.0,8.0,72.0,198.0,8.0,-72.0,198.0,5.9,0.0,160.6
greet3_right_hand_turn_left_small_step_twist,happy/高兴/neutral/中性,greeting/打招呼,mid,3,right_hand > turn_left_small_step > twist,right_hand,500,500,500,500,500,660,620,420,500,500,500,500,500,500,500,500,6.0,0.0,373.0,8.0,72.0,198.0,83.2,-14.2,246.1,8.1,1.7,162.1,0.0,0.0,0.0,right_hand,500,500,500,500,500,660,620,420,500,500,500,500,500,500,500,500,6.0,0.0,373.0,8.0,72.0,198.0,83.2,-14.2,246.1,8.1,1.7,162.1,turn_left_small_step,500,500,513,511,500,500,500,500,500,518,555,472,500,500,500,500,5.9,0.8,373.8,-1.5,72.4,198.8,17.3,-70.3,198.8,3.3,0.4,162.0,twist,530,500,500,500,420,560,500,500,470,500,500,500,580,440,500,500,6.0,0.0,363.6,37.8,72.0,192.3,37.8,-72.0,192.3,7.7,-21.7,154.9
greet3_right_hand_turn_left_small_step_stepping,happy/高兴/neutral/中性,greeting/打招呼,mid,3,right_hand > turn_left_small_step > stepping,right_hand,500,500,500,500,500,660,620,420,500,500,500,500,500,500,500,500,6.0,0.0,373.0,8.0,72.0,198.0,83.2,-14.2,246.1,8.1,1.7,162.1,0.0,0.0,0.0,right_hand,500,500,500,500,500,660,620,420,500,500,500,500,500,500,500,500,6.0,0.0,373.0,8.0,72.0,198.0,83.2,-14.2,246.1,8.1,1.7,162.1,turn_left_small_step,500,500,513,511,500,500,500,500,500,518,555,472,500,500,500,500,5.9,0.8,373.8,-1.5,72.4,198.8,17.3,-70.3,198.8,3.3,0.4,162.0,stepping,500,500,522,518,500,500,500,500,500,530,590,455,500,500,500,500,14.0,0.0,373.5,16.0,72.0,198.5,16.0,-72.0,198.5,9.7,0.0,162.5
greet3_right_hand_turn_left_small_step_stand_slow,happy/高兴/neutral/中性,greeting/打招呼,low,3,right_hand > turn_left_small_step > stand_slow,right_hand,500,500,500,500,500,660,620,420,500,500,500,500,500,500,500,500,6.0,0.0,373.0,8.0,72.0,198.0,83.2,-14.2,246.1,8.1,1.7,162.1,0.0,0.0,0.0,right_hand,500,500,500,500,500,660,620,420,500,500,500,500,500,500,500,500,6.0,0.0,373.0,8.0,72.0,198.0,83.2,-14.2,246.1,8.1,1.7,162.1,turn_left_small_step,500,500,513,511,500,500,500,500,500,518,555,472,500,500,500,500,5.9,0.8,373.8,-1.5,72.4,198.8,17.3,-70.3,198.8,3.3,0.4,162.0,stand_slow,500,500,500,500,500,500,500,500,500,500,500,500,500,500,500,500,6.0,0.0,373.0,8.0,72.0,198.0,8.0,-72.0,198.0,5.9,0.0,160.6
greet3_right_hand_turn_right_small_step_twist,happy/高兴/neutral/中性,greeting/打招呼,mid,3,right_hand > turn_right_small_step > twist,right_hand,500,500,500,500,500,660,620,420,500,500,500,500,500,500,500,500,6.0,0.0,373.0,8.0,72.0,198.0,83.2,-14.2,246.1,8.1,1.7,162.1,0.0,0.0,0.0,right_hand,500,500,500,500,500,660,620,420,500,500,500,500,500,500,500,500,6.0,0.0,373.0,8.0,72.0,198.0,83.2,-14.2,246.1,8.1,1.7,162.1,turn_right_small_step,500,500,513,511,500,500,500,500,500,518,555,472,500,500,500,500,5.9,-0.8,373.8,17.3,70.3,198.8,-1.5,-72.4,198.8,3.3,-0.4,162.0,twist,530,500,500,500,420,560,500,500,470,500,500,500,580,440,500,500,6.0,0.0,363.6,37.8,72.0,192.3,37.8,-72.0,192.3,7.7,-21.7,154.9
greet3_right_hand_turn_right_small_step_stepping,happy/高兴/neutral/中性,greeting/打招呼,mid,3,right_hand > turn_right_small_step > stepping,right_hand,500,500,500,500,500,660,620,420,500,500,500,500,500,500,500,500,6.0,0.0,373.0,8.0,72.0,198.0,83.2,-14.2,246.1,8.1,1.7,162.1,0.0,0.0,0.0,right_hand,500,500,500,500,500,660,620,420,500,500,500,500,500,500,500,500,6.0,0.0,373.0,8.0,72.0,198.0,83.2,-14.2,246.1,8.1,1.7,162.1,turn_right_small_step,500,500,513,511,500,500,500,500,500,518,555,472,500,500,500,500,5.9,-0.8,373.8,17.3,70.3,198.8,-1.5,-72.4,198.8,3.3,-0.4,162.0,stepping,500,500,522,518,500,500,500,500,500,530,590,455,500,500,500,500,14.0,0.0,373.5,16.0,72.0,198.5,16.0,-72.0,198.5,9.7,0.0,162.5
greet3_right_hand_turn_right_small_step_stand_slow,happy/高兴/neutral/中性,greeting/打招呼,low,3,right_hand > turn_right_small_step > stand_slow,right_hand,500,500,500,500,500,660,620,420,500,500,500,500,500,500,500,500,6.0,0.0,373.0,8.0,72.0,198.0,83.2,-14.2,246.1,8.1,1.7,162.1,0.0,0.0,0.0,right_hand,500,500,500,500,500,660,620,420,500,500,500,500,500,500,500,500,6.0,0.0,373.0,8.0,72.0,198.0,83.2,-14.2,246.1,8.1,1.7,162.1,turn_right_small_step,500,500,513,511,500,500,500,500,500,518,555,472,500,500,500,500,5.9,-0.8,373.8,17.3,70.3,198.8,-1.5,-72.4,198.8,3.3,-0.4,162.0,stand_slow,500,500,500,500,500,500,500,500,500,500,500,500,500,500,500,500,6.0,0.0,373.0,8.0,72.0,198.0,8.0,-72.0,198.0,5.9,0.0,160.6
greet3_right_hand_turn_left_small_step_a_twist,happy/高兴/neutral/中性,greeting/打招呼,mid,3,right_hand > turn_left_small_step_a > twist,right_hand,500,500,500,500,500,660,620,420,500,500,500,500,500,500,500,500,6.0,0.0,373.0,8.0,72.0,198.0,83.2,-14.2,246.1,8.1,1.7,162.1,0.0,0.0,0.0,right_hand,500,500,500,500,500,660,620,420,500,500,500,500,500,500,500,500,6.0,0.0,373.0,8.0,72.0,198.0,83.2,-14.2,246.1,8.1,1.7,162.1,turn_left_small_step_a,500,500,513,511,500,500,500,500,500,518,555,472,500,500,500,500,6.0,0.5,373.8,1.7,72.4,198.8,14.2,-71.0,198.8,3.3,0.3,162.0,twist,530,500,500,500,420,560,500,500,470,500,500,500,580,440,500,500,6.0,0.0,363.6,37.8,72.0,192.3,37.8,-72.0,192.3,7.7,-21.7,154.9
greet3_right_hand_turn_left_small_step_a_stepping,happy/高兴/neutral/中性,greeting/打招呼,mid,3,right_hand > turn_left_small_step_a > stepping,right_hand,500,500,500,500,500,660,620,420,500,500,500,500,500,500,500,500,6.0,0.0,373.0,8.0,72.0,198.0,83.2,-14.2,246.1,8.1,1.7,162.1,0.0,0.0,0.0,right_hand,500,500,500,500,500,660,620,420,500,500,500,500,500,500,500,500,6.0,0.0,373.0,8.0,72.0,198.0,83.2,-14.2,246.1,8.1,1.7,162.1,turn_left_small_step_a,500,500,513,511,500,500,500,500,500,518,555,472,500,500,500,500,6.0,0.5,373.8,1.7,72.4,198.8,14.2,-71.0,198.8,3.3,0.3,162.0,stepping,500,500,522,518,500,500,500,500,500,530,590,455,500,500,500,500,14.0,0.0,373.5,16.0,72.0,198.5,16.0,-72.0,198.5,9.7,0.0,162.5
greet3_right_hand_turn_left_small_step_a_stand_slow,happy/高兴/neutral/中性,greeting/打招呼,low,3,right_hand > turn_left_small_step_a > stand_slow,right_hand,500,500,500,500,500,660,620,420,500,500,500,500,500,500,500,500,6.0,0.0,373.0,8.0,72.0,198.0,83.2,-14.2,246.1,8.1,1.7,162.1,0.0,0.0,0.0,right_hand,500,500,500,500,500,660,620,420,500,500,500,500,500,500,500,500,6.0,0.0,373.0,8.0,72.0,198.0,83.2,-14.2,246.1,8.1,1.7,162.1,turn_left_small_step_a,500,500,513,511,500,500,500,500,500,518,555,472,500,500,500,500,6.0,0.5,373.8,1.7,72.4,198.8,14.2,-71.0,198.8,3.3,0.3,162.0,stand_slow,500,500,500,500,500,500,500,500,500,500,500,500,500,500,500,500,6.0,0.0,373.0,8.0,72.0,198.0,8.0,-72.0,198.0,5.9,0.0,160.6
greet3_right_hand_turn_right_small_step_a_twist,happy/高兴/neutral/中性,greeting/打招呼,mid,3,right_hand > turn_right_small_step_a > twist,right_hand,500,500,500,500,500,660,620,420,500,500,500,500,500,500,500,500,6.0,0.0,373.0,8.0,72.0,198.0,83.2,-14.2,246.1,8.1,1.7,162.1,0.0,0.0,0.0,right_hand,500,500,500,500,500,660,620,420,500,500,500,500,500,500,500,500,6.0,0.0,373.0,8.0,72.0,198.0,83.2,-14.2,246.1,8.1,1.7,162.1,turn_right_small_step_a,500,500,513,511,500,500,500,500,500,518,555,472,500,500,500,500,6.0,-0.5,373.8,14.2,71.0,198.8,1.7,-72.4,198.8,3.3,-0.3,162.0,twist,530,500,500,500,420,560,500,500,470,500,500,500,580,440,500,500,6.0,0.0,363.6,37.8,72.0,192.3,37.8,-72.0,192.3,7.7,-21.7,154.9
greet3_right_hand_turn_right_small_step_a_stepping,happy/高兴/neutral/中性,greeting/打招呼,mid,3,right_hand > turn_right_small_step_a > stepping,right_hand,500,500,500,500,500,660,620,420,500,500,500,500,500,500,500,500,6.0,0.0,373.0,8.0,72.0,198.0,83.2,-14.2,246.1,8.1,1.7,162.1,0.0,0.0,0.0,right_hand,500,500,500,500,500,660,620,420,500,500,500,500,500,500,500,500,6.0,0.0,373.0,8.0,72.0,198.0,83.2,-14.2,246.1,8.1,1.7,162.1,turn_right_small_step_a,500,500,513,511,500,500,500,500,500,518,555,472,500,500,500,500,6.0,-0.5,373.8,14.2,71.0,198.8,1.7,-72.4,198.8,3.3,-0.3,162.0,stepping,500,500,522,518,500,500,500,500,500,530,590,455,500,500,500,500,14.0,0.0,373.5,16.0,72.0,198.5,16.0,-72.0,198.5,9.7,0.0,162.5
greet3_right_hand_turn_right_small_step_a_stand_slow,happy/高兴/neutral/中性,greeting/打招呼,low,3,right_hand > turn_right_small_step_a > stand_slow,right_hand,500,500,500,500,500,660,620,420,500,500,500,500,500,500,500,500,6.0,0.0,373.0,8.0,72.0,198.0,83.2,-14.2,246.1,8.1,1.7,162.1,0.0,0.0,0.0,right_hand,500,500,500,500,500,660,620,420,500,500,500,500,500,500,500,500,6.0,0.0,373.0,8.0,72.0,198.0,83.2,-14.2,246.1,8.1,1.7,162.1,turn_right_small_step_a,500,500,513,511,500,500,500,500,500,518,555,472,500,500,500,500,6.0,-0.5,373.8,14.2,71.0,198.8,1.7,-72.4,198.8,3.3,-0.3,162.0,stand_slow,500,500,500,500,500,500,500,500,500,500,500,500,500,500,500,500,6.0,0.0,373.0,8.0,72.0,198.0,8.0,-72.0,198.0,5.9,0.0,160.6
greet3_right_hand_twist_stand_slow,happy/高兴/neutral/中性,greeting/打招呼,low,3,right_hand > twist > stand_slow,right_hand,500,500,500,500,500,660,620,420,500,500,500,500,500,500,500,500,6.0,0.0,373.0,8.0,72.0,198.0,83.2,-14.2,246.1,8.1,1.7,162.1,0.0,0.0,0.0,right_hand,500,500,500,500,500,660,620,420,500,500,500,500,500,500,500,500,6.0,0.0,373.0,8.0,72.0,198.0,83.2,-14.2,246.1,8.1,1.7,162.1,twist,530,500,500,500,420,560,500,500,470,500,500,500,580,440,500,500,6.0,0.0,363.6,37.8,72.0,192.3,37.8,-72.0,192.3,7.7,-21.7,154.9,stand_slow,500,500,500,500,500,500,500,500,500,500,500,500,500,500,500,500,6.0,0.0,373.0,8.0,72.0,198.0,8.0,-72.0,198.0,5.9,0.0,160.6
greet3_right_hand_stepping_stand_slow,happy/高兴/neutral/中性,greeting/打招呼,low,3,right_hand > stepping > stand_slow,right_hand,500,500,500,500,500,660,620,420,500,500,500,500,500,500,500,500,6.0,0.0,373.0,8.0,72.0,198.0,83.2,-14.2,246.1,8.1,1.7,162.1,0.0,0.0,0.0,right_hand,500,500,500,500,500,660,620,420,500,500,500,500,500,500,500,500,6.0,0.0,373.0,8.0,72.0,198.0,83.2,-14.2,246.1,8.1,1.7,162.1,stepping,500,500,522,518,500,500,500,500,500,530,590,455,500,500,500,500,14.0,0.0,373.5,16.0,72.0,198.5,16.0,-72.0,198.5,9.7,0.0,162.5,stand_slow,500,500,500,500,500,500,500,500,500,500,500,500,500,500,500,500,6.0,0.0,373.0,8.0,72.0,198.0,8.0,-72.0,198.0,5.9,0.0,160.6
greet3_lift_left_hand_left_move_twist,happy/高兴/neutral/中性,greeting/打招呼,mid,3,lift_left_hand > left_move > twist,lift_left_hand,500,500,500,500,500,500,500,500,500,500,500,500,500,180,260,650,6.0,0.0,373.0,70.0,173.3,319.7,8.0,-72.0,198.0,7.7,3.0,164.3,0.0,0.0,0.0,lift_left_hand,500,500,500,500,500,500,500,500,500,500,500,500,500,180,260,650,6.0,0.0,373.0,70.0,173.3,319.7,8.0,-72.0,198.0,7.7,3.0,164.3,left_move,518,500,500,500,472,500,500,500,481,500,500,500,527,500,500,500,6.0,7.5,372.0,8.0,79.5,197.0,8.0,-64.5,197.0,5.9,0.4,160.0,twist,530,500,500,500,420,560,500,500,470,500,500,500,580,440,500,500,6.0,0.0,363.6,37.8,72.0,192.3,37.8,-72.0,192.3,7.7,-21.7,154.9
greet3_lift_left_hand_left_move_stepping,happy/高兴/neutral/中性,greeting/打招呼,mid,3,lift_left_hand > left_move > stepping,lift_left_hand,500,500,500,500,500,500,500,500,500,500,500,500,500,180,260,650,6.0,0.0,373.0,70.0,173.3,319.7,8.0,-72.0,198.0,7.7,3.0,164.3,0.0,0.0,0.0,lift_left_hand,500,500,500,500,500,500,500,500,500,500,500,500,500,180,260,650,6.0,0.0,373.0,70.0,173.3,319.7,8.0,-72.0,198.0,7.7,3.0,164.3,left_move,518,500,500,500,472,500,500,500,481,500,500,500,527,500,500,500,6.0,7.5,372.0,8.0,79.5,197.0,8.0,-64.5,197.0,5.9,0.4,160.0,stepping,500,500,522,518,500,500,500,500,500,530,590,455,500,500,500,500,14.0,0.0,373.5,16.0,72.0,198.5,16.0,-72.0,198.5,9.7,0.0,162.5
greet3_lift_left_hand_left_move_stand_slow,happy/高兴/neutral/中性,greeting/打招呼,low,3,lift_left_hand > left_move > stand_slow,lift_left_hand,500,500,500,500,500,500,500,500,500,500,500,500,500,180,260,650,6.0,0.0,373.0,70.0,173.3,319.7,8.0,-72.0,198.0,7.7,3.0,164.3,0.0,0.0,0.0,lift_left_hand,500,500,500,500,500,500,500,500,500,500,500,500,500,180,260,650,6.0,0.0,373.0,70.0,173.3,319.7,8.0,-72.0,198.0,7.7,3.0,164.3,left_move,518,500,500,500,472,500,500,500,481,500,500,500,527,500,500,500,6.0,7.5,372.0,8.0,79.5,197.0,8.0,-64.5,197.0,5.9,0.4,160.0,stand_slow,500,500,500,500,500,500,500,500,500,500,500,500,500,500,500,500,6.0,0.0,373.0,8.0,72.0,198.0,8.0,-72.0,198.0,5.9,0.0,160.6
greet3_lift_left_hand_right_move_twist,happy/高兴/neutral/中性,greeting/打招呼,mid,3,lift_left_hand > right_move > twist,lift_left_hand,500,500,500,500,500,500,500,500,500,500,500,500,500,180,260,650,6.0,0.0,373.0,70.0,173.3,319.7,8.0,-72.0,198.0,7.7,3.0,164.3,0.0,0.0,0.0,lift_left_hand,500,500,500,500,500,500,500,500,500,500,500,500,500,180,260,650,6.0,0.0,373.0,70.0,173.3,319.7,8.0,-72.0,198.0,7.7,3.0,164.3,right_move,481,500,500,500,527,500,500,500,518,500,500,500,472,500,500,500,6.0,-7.5,372.0,8.0,64.5,197.0,8.0,-79.5,197.0,5.9,-0.4,160.0,twist,530,500,500,500,420,560,500,500,470,500,500,500,580,440,500,500,6.0,0.0,363.6,37.8,72.0,192.3,37.8,-72.0,192.3,7.7,-21.7,154.9
greet3_lift_left_hand_right_move_stepping,happy/高兴/neutral/中性,greeting/打招呼,mid,3,lift_left_hand > right_move > stepping,lift_left_hand,500,500,500,500,500,500,500,500,500,500,500,500,500,180,260,650,6.0,0.0,373.0,70.0,173.3,319.7,8.0,-72.0,198.0,7.7,3.0,164.3,0.0,0.0,0.0,lift_left_hand,500,500,500,500,500,500,500,500,500,500,500,500,500,180,260,650,6.0,0.0,373.0,70.0,173.3,319.7,8.0,-72.0,198.0,7.7,3.0,164.3,right_move,481,500,500,500,527,500,500,500,518,500,500,500,472,500,500,500,6.0,-7.5,372.0,8.0,64.5,197.0,8.0,-79.5,197.0,5.9,-0.4,160.0,stepping,500,500,522,518,500,500,500,500,500,530,590,455,500,500,500,500,14.0,0.0,373.5,16.0,72.0,198.5,16.0,-72.0,198.5,9.7,0.0,162.5
greet3_lift_left_hand_right_move_stand_slow,happy/高兴/neutral/中性,greeting/打招呼,low,3,lift_left_hand > right_move > stand_slow,lift_left_hand,500,500,500,500,500,500,500,500,500,500,500,500,500,180,260,650,6.0,0.0,373.0,70.0,173.3,319.7,8.0,-72.0,198.0,7.7,3.0,164.3,0.0,0.0,0.0,lift_left_hand,500,500,500,500,500,500,500,500,500,500,500,500,500,180,260,650,6.0,0.0,373.0,70.0,173.3,319.7,8.0,-72.0,198.0,7.7,3.0,164.3,right_move,481,500,500,500,527,500,500,500,518,500,500,500,472,500,500,500,6.0,-7.5,372.0,8.0,64.5,197.0,8.0,-79.5,197.0,5.9,-0.4,160.0,stand_slow,500,500,500,500,500,500,500,500,500,500,500,500,500,500,500,500,6.0,0.0,373.0,8.0,72.0,198.0,8.0,-72.0,198.0,5.9,0.0,160.6
greet3_lift_left_hand_left_move_10_twist,happy/高兴/neutral/中性,greeting/打招呼,mid,3,lift_left_hand > left_move_10 > twist,lift_left_hand,500,500,500,500,500,500,500,500,500,500,500,500,500,180,260,650,6.0,0.0,373.0,70.0,173.3,319.7,8.0,-72.0,198.0,7.7,3.0,164.3,0.0,0.0,0.0,lift_left_hand,500,500,500,500,500,500,500,500,500,500,500,500,500,180,260,650,6.0,0.0,373.0,70.0,173.3,319.7,8.0,-72.0,198.0,7.7,3.0,164.3,left_move_10,518,500,500,500,472,500,500,500,481,500,500,500,527,500,500,500,6.0,5.0,372.0,8.0,77.0,197.0,8.0,-67.0,197.0,5.9,-2.1,160.0,twist,530,500,500,500,420,560,500,500,470,500,500,500,580,440,500,500,6.0,0.0,363.6,37.8,72.0,192.3,37.8,-72.0,192.3,7.7,-21.7,154.9
greet3_lift_left_hand_left_move_10_stepping,happy/高兴/neutral/中性,greeting/打招呼,mid,3,lift_left_hand > left_move_10 > stepping,lift_left_hand,500,500,500,500,500,500,500,500,500,500,500,500,500,180,260,650,6.0,0.0,373.0,70.0,173.3,319.7,8.0,-72.0,198.0,7.7,3.0,164.3,0.0,0.0,0.0,lift_left_hand,500,500,500,500,500,500,500,500,500,500,500,500,500,180,260,650,6.0,0.0,373.0,70.0,173.3,319.7,8.0,-72.0,198.0,7.7,3.0,164.3,left_move_10,518,500,500,500,472,500,500,500,481,500,500,500,527,500,500,500,6.0,5.0,372.0,8.0,77.0,197.0,8.0,-67.0,197.0,5.9,-2.1,160.0,stepping,500,500,522,518,500,500,500,500,500,530,590,455,500,500,500,500,14.0,0.0,373.5,16.0,72.0,198.5,16.0,-72.0,198.5,9.7,0.0,162.5
greet3_lift_left_hand_left_move_10_stand_slow,happy/高兴/neutral/中性,greeting/打招呼,low,3,lift_left_hand > left_move_10 > stand_slow,lift_left_hand,500,500,500,500,500,500,500,500,500,500,500,500,500,180,260,650,6.0,0.0,373.0,70.0,173.3,319.7,8.0,-72.0,198.0,7.7,3.0,164.3,0.0,0.0,0.0,lift_left_hand,500,500,500,500,500,500,500,500,500,500,500,500,500,180,260,650,6.0,0.0,373.0,70.0,173.3,319.7,8.0,-72.0,198.0,7.7,3.0,164.3,left_move_10,518,500,500,500,472,500,500,500,481,500,500,500,527,500,500,500,6.0,5.0,372.0,8.0,77.0,197.0,8.0,-67.0,197.0,5.9,-2.1,160.0,stand_slow,500,500,500,500,500,500,500,500,500,500,500,500,500,500,500,500,6.0,0.0,373.0,8.0,72.0,198.0,8.0,-72.0,198.0,5.9,0.0,160.6
greet3_lift_left_hand_right_move_10_twist,happy/高兴/neutral/中性,greeting/打招呼,mid,3,lift_left_hand > right_move_10 > twist,lift_left_hand,500,500,500,500,500,500,500,500,500,500,500,500,500,180,260,650,6.0,0.0,373.0,70.0,173.3,319.7,8.0,-72.0,198.0,7.7,3.0,164.3,0.0,0.0,0.0,lift_left_hand,500,500,500,500,500,500,500,500,500,500,500,500,500,180,260,650,6.0,0.0,373.0,70.0,173.3,319.7,8.0,-72.0,198.0,7.7,3.0,164.3,right_move_10,481,500,500,500,527,500,500,500,518,500,500,500,472,500,500,500,6.0,-5.0,372.0,8.0,67.0,197.0,8.0,-77.0,197.0,5.9,2.1,160.0,twist,530,500,500,500,420,560,500,500,470,500,500,500,580,440,500,500,6.0,0.0,363.6,37.8,72.0,192.3,37.8,-72.0,192.3,7.7,-21.7,154.9
greet3_lift_left_hand_right_move_10_stepping,happy/高兴/neutral/中性,greeting/打招呼,mid,3,lift_left_hand > right_move_10 > stepping,lift_left_hand,500,500,500,500,500,500,500,500,500,500,500,500,500,180,260,650,6.0,0.0,373.0,70.0,173.3,319.7,8.0,-72.0,198.0,7.7,3.0,164.3,0.0,0.0,0.0,lift_left_hand,500,500,500,500,500,500,500,500,500,500,500,500,500,180,260,650,6.0,0.0,373.0,70.0,173.3,319.7,8.0,-72.0,198.0,7.7,3.0,164.3,right_move_10,481,500,500,500,527,500,500,500,518,500,500,500,472,500,500,500,6.0,-5.0,372.0,8.0,67.0,197.0,8.0,-77.0,197.0,5.9,2.1,160.0,stepping,500,500,522,518,500,500,500,500,500,530,590,455,500,500,500,500,14.0,0.0,373.5,16.0,72.0,198.5,16.0,-72.0,198.5,9.7,0.0,162.5
greet3_lift_left_hand_right_move_10_stand_slow,happy/高兴/neutral/中性,greeting/打招呼,low,3,lift_left_hand > right_move_10 > stand_slow,lift_left_hand,500,500,500,500,500,500,500,500,500,500,500,500,500,180,260,650,6.0,0.0,373.0,70.0,173.3,319.7,8.0,-72.0,198.0,7.7,3.0,164.3,0.0,0.0,0.0,lift_left_hand,500,500,500,500,500,500,500,500,500,500,500,500,500,180,260,650,6.0,0.0,373.0,70.0,173.3,319.7,8.0,-72.0,198.0,7.7,3.0,164.3,right_move_10,481,500,500,500,527,500,500,500,518,500,500,500,472,500,500,500,6.0,-5.0,372.0,8.0,67.0,197.0,8.0,-77.0,197.0,5.9,2.1,160.0,stand_slow,500,500,500,500,500,500,500,500,500,500,500,500,500,500,500,500,6.0,0.0,373.0,8.0,72.0,198.0,8.0,-72.0,198.0,5.9,0.0,160.6
greet3_lift_left_hand_left_move_20_twist,happy/高兴/neutral/中性,greeting/打招呼,mid,3,lift_left_hand > left_move_20 > twist,lift_left_hand,500,500,500,500,500,500,500,500,500,500,500,500,500,180,260,650,6.0,0.0,373.0,70.0,173.3,319.7,8.0,-72.0,198.0,7.7,3.0,164.3,0.0,0.0,0.0,lift_left_hand,500,500,500,500,500,500,500,500,500,500,500,500,500,180,260,650,6.0,0.0,373.0,70.0,173.3,319.7,8.0,-72.0,198.0,7.7,3.0,164.3,left_move_20,518,500,500,500,472,500,500,500,481,500,500,500,527,500,500,500,6.0,10.0,372.0,8.0,82.0,197.0,8.0,-62.0,197.0,5.9,2.9,160.0,twist,530,500,500,500,420,560,500,500,470,500,500,500,580,440,500,500,6.0,0.0,363.6,37.8,72.0,192.3,37.8,-72.0,192.3,7.7,-21.7,154.9
greet3_lift_left_hand_left_move_20_stepping,happy/高兴/neutral/中性,greeting/打招呼,mid,3,lift_left_hand > left_move_20 > stepping,lift_left_hand,500,500,500,500,500,500,500,500,500,500,500,500,500,180,260,650,6.0,0.0,373.0,70.0,173.3,319.7,8.0,-72.0,198.0,7.7,3.0,164.3,0.0,0.0,0.0,lift_left_hand,500,500,500,500,500,500,500,500,500,500,500,500,500,180,260,650,6.0,0.0,373.0,70.0,173.3,319.7,8.0,-72.0,198.0,7.7,3.0,164.3,left_move_20,518,500,500,500,472,500,500,500,481,500,500,500,527,500,500,500,6.0,10.0,372.0,8.0,82.0,197.0,8.0,-62.0,197.0,5.9,2.9,160.0,stepping,500,500,522,518,500,500,500,500,500,530,590,455,500,500,500,500,14.0,0.0,373.5,16.0,72.0,198.5,16.0,-72.0,198.5,9.7,0.0,162.5
greet3_lift_left_hand_left_move_20_stand_slow,happy/高兴/neutral/中性,greeting/打招呼,low,3,lift_left_hand > left_move_20 > stand_slow,lift_left_hand,500,500,500,500,500,500,500,500,500,500,500,500,500,180,260,650,6.0,0.0,373.0,70.0,173.3,319.7,8.0,-72.0,198.0,7.7,3.0,164.3,0.0,0.0,0.0,lift_left_hand,500,500,500,500,500,500,500,500,500,500,500,500,500,180,260,650,6.0,0.0,373.0,70.0,173.3,319.7,8.0,-72.0,198.0,7.7,3.0,164.3,left_move_20,518,500,500,500,472,500,500,500,481,500,500,500,527,500,500,500,6.0,10.0,372.0,8.0,82.0,197.0,8.0,-62.0,197.0,5.9,2.9,160.0,stand_slow,500,500,500,500,500,500,500,500,500,500,500,500,500,500,500,500,6.0,0.0,373.0,8.0,72.0,198.0,8.0,-72.0,198.0,5.9,0.0,160.6
greet3_lift_left_hand_right_move_20_twist,happy/高兴/neutral/中性,greeting/打招呼,mid,3,lift_left_hand > right_move_20 > twist,lift_left_hand,500,500,500,500,500,500,500,500,500,500,500,500,500,180,260,650,6.0,0.0,373.0,70.0,173.3,319.7,8.0,-72.0,198.0,7.7,3.0,164.3,0.0,0.0,0.0,lift_left_hand,500,500,500,500,500,500,500,500,500,500,500,500,500,180,260,650,6.0,0.0,373.0,70.0,173.3,319.7,8.0,-72.0,198.0,7.7,3.0,164.3,right_move_20,481,500,500,500,527,500,500,500,518,500,500,500,472,500,500,500,6.0,-10.0,372.0,8.0,62.0,197.0,8.0,-82.0,197.0,5.9,-2.9,160.0,twist,530,500,500,500,420,560,500,500,470,500,500,500,580,440,500,500,6.0,0.0,363.6,37.8,72.0,192.3,37.8,-72.0,192.3,7.7,-21.7,154.9
greet3_lift_left_hand_right_move_20_stepping,happy/高兴/neutral/中性,greeting/打招呼,mid,3,lift_left_hand > right_move_20 > stepping,lift_left_hand,500,500,500,500,500,500,500,500,500,500,500,500,500,180,260,650,6.0,0.0,373.0,70.0,173.3,319.7,8.0,-72.0,198.0,7.7,3.0,164.3,0.0,0.0,0.0,lift_left_hand,500,500,500,500,500,500,500,500,500,500,500,500,500,180,260,650,6.0,0.0,373.0,70.0,173.3,319.7,8.0,-72.0,198.0,7.7,3.0,164.3,right_move_20,481,500,500,500,527,500,500,500,518,500,500,500,472,500,500,500,6.0,-10.0,372.0,8.0,62.0,197.0,8.0,-82.0,197.0,5.9,-2.9,160.0,stepping,500,500,522,518,500,500,500,500,500,530,590,455,500,500,500,500,14.0,0.0,373.5,16.0,72.0,198.5,16.0,-72.0,198.5,9.7,0.0,162.5
greet3_lift_left_hand_right_move_20_stand_slow,happy/高兴/neutral/中性,greeting/打招呼,low,3,lift_left_hand > right_move_20 > stand_slow,lift_left_hand,500,500,500,500,500,500,500,500,500,500,500,500,500,180,260,650,6.0,0.0,373.0,70.0,173.3,319.7,8.0,-72.0,198.0,7.7,3.0,164.3,0.0,0.0,0.0,lift_left_hand,500,500,500,500,500,500,500,500,500,500,500,500,500,180,260,650,6.0,0.0,373.0,70.0,173.3,319.7,8.0,-72.0,198.0,7.7,3.0,164.3,right_move_20,481,500,500,500,527,500,500,500,518,500,500,500,472,500,500,500,6.0,-10.0,372.0,8.0,62.0,197.0,8.0,-82.0,197.0,5.9,-2.9,160.0,stand_slow,500,500,500,500,500,500,500,500,500,500,500,500,500,500,500,500,6.0,0.0,373.0,8.0,72.0,198.0,8.0,-72.0,198.0,5.9,0.0,160.6
greet3_lift_left_hand_turn_left_small_step_twist,happy/高兴/neutral/中性,greeting/打招呼,mid,3,lift_left_hand > turn_left_small_step > twist,lift_left_hand,500,500,500,500,500,500,500,500,500,500,500,500,500,180,260,650,6.0,0.0,373.0,70.0,173.3,319.7,8.0,-72.0,198.0,7.7,3.0,164.3,0.0,0.0,0.0,lift_left_hand,500,500,500,500,500,500,500,500,500,500,500,500,500,180,260,650,6.0,0.0,373.0,70.0,173.3,319.7,8.0,-72.0,198.0,7.7,3.0,164.3,turn_left_small_step,500,500,513,511,500,500,500,500,500,518,555,472,500,500,500,500,5.9,0.8,373.8,-1.5,72.4,198.8,17.3,-70.3,198.8,3.3,0.4,162.0,twist,530,500,500,500,420,560,500,500,470,500,500,500,580,440,500,500,6.0,0.0,363.6,37.8,72.0,192.3,37.8,-72.0,192.3,7.7,-21.7,154.9
greet3_lift_left_hand_turn_left_small_step_stepping,happy/高兴/neutral/中性,greeting/打招呼,mid,3,lift_left_hand > turn_left_small_step > stepping,lift_left_hand,500,500,500,500,500,500,500,500,500,500,500,500,500,180,260,650,6.0,0.0,373.0,70.0,173.3,319.7,8.0,-72.0,198.0,7.7,3.0,164.3,0.0,0.0,0.0,lift_left_hand,500,500,500,500,500,500,500,500,500,500,500,500,500,180,260,650,6.0,0.0,373.0,70.0,173.3,319.7,8.0,-72.0,198.0,7.7,3.0,164.3,turn_left_small_step,500,500,513,511,500,500,500,500,500,518,555,472,500,500,500,500,5.9,0.8,373.8,-1.5,72.4,198.8,17.3,-70.3,198.8,3.3,0.4,162.0,stepping,500,500,522,518,500,500,500,500,500,530,590,455,500,500,500,500,14.0,0.0,373.5,16.0,72.0,198.5,16.0,-72.0,198.5,9.7,0.0,162.5
greet3_lift_left_hand_turn_left_small_step_stand_slow,happy/高兴/neutral/中性,greeting/打招呼,low,3,lift_left_hand > turn_left_small_step > stand_slow,lift_left_hand,500,500,500,500,500,500,500,500,500,500,500,500,500,180,260,650,6.0,0.0,373.0,70.0,173.3,319.7,8.0,-72.0,198.0,7.7,3.0,164.3,0.0,0.0,0.0,lift_left_hand,500,500,500,500,500,500,500,500,500,500,500,500,500,180,260,650,6.0,0.0,373.0,70.0,173.3,319.7,8.0,-72.0,198.0,7.7,3.0,164.3,turn_left_small_step,500,500,513,511,500,500,500,500,500,518,555,472,500,500,500,500,5.9,0.8,373.8,-1.5,72.4,198.8,17.3,-70.3,198.8,3.3,0.4,162.0,stand_slow,500,500,500,500,500,500,500,500,500,500,500,500,500,500,500,500,6.0,0.0,373.0,8.0,72.0,198.0,8.0,-72.0,198.0,5.9,0.0,160.6
greet3_lift_left_hand_turn_right_small_step_twist,happy/高兴/neutral/中性,greeting/打招呼,mid,3,lift_left_hand > turn_right_small_step > twist,lift_left_hand,500,500,500,500,500,500,500,500,500,500,500,500,500,180,260,650,6.0,0.0,373.0,70.0,173.3,319.7,8.0,-72.0,198.0,7.7,3.0,164.3,0.0,0.0,0.0,lift_left_hand,500,500,500,500,500,500,500,500,500,500,500,500,500,180,260,650,6.0,0.0,373.0,70.0,173.3,319.7,8.0,-72.0,198.0,7.7,3.0,164.3,turn_right_small_step,500,500,513,511,500,500,500,500,500,518,555,472,500,500,500,500,5.9,-0.8,373.8,17.3,70.3,198.8,-1.5,-72.4,198.8,3.3,-0.4,162.0,twist,530,500,500,500,420,560,500,500,470,500,500,500,580,440,500,500,6.0,0.0,363.6,37.8,72.0,192.3,37.8,-72.0,192.3,7.7,-21.7,154.9
greet3_lift_left_hand_turn_right_small_step_stepping,happy/高兴/neutral/中性,greeting/打招呼,mid,3,lift_left_hand > turn_right_small_step > stepping,lift_left_hand,500,500,500,500,500,500,500,500,500,500,500,500,500,180,260,650,6.0,0.0,373.0,70.0,173.3,319.7,8.0,-72.0,198.0,7.7,3.0,164.3,0.0,0.0,0.0,lift_left_hand,500,500,500,500,500,500,500,500,500,500,500,500,500,180,260,650,6.0,0.0,373.0,70.0,173.3,319.7,8.0,-72.0,198.0,7.7,3.0,164.3,turn_right_small_step,500,500,513,511,500,500,500,500,500,518,555,472,500,500,500,500,5.9,-0.8,373.8,17.3,70.3,198.8,-1.5,-72.4,198.8,3.3,-0.4,162.0,stepping,500,500,522,518,500,500,500,500,500,530,590,455,500,500,500,500,14.0,0.0,373.5,16.0,72.0,198.5,16.0,-72.0,198.5,9.7,0.0,162.5
greet3_lift_left_hand_turn_right_small_step_stand_slow,happy/高兴/neutral/中性,greeting/打招呼,low,3,lift_left_hand > turn_right_small_step > stand_slow,lift_left_hand,500,500,500,500,500,500,500,500,500,500,500,500,500,180,260,650,6.0,0.0,373.0,70.0,173.3,319.7,8.0,-72.0,198.0,7.7,3.0,164.3,0.0,0.0,0.0,lift_left_hand,500,500,500,500,500,500,500,500,500,500,500,500,500,180,260,650,6.0,0.0,373.0,70.0,173.3,319.7,8.0,-72.0,198.0,7.7,3.0,164.3,turn_right_small_step,500,500,513,511,500,500,500,500,500,518,555,472,500,500,500,500,5.9,-0.8,373.8,17.3,70.3,198.8,-1.5,-72.4,198.8,3.3,-0.4,162.0,stand_slow,500,500,500,500,500,500,500,500,500,500,500,500,500,500,500,500,6.0,0.0,373.0,8.0,72.0,198.0,8.0,-72.0,198.0,5.9,0.0,160.6
greet3_lift_left_hand_turn_left_small_step_a_twist,happy/高兴/neutral/中性,greeting/打招呼,mid,3,lift_left_hand > turn_left_small_step_a > twist,lift_left_hand,500,500,500,500,500,500,500,500,500,500,500,500,500,180,260,650,6.0,0.0,373.0,70.0,173.3,319.7,8.0,-72.0,198.0,7.7,3.0,164.3,0.0,0.0,0.0,lift_left_hand,500,500,500,500,500,500,500,500,500,500,500,500,500,180,260,650,6.0,0.0,373.0,70.0,173.3,319.7,8.0,-72.0,198.0,7.7,3.0,164.3,turn_left_small_step_a,500,500,513,511,500,500,500,500,500,518,555,472,500,500,500,500,6.0,0.5,373.8,1.7,72.4,198.8,14.2,-71.0,198.8,3.3,0.3,162.0,twist,530,500,500,500,420,560,500,500,470,500,500,500,580,440,500,500,6.0,0.0,363.6,37.8,72.0,192.3,37.8,-72.0,192.3,7.7,-21.7,154.9
greet3_lift_left_hand_turn_left_small_step_a_stepping,happy/高兴/neutral/中性,greeting/打招呼,mid,3,lift_left_hand > turn_left_small_step_a > stepping,lift_left_hand,500,500,500,500,500,500,500,500,500,500,500,500,500,180,260,650,6.0,0.0,373.0,70.0,173.3,319.7,8.0,-72.0,198.0,7.7,3.0,164.3,0.0,0.0,0.0,lift_left_hand,500,500,500,500,500,500,500,500,500,500,500,500,500,180,260,650,6.0,0.0,373.0,70.0,173.3,319.7,8.0,-72.0,198.0,7.7,3.0,164.3,turn_left_small_step_a,500,500,513,511,500,500,500,500,500,518,555,472,500,500,500,500,6.0,0.5,373.8,1.7,72.4,198.8,14.2,-71.0,198.8,3.3,0.3,162.0,stepping,500,500,522,518,500,500,500,500,500,530,590,455,500,500,500,500,14.0,0.0,373.5,16.0,72.0,198.5,16.0,-72.0,198.5,9.7,0.0,162.5
greet3_lift_left_hand_turn_left_small_step_a_stand_slow,happy/高兴/neutral/中性,greeting/打招呼,low,3,lift_left_hand > turn_left_small_step_a > stand_slow,lift_left_hand,500,500,500,500,500,500,500,500,500,500,500,500,500,180,260,650,6.0,0.0,373.0,70.0,173.3,319.7,8.0,-72.0,198.0,7.7,3.0,164.3,0.0,0.0,0.0,lift_left_hand,500,500,500,500,500,500,500,500,500,500,500,500,500,180,260,650,6.0,0.0,373.0,70.0,173.3,319.7,8.0,-72.0,198.0,7.7,3.0,164.3,turn_left_small_step_a,500,500,513,511,500,500,500,500,500,518,555,472,500,500,500,500,6.0,0.5,373.8,1.7,72.4,198.8,14.2,-71.0,198.8,3.3,0.3,162.0,stand_slow,500,500,500,500,500,500,500,500,500,500,500,500,500,500,500,500,6.0,0.0,373.0,8.0,72.0,198.0,8.0,-72.0,198.0,5.9,0.0,160.6
greet3_lift_left_hand_turn_right_small_step_a_twist,happy/高兴/neutral/中性,greeting/打招呼,mid,3,lift_left_hand > turn_right_small_step_a > twist,lift_left_hand,500,500,500,500,500,500,500,500,500,500,500,500,500,180,260,650,6.0,0.0,373.0,70.0,173.3,319.7,8.0,-72.0,198.0,7.7,3.0,164.3,0.0,0.0,0.0,lift_left_hand,500,500,500,500,500,500,500,500,500,500,500,500,500,180,260,650,6.0,0.0,373.0,70.0,173.3,319.7,8.0,-72.0,198.0,7.7,3.0,164.3,turn_right_small_step_a,500,500,513,511,500,500,500,500,500,518,555,472,500,500,500,500,6.0,-0.5,373.8,14.2,71.0,198.8,1.7,-72.4,198.8,3.3,-0.3,162.0,twist,530,500,500,500,420,560,500,500,470,500,500,500,580,440,500,500,6.0,0.0,363.6,37.8,72.0,192.3,37.8,-72.0,192.3,7.7,-21.7,154.9
greet3_lift_left_hand_turn_right_small_step_a_stepping,happy/高兴/neutral/中性,greeting/打招呼,mid,3,lift_left_hand > turn_right_small_step_a > stepping,lift_left_hand,500,500,500,500,500,500,500,500,500,500,500,500,500,180,260,650,6.0,0.0,373.0,70.0,173.3,319.7,8.0,-72.0,198.0,7.7,3.0,164.3,0.0,0.0,0.0,lift_left_hand,500,500,500,500,500,500,500,500,500,500,500,500,500,180,260,650,6.0,0.0,373.0,70.0,173.3,319.7,8.0,-72.0,198.0,7.7,3.0,164.3,turn_right_small_step_a,500,500,513,511,500,500,500,500,500,518,555,472,500,500,500,500,6.0,-0.5,373.8,14.2,71.0,198.8,1.7,-72.4,198.8,3.3,-0.3,162.0,stepping,500,500,522,518,500,500,500,500,500,530,590,455,500,500,500,500,14.0,0.0,373.5,16.0,72.0,198.5,16.0,-72.0,198.5,9.7,0.0,162.5
greet3_lift_left_hand_turn_right_small_step_a_stand_slow,happy/高兴/neutral/中性,greeting/打招呼,low,3,lift_left_hand > turn_right_small_step_a > stand_slow,lift_left_hand,500,500,500,500,500,500,500,500,500,500,500,500,500,180,260,650,6.0,0.0,373.0,70.0,173.3,319.7,8.0,-72.0,198.0,7.7,3.0,164.3,0.0,0.0,0.0,lift_left_hand,500,500,500,500,500,500,500,500,500,500,500,500,500,180,260,650,6.0,0.0,373.0,70.0,173.3,319.7,8.0,-72.0,198.0,7.7,3.0,164.3,turn_right_small_step_a,500,500,513,511,500,500,500,500,500,518,555,472,500,500,500,500,6.0,-0.5,373.8,14.2,71.0,198.8,1.7,-72.4,198.8,3.3,-0.3,162.0,stand_slow,500,500,500,500,500,500,500,500,500,500,500,500,500,500,500,500,6.0,0.0,373.0,8.0,72.0,198.0,8.0,-72.0,198.0,5.9,0.0,160.6
greet3_lift_left_hand_twist_stand_slow,happy/高兴/neutral/中性,greeting/打招呼,low,3,lift_left_hand > twist > stand_slow,lift_left_hand,500,500,500,500,500,500,500,500,500,500,500,500,500,180,260,650,6.0,0.0,373.0,70.0,173.3,319.7,8.0,-72.0,198.0,7.7,3.0,164.3,0.0,0.0,0.0,lift_left_hand,500,500,500,500,500,500,500,500,500,500,500,500,500,180,260,650,6.0,0.0,373.0,70.0,173.3,319.7,8.0,-72.0,198.0,7.7,3.0,164.3,twist,530,500,500,500,420,560,500,500,470,500,500,500,580,440,500,500,6.0,0.0,363.6,37.8,72.0,192.3,37.8,-72.0,192.3,7.7,-21.7,154.9,stand_slow,500,500,500,500,500,500,500,500,500,500,500,500,500,500,500,500,6.0,0.0,373.0,8.0,72.0,198.0,8.0,-72.0,198.0,5.9,0.0,160.6
greet3_lift_left_hand_stepping_stand_slow,happy/高兴/neutral/中性,greeting/打招呼,low,3,lift_left_hand > stepping > stand_slow,lift_left_hand,500,500,500,500,500,500,500,500,500,500,500,500,500,180,260,650,6.0,0.0,373.0,70.0,173.3,319.7,8.0,-72.0,198.0,7.7,3.0,164.3,0.0,0.0,0.0,lift_left_hand,500,500,500,500,500,500,500,500,500,500,500,500,500,180,260,650,6.0,0.0,373.0,70.0,173.3,319.7,8.0,-72.0,198.0,7.7,3.0,164.3,stepping,500,500,522,518,500,500,500,500,500,530,590,455,500,500,500,500,14.0,0.0,373.5,16.0,72.0,198.5,16.0,-72.0,198.5,9.7,0.0,162.5,stand_slow,500,500,500,500,500,500,500,500,500,500,500,500,500,500,500,500,6.0,0.0,373.0,8.0,72.0,198.0,8.0,-72.0,198.0,5.9,0.0,160.6
greet3_go_hand_up_left_move_twist,happy/高兴/neutral/中性,greeting/打招呼,mid,3,go_hand_up > left_move > twist,go_hand_up,500,500,500,500,500,820,740,350,500,500,500,500,500,180,260,650,6.0,0.0,373.0,70.0,173.3,319.7,70.0,29.3,319.7,9.6,6.1,167.9,0.0,0.0,0.0,go_hand_up,500,500,500,500,500,820,740,350,500,500,500,500,500,180,260,650,6.0,0.0,373.0,70.0,173.3,319.7,70.0,29.3,319.7,9.6,6.1,167.9,left_move,518,500,500,500,472,500,500,500,481,500,500,500,527,500,500,500,6.0,7.5,372.0,8.0,79.5,197.0,8.0,-64.5,197.0,5.9,0.4,160.0,twist,530,500,500,500,420,560,500,500,470,500,500,500,580,440,500,500,6.0,0.0,363.6,37.8,72.0,192.3,37.8,-72.0,192.3,7.7,-21.7,154.9
greet3_go_hand_up_left_move_stepping,happy/高兴/neutral/中性,greeting/打招呼,mid,3,go_hand_up > left_move > stepping,go_hand_up,500,500,500,500,500,820,740,350,500,500,500,500,500,180,260,650,6.0,0.0,373.0,70.0,173.3,319.7,70.0,29.3,319.7,9.6,6.1,167.9,0.0,0.0,0.0,go_hand_up,500,500,500,500,500,820,740,350,500,500,500,500,500,180,260,650,6.0,0.0,373.0,70.0,173.3,319.7,70.0,29.3,319.7,9.6,6.1,167.9,left_move,518,500,500,500,472,500,500,500,481,500,500,500,527,500,500,500,6.0,7.5,372.0,8.0,79.5,197.0,8.0,-64.5,197.0,5.9,0.4,160.0,stepping,500,500,522,518,500,500,500,500,500,530,590,455,500,500,500,500,14.0,0.0,373.5,16.0,72.0,198.5,16.0,-72.0,198.5,9.7,0.0,162.5
greet3_go_hand_up_left_move_stand_slow,happy/高兴/neutral/中性,greeting/打招呼,low,3,go_hand_up > left_move > stand_slow,go_hand_up,500,500,500,500,500,820,740,350,500,500,500,500,500,180,260,650,6.0,0.0,373.0,70.0,173.3,319.7,70.0,29.3,319.7,9.6,6.1,167.9,0.0,0.0,0.0,go_hand_up,500,500,500,500,500,820,740,350,500,500,500,500,500,180,260,650,6.0,0.0,373.0,70.0,173.3,319.7,70.0,29.3,319.7,9.6,6.1,167.9,left_move,518,500,500,500,472,500,500,500,481,500,500,500,527,500,500,500,6.0,7.5,372.0,8.0,79.5,197.0,8.0,-64.5,197.0,5.9,0.4,160.0,stand_slow,500,500,500,500,500,500,500,500,500,500,500,500,500,500,500,500,6.0,0.0,373.0,8.0,72.0,198.0,8.0,-72.0,198.0,5.9,0.0,160.6
greet3_go_hand_up_right_move_twist,happy/高兴/neutral/中性,greeting/打招呼,mid,3,go_hand_up > right_move > twist,go_hand_up,500,500,500,500,500,820,740,350,500,500,500,500,500,180,260,650,6.0,0.0,373.0,70.0,173.3,319.7,70.0,29.3,319.7,9.6,6.1,167.9,0.0,0.0,0.0,go_hand_up,500,500,500,500,500,820,740,350,500,500,500,500,500,180,260,650,6.0,0.0,373.0,70.0,173.3,319.7,70.0,29.3,319.7,9.6,6.1,167.9,right_move,481,500,500,500,527,500,500,500,518,500,500,500,472,500,500,500,6.0,-7.5,372.0,8.0,64.5,197.0,8.0,-79.5,197.0,5.9,-0.4,160.0,twist,530,500,500,500,420,560,500,500,470,500,500,500,580,440,500,500,6.0,0.0,363.6,37.8,72.0,192.3,37.8,-72.0,192.3,7.7,-21.7,154.9
greet3_go_hand_up_right_move_stepping,happy/高兴/neutral/中性,greeting/打招呼,mid,3,go_hand_up > right_move > stepping,go_hand_up,500,500,500,500,500,820,740,350,500,500,500,500,500,180,260,650,6.0,0.0,373.0,70.0,173.3,319.7,70.0,29.3,319.7,9.6,6.1,167.9,0.0,0.0,0.0,go_hand_up,500,500,500,500,500,820,740,350,500,500,500,500,500,180,260,650,6.0,0.0,373.0,70.0,173.3,319.7,70.0,29.3,319.7,9.6,6.1,167.9,right_move,481,500,500,500,527,500,500,500,518,500,500,500,472,500,500,500,6.0,-7.5,372.0,8.0,64.5,197.0,8.0,-79.5,197.0,5.9,-0.4,160.0,stepping,500,500,522,518,500,500,500,500,500,530,590,455,500,500,500,500,14.0,0.0,373.5,16.0,72.0,198.5,16.0,-72.0,198.5,9.7,0.0,162.5
greet3_go_hand_up_right_move_stand_slow,happy/高兴/neutral/中性,greeting/打招呼,low,3,go_hand_up > right_move > stand_slow,go_hand_up,500,500,500,500,500,820,740,350,500,500,500,500,500,180,260,650,6.0,0.0,373.0,70.0,173.3,319.7,70.0,29.3,319.7,9.6,6.1,167.9,0.0,0.0,0.0,go_hand_up,500,500,500,500,500,820,740,350,500,500,500,500,500,180,260,650,6.0,0.0,373.0,70.0,173.3,319.7,70.0,29.3,319.7,9.6,6.1,167.9,right_move,481,500,500,500,527,500,500,500,518,500,500,500,472,500,500,500,6.0,-7.5,372.0,8.0,64.5,197.0,8.0,-79.5,197.0,5.9,-0.4,160.0,stand_slow,500,500,500,500,500,500,500,500,500,500,500,500,500,500,500,500,6.0,0.0,373.0,8.0,72.0,198.0,8.0,-72.0,198.0,5.9,0.0,160.6
greet3_go_hand_up_left_move_10_twist,happy/高兴/neutral/中性,greeting/打招呼,mid,3,go_hand_up > left_move_10 > twist,go_hand_up,500,500,500,500,500,820,740,350,500,500,500,500,500,180,260,650,6.0,0.0,373.0,70.0,173.3,319.7,70.0,29.3,319.7,9.6,6.1,167.9,0.0,0.0,0.0,go_hand_up,500,500,500,500,500,820,740,350,500,500,500,500,500,180,260,650,6.0,0.0,373.0,70.0,173.3,319.7,70.0,29.3,319.7,9.6,6.1,167.9,left_move_10,518,500,500,500,472,500,500,500,481,500,500,500,527,500,500,500,6.0,5.0,372.0,8.0,77.0,197.0,8.0,-67.0,197.0,5.9,-2.1,160.0,twist,530,500,500,500,420,560,500,500,470,500,500,500,580,440,500,500,6.0,0.0,363.6,37.8,72.0,192.3,37.8,-72.0,192.3,7.7,-21.7,154.9
greet3_go_hand_up_left_move_10_stepping,happy/高兴/neutral/中性,greeting/打招呼,mid,3,go_hand_up > left_move_10 > stepping,go_hand_up,500,500,500,500,500,820,740,350,500,500,500,500,500,180,260,650,6.0,0.0,373.0,70.0,173.3,319.7,70.0,29.3,319.7,9.6,6.1,167.9,0.0,0.0,0.0,go_hand_up,500,500,500,500,500,820,740,350,500,500,500,500,500,180,260,650,6.0,0.0,373.0,70.0,173.3,319.7,70.0,29.3,319.7,9.6,6.1,167.9,left_move_10,518,500,500,500,472,500,500,500,481,500,500,500,527,500,500,500,6.0,5.0,372.0,8.0,77.0,197.0,8.0,-67.0,197.0,5.9,-2.1,160.0,stepping,500,500,522,518,500,500,500,500,500,530,590,455,500,500,500,500,14.0,0.0,373.5,16.0,72.0,198.5,16.0,-72.0,198.5,9.7,0.0,162.5
greet3_go_hand_up_left_move_10_stand_slow,happy/高兴/neutral/中性,greeting/打招呼,low,3,go_hand_up > left_move_10 > stand_slow,go_hand_up,500,500,500,500,500,820,740,350,500,500,500,500,500,180,260,650,6.0,0.0,373.0,70.0,173.3,319.7,70.0,29.3,319.7,9.6,6.1,167.9,0.0,0.0,0.0,go_hand_up,500,500,500,500,500,820,740,350,500,500,500,500,500,180,260,650,6.0,0.0,373.0,70.0,173.3,319.7,70.0,29.3,319.7,9.6,6.1,167.9,left_move_10,518,500,500,500,472,500,500,500,481,500,500,500,527,500,500,500,6.0,5.0,372.0,8.0,77.0,197.0,8.0,-67.0,197.0,5.9,-2.1,160.0,stand_slow,500,500,500,500,500,500,500,500,500,500,500,500,500,500,500,500,6.0,0.0,373.0,8.0,72.0,198.0,8.0,-72.0,198.0,5.9,0.0,160.6
greet3_go_hand_up_right_move_10_twist,happy/高兴/neutral/中性,greeting/打招呼,mid,3,go_hand_up > right_move_10 > twist,go_hand_up,500,500,500,500,500,820,740,350,500,500,500,500,500,180,260,650,6.0,0.0,373.0,70.0,173.3,319.7,70.0,29.3,319.7,9.6,6.1,167.9,0.0,0.0,0.0,go_hand_up,500,500,500,500,500,820,740,350,500,500,500,500,500,180,260,650,6.0,0.0,373.0,70.0,173.3,319.7,70.0,29.3,319.7,9.6,6.1,167.9,right_move_10,481,500,500,500,527,500,500,500,518,500,500,500,472,500,500,500,6.0,-5.0,372.0,8.0,67.0,197.0,8.0,-77.0,197.0,5.9,2.1,160.0,twist,530,500,500,500,420,560,500,500,470,500,500,500,580,440,500,500,6.0,0.0,363.6,37.8,72.0,192.3,37.8,-72.0,192.3,7.7,-21.7,154.9
greet3_go_hand_up_right_move_10_stepping,happy/高兴/neutral/中性,greeting/打招呼,mid,3,go_hand_up > right_move_10 > stepping,go_hand_up,500,500,500,500,500,820,740,350,500,500,500,500,500,180,260,650,6.0,0.0,373.0,70.0,173.3,319.7,70.0,29.3,319.7,9.6,6.1,167.9,0.0,0.0,0.0,go_hand_up,500,500,500,500,500,820,740,350,500,500,500,500,500,180,260,650,6.0,0.0,373.0,70.0,173.3,319.7,70.0,29.3,319.7,9.6,6.1,167.9,right_move_10,481,500,500,500,527,500,500,500,518,500,500,500,472,500,500,500,6.0,-5.0,372.0,8.0,67.0,197.0,8.0,-77.0,197.0,5.9,2.1,160.0,stepping,500,500,522,518,500,500,500,500,500,530,590,455,500,500,500,500,14.0,0.0,373.5,16.0,72.0,198.5,16.0,-72.0,198.5,9.7,0.0,162.5
greet3_go_hand_up_right_move_10_stand_slow,happy/高兴/neutral/中性,greeting/打招呼,low,3,go_hand_up > right_move_10 > stand_slow,go_hand_up,500,500,500,500,500,820,740,350,500,500,500,500,500,180,260,650,6.0,0.0,373.0,70.0,173.3,319.7,70.0,29.3,319.7,9.6,6.1,167.9,0.0,0.0,0.0,go_hand_up,500,500,500,500,500,820,740,350,500,500,500,500,500,180,260,650,6.0,0.0,373.0,70.0,173.3,319.7,70.0,29.3,319.7,9.6,6.1,167.9,right_move_10,481,500,500,500,527,500,500,500,518,500,500,500,472,500,500,500,6.0,-5.0,372.0,8.0,67.0,197.0,8.0,-77.0,197.0,5.9,2.1,160.0,stand_slow,500,500,500,500,500,500,500,500,500,500,500,500,500,500,500,500,6.0,0.0,373.0,8.0,72.0,198.0,8.0,-72.0,198.0,5.9,0.0,160.6
greet3_go_hand_up_left_move_20_twist,happy/高兴/neutral/中性,greeting/打招呼,mid,3,go_hand_up > left_move_20 > twist,go_hand_up,500,500,500,500,500,820,740,350,500,500,500,500,500,180,260,650,6.0,0.0,373.0,70.0,173.3,319.7,70.0,29.3,319.7,9.6,6.1,167.9,0.0,0.0,0.0,go_hand_up,500,500,500,500,500,820,740,350,500,500,500,500,500,180,260,650,6.0,0.0,373.0,70.0,173.3,319.7,70.0,29.3,319.7,9.6,6.1,167.9,left_move_20,518,500,500,500,472,500,500,500,481,500,500,500,527,500,500,500,6.0,10.0,372.0,8.0,82.0,197.0,8.0,-62.0,197.0,5.9,2.9,160.0,twist,530,500,500,500,420,560,500,500,470,500,500,500,580,440,500,500,6.0,0.0,363.6,37.8,72.0,192.3,37.8,-72.0,192.3,7.7,-21.7,154.9
greet3_go_hand_up_left_move_20_stepping,happy/高兴/neutral/中性,greeting/打招呼,mid,3,go_hand_up > left_move_20 > stepping,go_hand_up,500,500,500,500,500,820,740,350,500,500,500,500,500,180,260,650,6.0,0.0,373.0,70.0,173.3,319.7,70.0,29.3,319.7,9.6,6.1,167.9,0.0,0.0,0.0,go_hand_up,500,500,500,500,500,820,740,350,500,500,500,500,500,180,260,650,6.0,0.0,373.0,70.0,173.3,319.7,70.0,29.3,319.7,9.6,6.1,167.9,left_move_20,518,500,500,500,472,500,500,500,481,500,500,500,527,500,500,500,6.0,10.0,372.0,8.0,82.0,197.0,8.0,-62.0,197.0,5.9,2.9,160.0,stepping,500,500,522,518,500,500,500,500,500,530,590,455,500,500,500,500,14.0,0.0,373.5,16.0,72.0,198.5,16.0,-72.0,198.5,9.7,0.0,162.5
greet3_go_hand_up_left_move_20_stand_slow,happy/高兴/neutral/中性,greeting/打招呼,low,3,go_hand_up > left_move_20 > stand_slow,go_hand_up,500,500,500,500,500,820,740,350,500,500,500,500,500,180,260,650,6.0,0.0,373.0,70.0,173.3,319.7,70.0,29.3,319.7,9.6,6.1,167.9,0.0,0.0,0.0,go_hand_up,500,500,500,500,500,820,740,350,500,500,500,500,500,180,260,650,6.0,0.0,373.0,70.0,173.3,319.7,70.0,29.3,319.7,9.6,6.1,167.9,left_move_20,518,500,500,500,472,500,500,500,481,500,500,500,527,500,500,500,6.0,10.0,372.0,8.0,82.0,197.0,8.0,-62.0,197.0,5.9,2.9,160.0,stand_slow,500,500,500,500,500,500,500,500,500,500,500,500,500,500,500,500,6.0,0.0,373.0,8.0,72.0,198.0,8.0,-72.0,198.0,5.9,0.0,160.6
greet3_go_hand_up_right_move_20_twist,happy/高兴/neutral/中性,greeting/打招呼,mid,3,go_hand_up > right_move_20 > twist,go_hand_up,500,500,500,500,500,820,740,350,500,500,500,500,500,180,260,650,6.0,0.0,373.0,70.0,173.3,319.7,70.0,29.3,319.7,9.6,6.1,167.9,0.0,0.0,0.0,go_hand_up,500,500,500,500,500,820,740,350,500,500,500,500,500,180,260,650,6.0,0.0,373.0,70.0,173.3,319.7,70.0,29.3,319.7,9.6,6.1,167.9,right_move_20,481,500,500,500,527,500,500,500,518,500,500,500,472,500,500,500,6.0,-10.0,372.0,8.0,62.0,197.0,8.0,-82.0,197.0,5.9,-2.9,160.0,twist,530,500,500,500,420,560,500,500,470,500,500,500,580,440,500,500,6.0,0.0,363.6,37.8,72.0,192.3,37.8,-72.0,192.3,7.7,-21.7,154.9
greet3_go_hand_up_right_move_20_stepping,happy/高兴/neutral/中性,greeting/打招呼,mid,3,go_hand_up > right_move_20 > stepping,go_hand_up,500,500,500,500,500,820,740,350,500,500,500,500,500,180,260,650,6.0,0.0,373.0,70.0,173.3,319.7,70.0,29.3,319.7,9.6,6.1,167.9,0.0,0.0,0.0,go_hand_up,500,500,500,500,500,820,740,350,500,500,500,500,500,180,260,650,6.0,0.0,373.0,70.0,173.3,319.7,70.0,29.3,319.7,9.6,6.1,167.9,right_move_20,481,500,500,500,527,500,500,500,518,500,500,500,472,500,500,500,6.0,-10.0,372.0,8.0,62.0,197.0,8.0,-82.0,197.0,5.9,-2.9,160.0,stepping,500,500,522,518,500,500,500,500,500,530,590,455,500,500,500,500,14.0,0.0,373.5,16.0,72.0,198.5,16.0,-72.0,198.5,9.7,0.0,162.5
greet3_go_hand_up_right_move_20_stand_slow,happy/高兴/neutral/中性,greeting/打招呼,low,3,go_hand_up > right_move_20 > stand_slow,go_hand_up,500,500,500,500,500,820,740,350,500,500,500,500,500,180,260,650,6.0,0.0,373.0,70.0,173.3,319.7,70.0,29.3,319.7,9.6,6.1,167.9,0.0,0.0,0.0,go_hand_up,500,500,500,500,500,820,740,350,500,500,500,500,500,180,260,650,6.0,0.0,373.0,70.0,173.3,319.7,70.0,29.3,319.7,9.6,6.1,167.9,right_move_20,481,500,500,500,527,500,500,500,518,500,500,500,472,500,500,500,6.0,-10.0,372.0,8.0,62.0,197.0,8.0,-82.0,197.0,5.9,-2.9,160.0,stand_slow,500,500,500,500,500,500,500,500,500,500,500,500,500,500,500,500,6.0,0.0,373.0,8.0,72.0,198.0,8.0,-72.0,198.0,5.9,0.0,160.6
greet3_go_hand_up_turn_left_small_step_twist,happy/高兴/neutral/中性,greeting/打招呼,mid,3,go_hand_up > turn_left_small_step > twist,go_hand_up,500,500,500,500,500,820,740,350,500,500,500,500,500,180,260,650,6.0,0.0,373.0,70.0,173.3,319.7,70.0,29.3,319.7,9.6,6.1,167.9,0.0,0.0,0.0,go_hand_up,500,500,500,500,500,820,740,350,500,500,500,500,500,180,260,650,6.0,0.0,373.0,70.0,173.3,319.7,70.0,29.3,319.7,9.6,6.1,167.9,turn_left_small_step,500,500,513,511,500,500,500,500,500,518,555,472,500,500,500,500,5.9,0.8,373.8,-1.5,72.4,198.8,17.3,-70.3,198.8,3.3,0.4,162.0,twist,530,500,500,500,420,560,500,500,470,500,500,500,580,440,500,500,6.0,0.0,363.6,37.8,72.0,192.3,37.8,-72.0,192.3,7.7,-21.7,154.9
greet3_go_hand_up_turn_left_small_step_stepping,happy/高兴/neutral/中性,greeting/打招呼,mid,3,go_hand_up > turn_left_small_step > stepping,go_hand_up,500,500,500,500,500,820,740,350,500,500,500,500,500,180,260,650,6.0,0.0,373.0,70.0,173.3,319.7,70.0,29.3,319.7,9.6,6.1,167.9,0.0,0.0,0.0,go_hand_up,500,500,500,500,500,820,740,350,500,500,500,500,500,180,260,650,6.0,0.0,373.0,70.0,173.3,319.7,70.0,29.3,319.7,9.6,6.1,167.9,turn_left_small_step,500,500,513,511,500,500,500,500,500,518,555,472,500,500,500,500,5.9,0.8,373.8,-1.5,72.4,198.8,17.3,-70.3,198.8,3.3,0.4,162.0,stepping,500,500,522,518,500,500,500,500,500,530,590,455,500,500,500,500,14.0,0.0,373.5,16.0,72.0,198.5,16.0,-72.0,198.5,9.7,0.0,162.5
greet3_go_hand_up_turn_left_small_step_stand_slow,happy/高兴/neutral/中性,greeting/打招呼,low,3,go_hand_up > turn_left_small_step > stand_slow,go_hand_up,500,500,500,500,500,820,740,350,500,500,500,500,500,180,260,650,6.0,0.0,373.0,70.0,173.3,319.7,70.0,29.3,319.7,9.6,6.1,167.9,0.0,0.0,0.0,go_hand_up,500,500,500,500,500,820,740,350,500,500,500,500,500,180,260,650,6.0,0.0,373.0,70.0,173.3,319.7,70.0,29.3,319.7,9.6,6.1,167.9,turn_left_small_step,500,500,513,511,500,500,500,500,500,518,555,472,500,500,500,500,5.9,0.8,373.8,-1.5,72.4,198.8,17.3,-70.3,198.8,3.3,0.4,162.0,stand_slow,500,500,500,500,500,500,500,500,500,500,500,500,500,500,500,500,6.0,0.0,373.0,8.0,72.0,198.0,8.0,-72.0,198.0,5.9,0.0,160.6
greet3_go_hand_up_turn_right_small_step_twist,happy/高兴/neutral/中性,greeting/打招呼,mid,3,go_hand_up > turn_right_small_step > twist,go_hand_up,500,500,500,500,500,820,740,350,500,500,500,500,500,180,260,650,6.0,0.0,373.0,70.0,173.3,319.7,70.0,29.3,319.7,9.6,6.1,167.9,0.0,0.0,0.0,go_hand_up,500,500,500,500,500,820,740,350,500,500,500,500,500,180,260,650,6.0,0.0,373.0,70.0,173.3,319.7,70.0,29.3,319.7,9.6,6.1,167.9,turn_right_small_step,500,500,513,511,500,500,500,500,500,518,555,472,500,500,500,500,5.9,-0.8,373.8,17.3,70.3,198.8,-1.5,-72.4,198.8,3.3,-0.4,162.0,twist,530,500,500,500,420,560,500,500,470,500,500,500,580,440,500,500,6.0,0.0,363.6,37.8,72.0,192.3,37.8,-72.0,192.3,7.7,-21.7,154.9
greet3_go_hand_up_turn_right_small_step_stepping,happy/高兴/neutral/中性,greeting/打招呼,mid,3,go_hand_up > turn_right_small_step > stepping,go_hand_up,500,500,500,500,500,820,740,350,500,500,500,500,500,180,260,650,6.0,0.0,373.0,70.0,173.3,319.7,70.0,29.3,319.7,9.6,6.1,167.9,0.0,0.0,0.0,go_hand_up,500,500,500,500,500,820,740,350,500,500,500,500,500,180,260,650,6.0,0.0,373.0,70.0,173.3,319.7,70.0,29.3,319.7,9.6,6.1,167.9,turn_right_small_step,500,500,513,511,500,500,500,500,500,518,555,472,500,500,500,500,5.9,-0.8,373.8,17.3,70.3,198.8,-1.5,-72.4,198.8,3.3,-0.4,162.0,stepping,500,500,522,518,500,500,500,500,500,530,590,455,500,500,500,500,14.0,0.0,373.5,16.0,72.0,198.5,16.0,-72.0,198.5,9.7,0.0,162.5
greet3_go_hand_up_turn_right_small_step_stand_slow,happy/高兴/neutral/中性,greeting/打招呼,low,3,go_hand_up > turn_right_small_step > stand_slow,go_hand_up,500,500,500,500,500,820,740,350,500,500,500,500,500,180,260,650,6.0,0.0,373.0,70.0,173.3,319.7,70.0,29.3,319.7,9.6,6.1,167.9,0.0,0.0,0.0,go_hand_up,500,500,500,500,500,820,740,350,500,500,500,500,500,180,260,650,6.0,0.0,373.0,70.0,173.3,319.7,70.0,29.3,319.7,9.6,6.1,167.9,turn_right_small_step,500,500,513,511,500,500,500,500,500,518,555,472,500,500,500,500,5.9,-0.8,373.8,17.3,70.3,198.8,-1.5,-72.4,198.8,3.3,-0.4,162.0,stand_slow,500,500,500,500,500,500,500,500,500,500,500,500,500,500,500,500,6.0,0.0,373.0,8.0,72.0,198.0,8.0,-72.0,198.0,5.9,0.0,160.6
greet3_go_hand_up_turn_left_small_step_a_twist,happy/高兴/neutral/中性,greeting/打招呼,mid,3,go_hand_up > turn_left_small_step_a > twist,go_hand_up,500,500,500,500,500,820,740,350,500,500,500,500,500,180,260,650,6.0,0.0,373.0,70.0,173.3,319.7,70.0,29.3,319.7,9.6,6.1,167.9,0.0,0.0,0.0,go_hand_up,500,500,500,500,500,820,740,350,500,500,500,500,500,180,260,650,6.0,0.0,373.0,70.0,173.3,319.7,70.0,29.3,319.7,9.6,6.1,167.9,turn_left_small_step_a,500,500,513,511,500,500,500,500,500,518,555,472,500,500,500,500,6.0,0.5,373.8,1.7,72.4,198.8,14.2,-71.0,198.8,3.3,0.3,162.0,twist,530,500,500,500,420,560,500,500,470,500,500,500,580,440,500,500,6.0,0.0,363.6,37.8,72.0,192.3,37.8,-72.0,192.3,7.7,-21.7,154.9
greet3_go_hand_up_turn_left_small_step_a_stepping,happy/高兴/neutral/中性,greeting/打招呼,mid,3,go_hand_up > turn_left_small_step_a > stepping,go_hand_up,500,500,500,500,500,820,740,350,500,500,500,500,500,180,260,650,6.0,0.0,373.0,70.0,173.3,319.7,70.0,29.3,319.7,9.6,6.1,167.9,0.0,0.0,0.0,go_hand_up,500,500,500,500,500,820,740,350,500,500,500,500,500,180,260,650,6.0,0.0,373.0,70.0,173.3,319.7,70.0,29.3,319.7,9.6,6.1,167.9,turn_left_small_step_a,500,500,513,511,500,500,500,500,500,518,555,472,500,500,500,500,6.0,0.5,373.8,1.7,72.4,198.8,14.2,-71.0,198.8,3.3,0.3,162.0,stepping,500,500,522,518,500,500,500,500,500,530,590,455,500,500,500,500,14.0,0.0,373.5,16.0,72.0,198.5,16.0,-72.0,198.5,9.7,0.0,162.5
greet3_go_hand_up_turn_left_small_step_a_stand_slow,happy/高兴/neutral/中性,greeting/打招呼,low,3,go_hand_up > turn_left_small_step_a > stand_slow,go_hand_up,500,500,500,500,500,820,740,350,500,500,500,500,500,180,260,650,6.0,0.0,373.0,70.0,173.3,319.7,70.0,29.3,319.7,9.6,6.1,167.9,0.0,0.0,0.0,go_hand_up,500,500,500,500,500,820,740,350,500,500,500,500,500,180,260,650,6.0,0.0,373.0,70.0,173.3,319.7,70.0,29.3,319.7,9.6,6.1,167.9,turn_left_small_step_a,500,500,513,511,500,500,500,500,500,518,555,472,500,500,500,500,6.0,0.5,373.8,1.7,72.4,198.8,14.2,-71.0,198.8,3.3,0.3,162.0,stand_slow,500,500,500,500,500,500,500,500,500,500,500,500,500,500,500,500,6.0,0.0,373.0,8.0,72.0,198.0,8.0,-72.0,198.0,5.9,0.0,160.6
greet3_go_hand_up_turn_right_small_step_a_twist,happy/高兴/neutral/中性,greeting/打招呼,mid,3,go_hand_up > turn_right_small_step_a > twist,go_hand_up,500,500,500,500,500,820,740,350,500,500,500,500,500,180,260,650,6.0,0.0,373.0,70.0,173.3,319.7,70.0,29.3,319.7,9.6,6.1,167.9,0.0,0.0,0.0,go_hand_up,500,500,500,500,500,820,740,350,500,500,500,500,500,180,260,650,6.0,0.0,373.0,70.0,173.3,319.7,70.0,29.3,319.7,9.6,6.1,167.9,turn_right_small_step_a,500,500,513,511,500,500,500,500,500,518,555,472,500,500,500,500,6.0,-0.5,373.8,14.2,71.0,198.8,1.7,-72.4,198.8,3.3,-0.3,162.0,twist,530,500,500,500,420,560,500,500,470,500,500,500,580,440,500,500,6.0,0.0,363.6,37.8,72.0,192.3,37.8,-72.0,192.3,7.7,-21.7,154.9
greet3_go_hand_up_turn_right_small_step_a_stepping,happy/高兴/neutral/中性,greeting/打招呼,mid,3,go_hand_up > turn_right_small_step_a > stepping,go_hand_up,500,500,500,500,500,820,740,350,500,500,500,500,500,180,260,650,6.0,0.0,373.0,70.0,173.3,319.7,70.0,29.3,319.7,9.6,6.1,167.9,0.0,0.0,0.0,go_hand_up,500,500,500,500,500,820,740,350,500,500,500,500,500,180,260,650,6.0,0.0,373.0,70.0,173.3,319.7,70.0,29.3,319.7,9.6,6.1,167.9,turn_right_small_step_a,500,500,513,511,500,500,500,500,500,518,555,472,500,500,500,500,6.0,-0.5,373.8,14.2,71.0,198.8,1.7,-72.4,198.8,3.3,-0.3,162.0,stepping,500,500,522,518,500,500,500,500,500,530,590,455,500,500,500,500,14.0,0.0,373.5,16.0,72.0,198.5,16.0,-72.0,198.5,9.7,0.0,162.5
greet3_go_hand_up_turn_right_small_step_a_stand_slow,happy/高兴/neutral/中性,greeting/打招呼,low,3,go_hand_up > turn_right_small_step_a > stand_slow,go_hand_up,500,500,500,500,500,820,740,350,500,500,500,500,500,180,260,650,6.0,0.0,373.0,70.0,173.3,319.7,70.0,29.3,319.7,9.6,6.1,167.9,0.0,0.0,0.0,go_hand_up,500,500,500,500,500,820,740,350,500,500,500,500,500,180,260,650,6.0,0.0,373.0,70.0,173.3,319.7,70.0,29.3,319.7,9.6,6.1,167.9,turn_right_small_step_a,500,500,513,511,500,500,500,500,500,518,555,472,500,500,500,500,6.0,-0.5,373.8,14.2,71.0,198.8,1.7,-72.4,198.8,3.3,-0.3,162.0,stand_slow,500,500,500,500,500,500,500,500,500,500,500,500,500,500,500,500,6.0,0.0,373.0,8.0,72.0,198.0,8.0,-72.0,198.0,5.9,0.0,160.6
greet3_go_hand_up_twist_stand_slow,happy/高兴/neutral/中性,greeting/打招呼,low,3,go_hand_up > twist > stand_slow,go_hand_up,500,500,500,500,500,820,740,350,500,500,500,500,500,180,260,650,6.0,0.0,373.0,70.0,173.3,319.7,70.0,29.3,319.7,9.6,6.1,167.9,0.0,0.0,0.0,go_hand_up,500,500,500,500,500,820,740,350,500,500,500,500,500,180,260,650,6.0,0.0,373.0,70.0,173.3,319.7,70.0,29.3,319.7,9.6,6.1,167.9,twist,530,500,500,500,420,560,500,500,470,500,500,500,580,440,500,500,6.0,0.0,363.6,37.8,72.0,192.3,37.8,-72.0,192.3,7.7,-21.7,154.9,stand_slow,500,500,500,500,500,500,500,500,500,500,500,500,500,500,500,500,6.0,0.0,373.0,8.0,72.0,198.0,8.0,-72.0,198.0,5.9,0.0,160.6
greet3_go_hand_up_stepping_stand_slow,happy/高兴/neutral/中性,greeting/打招呼,low,3,go_hand_up > stepping > stand_slow,go_hand_up,500,500,500,500,500,820,740,350,500,500,500,500,500,180,260,650,6.0,0.0,373.0,70.0,173.3,319.7,70.0,29.3,319.7,9.6,6.1,167.9,0.0,0.0,0.0,go_hand_up,500,500,500,500,500,820,740,350,500,500,500,500,500,180,260,650,6.0,0.0,373.0,70.0,173.3,319.7,70.0,29.3,319.7,9.6,6.1,167.9,stepping,500,500,522,518,500,500,500,500,500,530,590,455,500,500,500,500,14.0,0.0,373.5,16.0,72.0,198.5,16.0,-72.0,198.5,9.7,0.0,162.5,stand_slow,500,500,500,500,500,500,500,500,500,500,500,500,500,500,500,500,6.0,0.0,373.0,8.0,72.0,198.0,8.0,-72.0,198.0,5.9,0.0,160.6
greet3_go_hand_up1_left_move_twist,happy/高兴/neutral/中性,greeting/打招呼,mid,3,go_hand_up1 > left_move > twist,go_hand_up1,500,500,500,500,500,820,740,350,500,500,500,500,500,180,260,650,6.0,0.0,373.0,70.0,173.3,319.7,70.0,29.3,319.7,9.6,6.1,167.9,0.0,0.0,0.0,go_hand_up1,500,500,500,500,500,820,740,350,500,500,500,500,500,180,260,650,6.0,0.0,373.0,70.0,173.3,319.7,70.0,29.3,319.7,9.6,6.1,167.9,left_move,518,500,500,500,472,500,500,500,481,500,500,500,527,500,500,500,6.0,7.5,372.0,8.0,79.5,197.0,8.0,-64.5,197.0,5.9,0.4,160.0,twist,530,500,500,500,420,560,500,500,470,500,500,500,580,440,500,500,6.0,0.0,363.6,37.8,72.0,192.3,37.8,-72.0,192.3,7.7,-21.7,154.9
greet3_go_hand_up1_left_move_stepping,happy/高兴/neutral/中性,greeting/打招呼,mid,3,go_hand_up1 > left_move > stepping,go_hand_up1,500,500,500,500,500,820,740,350,500,500,500,500,500,180,260,650,6.0,0.0,373.0,70.0,173.3,319.7,70.0,29.3,319.7,9.6,6.1,167.9,0.0,0.0,0.0,go_hand_up1,500,500,500,500,500,820,740,350,500,500,500,500,500,180,260,650,6.0,0.0,373.0,70.0,173.3,319.7,70.0,29.3,319.7,9.6,6.1,167.9,left_move,518,500,500,500,472,500,500,500,481,500,500,500,527,500,500,500,6.0,7.5,372.0,8.0,79.5,197.0,8.0,-64.5,197.0,5.9,0.4,160.0,stepping,500,500,522,518,500,500,500,500,500,530,590,455,500,500,500,500,14.0,0.0,373.5,16.0,72.0,198.5,16.0,-72.0,198.5,9.7,0.0,162.5
greet3_go_hand_up1_left_move_stand_slow,happy/高兴/neutral/中性,greeting/打招呼,low,3,go_hand_up1 > left_move > stand_slow,go_hand_up1,500,500,500,500,500,820,740,350,500,500,500,500,500,180,260,650,6.0,0.0,373.0,70.0,173.3,319.7,70.0,29.3,319.7,9.6,6.1,167.9,0.0,0.0,0.0,go_hand_up1,500,500,500,500,500,820,740,350,500,500,500,500,500,180,260,650,6.0,0.0,373.0,70.0,173.3,319.7,70.0,29.3,319.7,9.6,6.1,167.9,left_move,518,500,500,500,472,500,500,500,481,500,500,500,527,500,500,500,6.0,7.5,372.0,8.0,79.5,197.0,8.0,-64.5,197.0,5.9,0.4,160.0,stand_slow,500,500,500,500,500,500,500,500,500,500,500,500,500,500,500,500,6.0,0.0,373.0,8.0,72.0,198.0,8.0,-72.0,198.0,5.9,0.0,160.6
greet3_go_hand_up1_right_move_twist,happy/高兴/neutral/中性,greeting/打招呼,mid,3,go_hand_up1 > right_move > twist,go_hand_up1,500,500,500,500,500,820,740,350,500,500,500,500,500,180,260,650,6.0,0.0,373.0,70.0,173.3,319.7,70.0,29.3,319.7,9.6,6.1,167.9,0.0,0.0,0.0,go_hand_up1,500,500,500,500,500,820,740,350,500,500,500,500,500,180,260,650,6.0,0.0,373.0,70.0,173.3,319.7,70.0,29.3,319.7,9.6,6.1,167.9,right_move,481,500,500,500,527,500,500,500,518,500,500,500,472,500,500,500,6.0,-7.5,372.0,8.0,64.5,197.0,8.0,-79.5,197.0,5.9,-0.4,160.0,twist,530,500,500,500,420,560,500,500,470,500,500,500,580,440,500,500,6.0,0.0,363.6,37.8,72.0,192.3,37.8,-72.0,192.3,7.7,-21.7,154.9
greet3_go_hand_up1_right_move_stepping,happy/高兴/neutral/中性,greeting/打招呼,mid,3,go_hand_up1 > right_move > stepping,go_hand_up1,500,500,500,500,500,820,740,350,500,500,500,500,500,180,260,650,6.0,0.0,373.0,70.0,173.3,319.7,70.0,29.3,319.7,9.6,6.1,167.9,0.0,0.0,0.0,go_hand_up1,500,500,500,500,500,820,740,350,500,500,500,500,500,180,260,650,6.0,0.0,373.0,70.0,173.3,319.7,70.0,29.3,319.7,9.6,6.1,167.9,right_move,481,500,500,500,527,500,500,500,518,500,500,500,472,500,500,500,6.0,-7.5,372.0,8.0,64.5,197.0,8.0,-79.5,197.0,5.9,-0.4,160.0,stepping,500,500,522,518,500,500,500,500,500,530,590,455,500,500,500,500,14.0,0.0,373.5,16.0,72.0,198.5,16.0,-72.0,198.5,9.7,0.0,162.5
greet3_go_hand_up1_right_move_stand_slow,happy/高兴/neutral/中性,greeting/打招呼,low,3,go_hand_up1 > right_move > stand_slow,go_hand_up1,500,500,500,500,500,820,740,350,500,500,500,500,500,180,260,650,6.0,0.0,373.0,70.0,173.3,319.7,70.0,29.3,319.7,9.6,6.1,167.9,0.0,0.0,0.0,go_hand_up1,500,500,500,500,500,820,740,350,500,500,500,500,500,180,260,650,6.0,0.0,373.0,70.0,173.3,319.7,70.0,29.3,319.7,9.6,6.1,167.9,right_move,481,500,500,500,527,500,500,500,518,500,500,500,472,500,500,500,6.0,-7.5,372.0,8.0,64.5,197.0,8.0,-79.5,197.0,5.9,-0.4,160.0,stand_slow,500,500,500,500,500,500,500,500,500,500,500,500,500,500,500,500,6.0,0.0,373.0,8.0,72.0,198.0,8.0,-72.0,198.0,5.9,0.0,160.6
greet3_go_hand_up1_left_move_10_twist,happy/高兴/neutral/中性,greeting/打招呼,mid,3,go_hand_up1 > left_move_10 > twist,go_hand_up1,500,500,500,500,500,820,740,350,500,500,500,500,500,180,260,650,6.0,0.0,373.0,70.0,173.3,319.7,70.0,29.3,319.7,9.6,6.1,167.9,0.0,0.0,0.0,go_hand_up1,500,500,500,500,500,820,740,350,500,500,500,500,500,180,260,650,6.0,0.0,373.0,70.0,173.3,319.7,70.0,29.3,319.7,9.6,6.1,167.9,left_move_10,518,500,500,500,472,500,500,500,481,500,500,500,527,500,500,500,6.0,5.0,372.0,8.0,77.0,197.0,8.0,-67.0,197.0,5.9,-2.1,160.0,twist,530,500,500,500,420,560,500,500,470,500,500,500,580,440,500,500,6.0,0.0,363.6,37.8,72.0,192.3,37.8,-72.0,192.3,7.7,-21.7,154.9
greet3_go_hand_up1_left_move_10_stepping,happy/高兴/neutral/中性,greeting/打招呼,mid,3,go_hand_up1 > left_move_10 > stepping,go_hand_up1,500,500,500,500,500,820,740,350,500,500,500,500,500,180,260,650,6.0,0.0,373.0,70.0,173.3,319.7,70.0,29.3,319.7,9.6,6.1,167.9,0.0,0.0,0.0,go_hand_up1,500,500,500,500,500,820,740,350,500,500,500,500,500,180,260,650,6.0,0.0,373.0,70.0,173.3,319.7,70.0,29.3,319.7,9.6,6.1,167.9,left_move_10,518,500,500,500,472,500,500,500,481,500,500,500,527,500,500,500,6.0,5.0,372.0,8.0,77.0,197.0,8.0,-67.0,197.0,5.9,-2.1,160.0,stepping,500,500,522,518,500,500,500,500,500,530,590,455,500,500,500,500,14.0,0.0,373.5,16.0,72.0,198.5,16.0,-72.0,198.5,9.7,0.0,162.5
greet3_go_hand_up1_left_move_10_stand_slow,happy/高兴/neutral/中性,greeting/打招呼,low,3,go_hand_up1 > left_move_10 > stand_slow,go_hand_up1,500,500,500,500,500,820,740,350,500,500,500,500,500,180,260,650,6.0,0.0,373.0,70.0,173.3,319.7,70.0,29.3,319.7,9.6,6.1,167.9,0.0,0.0,0.0,go_hand_up1,500,500,500,500,500,820,740,350,500,500,500,500,500,180,260,650,6.0,0.0,373.0,70.0,173.3,319.7,70.0,29.3,319.7,9.6,6.1,167.9,left_move_10,518,500,500,500,472,500,500,500,481,500,500,500,527,500,500,500,6.0,5.0,372.0,8.0,77.0,197.0,8.0,-67.0,197.0,5.9,-2.1,160.0,stand_slow,500,500,500,500,500,500,500,500,500,500,500,500,500,500,500,500,6.0,0.0,373.0,8.0,72.0,198.0,8.0,-72.0,198.0,5.9,0.0,160.6
greet3_go_hand_up1_right_move_10_twist,happy/高兴/neutral/中性,greeting/打招呼,mid,3,go_hand_up1 > right_move_10 > twist,go_hand_up1,500,500,500,500,500,820,740,350,500,500,500,500,500,180,260,650,6.0,0.0,373.0,70.0,173.3,319.7,70.0,29.3,319.7,9.6,6.1,167.9,0.0,0.0,0.0,go_hand_up1,500,500,500,500,500,820,740,350,500,500,500,500,500,180,260,650,6.0,0.0,373.0,70.0,173.3,319.7,70.0,29.3,319.7,9.6,6.1,167.9,right_move_10,481,500,500,500,527,500,500,500,518,500,500,500,472,500,500,500,6.0,-5.0,372.0,8.0,67.0,197.0,8.0,-77.0,197.0,5.9,2.1,160.0,twist,530,500,500,500,420,560,500,500,470,500,500,500,580,440,500,500,6.0,0.0,363.6,37.8,72.0,192.3,37.8,-72.0,192.3,7.7,-21.7,154.9
greet3_go_hand_up1_right_move_10_stepping,happy/高兴/neutral/中性,greeting/打招呼,mid,3,go_hand_up1 > right_move_10 > stepping,go_hand_up1,500,500,500,500,500,820,740,350,500,500,500,500,500,180,260,650,6.0,0.0,373.0,70.0,173.3,319.7,70.0,29.3,319.7,9.6,6.1,167.9,0.0,0.0,0.0,go_hand_up1,500,500,500,500,500,820,740,350,500,500,500,500,500,180,260,650,6.0,0.0,373.0,70.0,173.3,319.7,70.0,29.3,319.7,9.6,6.1,167.9,right_move_10,481,500,500,500,527,500,500,500,518,500,500,500,472,500,500,500,6.0,-5.0,372.0,8.0,67.0,197.0,8.0,-77.0,197.0,5.9,2.1,160.0,stepping,500,500,522,518,500,500,500,500,500,530,590,455,500,500,500,500,14.0,0.0,373.5,16.0,72.0,198.5,16.0,-72.0,198.5,9.7,0.0,162.5
greet3_go_hand_up1_right_move_10_stand_slow,happy/高兴/neutral/中性,greeting/打招呼,low,3,go_hand_up1 > right_move_10 > stand_slow,go_hand_up1,500,500,500,500,500,820,740,350,500,500,500,500,500,180,260,650,6.0,0.0,373.0,70.0,173.3,319.7,70.0,29.3,319.7,9.6,6.1,167.9,0.0,0.0,0.0,go_hand_up1,500,500,500,500,500,820,740,350,500,500,500,500,500,180,260,650,6.0,0.0,373.0,70.0,173.3,319.7,70.0,29.3,319.7,9.6,6.1,167.9,right_move_10,481,500,500,500,527,500,500,500,518,500,500,500,472,500,500,500,6.0,-5.0,372.0,8.0,67.0,197.0,8.0,-77.0,197.0,5.9,2.1,160.0,stand_slow,500,500,500,500,500,500,500,500,500,500,500,500,500,500,500,500,6.0,0.0,373.0,8.0,72.0,198.0,8.0,-72.0,198.0,5.9,0.0,160.6
greet3_go_hand_up1_left_move_20_twist,happy/高兴/neutral/中性,greeting/打招呼,mid,3,go_hand_up1 > left_move_20 > twist,go_hand_up1,500,500,500,500,500,820,740,350,500,500,500,500,500,180,260,650,6.0,0.0,373.0,70.0,173.3,319.7,70.0,29.3,319.7,9.6,6.1,167.9,0.0,0.0,0.0,go_hand_up1,500,500,500,500,500,820,740,350,500,500,500,500,500,180,260,650,6.0,0.0,373.0,70.0,173.3,319.7,70.0,29.3,319.7,9.6,6.1,167.9,left_move_20,518,500,500,500,472,500,500,500,481,500,500,500,527,500,500,500,6.0,10.0,372.0,8.0,82.0,197.0,8.0,-62.0,197.0,5.9,2.9,160.0,twist,530,500,500,500,420,560,500,500,470,500,500,500,580,440,500,500,6.0,0.0,363.6,37.8,72.0,192.3,37.8,-72.0,192.3,7.7,-21.7,154.9
greet3_go_hand_up1_left_move_20_stepping,happy/高兴/neutral/中性,greeting/打招呼,mid,3,go_hand_up1 > left_move_20 > stepping,go_hand_up1,500,500,500,500,500,820,740,350,500,500,500,500,500,180,260,650,6.0,0.0,373.0,70.0,173.3,319.7,70.0,29.3,319.7,9.6,6.1,167.9,0.0,0.0,0.0,go_hand_up1,500,500,500,500,500,820,740,350,500,500,500,500,500,180,260,650,6.0,0.0,373.0,70.0,173.3,319.7,70.0,29.3,319.7,9.6,6.1,167.9,left_move_20,518,500,500,500,472,500,500,500,481,500,500,500,527,500,500,500,6.0,10.0,372.0,8.0,82.0,197.0,8.0,-62.0,197.0,5.9,2.9,160.0,stepping,500,500,522,518,500,500,500,500,500,530,590,455,500,500,500,500,14.0,0.0,373.5,16.0,72.0,198.5,16.0,-72.0,198.5,9.7,0.0,162.5
greet3_go_hand_up1_left_move_20_stand_slow,happy/高兴/neutral/中性,greeting/打招呼,low,3,go_hand_up1 > left_move_20 > stand_slow,go_hand_up1,500,500,500,500,500,820,740,350,500,500,500,500,500,180,260,650,6.0,0.0,373.0,70.0,173.3,319.7,70.0,29.3,319.7,9.6,6.1,167.9,0.0,0.0,0.0,go_hand_up1,500,500,500,500,500,820,740,350,500,500,500,500,500,180,260,650,6.0,0.0,373.0,70.0,173.3,319.7,70.0,29.3,319.7,9.6,6.1,167.9,left_move_20,518,500,500,500,472,500,500,500,481,500,500,500,527,500,500,500,6.0,10.0,372.0,8.0,82.0,197.0,8.0,-62.0,197.0,5.9,2.9,160.0,stand_slow,500,500,500,500,500,500,500,500,500,500,500,500,500,500,500,500,6.0,0.0,373.0,8.0,72.0,198.0,8.0,-72.0,198.0,5.9,0.0,160.6
greet3_go_hand_up1_right_move_20_twist,happy/高兴/neutral/中性,greeting/打招呼,mid,3,go_hand_up1 > right_move_20 > twist,go_hand_up1,500,500,500,500,500,820,740,350,500,500,500,500,500,180,260,650,6.0,0.0,373.0,70.0,173.3,319.7,70.0,29.3,319.7,9.6,6.1,167.9,0.0,0.0,0.0,go_hand_up1,500,500,500,500,500,820,740,350,500,500,500,500,500,180,260,650,6.0,0.0,373.0,70.0,173.3,319.7,70.0,29.3,319.7,9.6,6.1,167.9,right_move_20,481,500,500,500,527,500,500,500,518,500,500,500,472,500,500,500,6.0,-10.0,372.0,8.0,62.0,197.0,8.0,-82.0,197.0,5.9,-2.9,160.0,twist,530,500,500,500,420,560,500,500,470,500,500,500,580,440,500,500,6.0,0.0,363.6,37.8,72.0,192.3,37.8,-72.0,192.3,7.7,-21.7,154.9
greet3_go_hand_up1_right_move_20_stepping,happy/高兴/neutral/中性,greeting/打招呼,mid,3,go_hand_up1 > right_move_20 > stepping,go_hand_up1,500,500,500,500,500,820,740,350,500,500,500,500,500,180,260,650,6.0,0.0,373.0,70.0,173.3,319.7,70.0,29.3,319.7,9.6,6.1,167.9,0.0,0.0,0.0,go_hand_up1,500,500,500,500,500,820,740,350,500,500,500,500,500,180,260,650,6.0,0.0,373.0,70.0,173.3,319.7,70.0,29.3,319.7,9.6,6.1,167.9,right_move_20,481,500,500,500,527,500,500,500,518,500,500,500,472,500,500,500,6.0,-10.0,372.0,8.0,62.0,197.0,8.0,-82.0,197.0,5.9,-2.9,160.0,stepping,500,500,522,518,500,500,500,500,500,530,590,455,500,500,500,500,14.0,0.0,373.5,16.0,72.0,198.5,16.0,-72.0,198.5,9.7,0.0,162.5
greet3_go_hand_up1_right_move_20_stand_slow,happy/高兴/neutral/中性,greeting/打招呼,low,3,go_hand_up1 > right_move_20 > stand_slow,go_hand_up1,500,500,500,500,500,820,740,350,500,500,500,500,500,180,260,650,6.0,0.0,373.0,70.0,173.3,319.7,70.0,29.3,319.7,9.6,6.1,167.9,0.0,0.0,0.0,go_hand_up1,500,500,500,500,500,820,740,350,500,500,500,500,500,180,260,650,6.0,0.0,373.0,70.0,173.3,319.7,70.0,29.3,319.7,9.6,6.1,167.9,right_move_20,481,500,500,500,527,500,500,500,518,500,500,500,472,500,500,500,6.0,-10.0,372.0,8.0,62.0,197.0,8.0,-82.0,197.0,5.9,-2.9,160.0,stand_slow,500,500,500,500,500,500,500,500,500,500,500,500,500,500,500,500,6.0,0.0,373.0,8.0,72.0,198.0,8.0,-72.0,198.0,5.9,0.0,160.6
greet3_go_hand_up1_turn_left_small_step_twist,happy/高兴/neutral/中性,greeting/打招呼,mid,3,go_hand_up1 > turn_left_small_step > twist,go_hand_up1,500,500,500,500,500,820,740,350,500,500,500,500,500,180,260,650,6.0,0.0,373.0,70.0,173.3,319.7,70.0,29.3,319.7,9.6,6.1,167.9,0.0,0.0,0.0,go_hand_up1,500,500,500,500,500,820,740,350,500,500,500,500,500,180,260,650,6.0,0.0,373.0,70.0,173.3,319.7,70.0,29.3,319.7,9.6,6.1,167.9,turn_left_small_step,500,500,513,511,500,500,500,500,500,518,555,472,500,500,500,500,5.9,0.8,373.8,-1.5,72.4,198.8,17.3,-70.3,198.8,3.3,0.4,162.0,twist,530,500,500,500,420,560,500,500,470,500,500,500,580,440,500,500,6.0,0.0,363.6,37.8,72.0,192.3,37.8,-72.0,192.3,7.7,-21.7,154.9
greet3_go_hand_up1_turn_left_small_step_stepping,happy/高兴/neutral/中性,greeting/打招呼,mid,3,go_hand_up1 > turn_left_small_step > stepping,go_hand_up1,500,500,500,500,500,820,740,350,500,500,500,500,500,180,260,650,6.0,0.0,373.0,70.0,173.3,319.7,70.0,29.3,319.7,9.6,6.1,167.9,0.0,0.0,0.0,go_hand_up1,500,500,500,500,500,820,740,350,500,500,500,500,500,180,260,650,6.0,0.0,373.0,70.0,173.3,319.7,70.0,29.3,319.7,9.6,6.1,167.9,turn_left_small_step,500,500,513,511,500,500,500,500,500,518,555,472,500,500,500,500,5.9,0.8,373.8,-1.5,72.4,198.8,17.3,-70.3,198.8,3.3,0.4,162.0,stepping,500,500,522,518,500,500,500,500,500,530,590,455,500,500,500,500,14.0,0.0,373.5,16.0,72.0,198.5,16.0,-72.0,198.5,9.7,0.0,162.5
greet3_go_hand_up1_turn_left_small_step_stand_slow,happy/高兴/neutral/中性,greeting/打招呼,low,3,go_hand_up1 > turn_left_small_step > stand_slow,go_hand_up1,500,500,500,500,500,820,740,350,500,500,500,500,500,180,260,650,6.0,0.0,373.0,70.0,173.3,319.7,70.0,29.3,319.7,9.6,6.1,167.9,0.0,0.0,0.0,go_hand_up1,500,500,500,500,500,820,740,350,500,500,500,500,500,180,260,650,6.0,0.0,373.0,70.0,173.3,319.7,70.0,29.3,319.7,9.6,6.1,167.9,turn_left_small_step,500,500,513,511,500,500,500,500,500,518,555,472,500,500,500,500,5.9,0.8,373.8,-1.5,72.4,198.8,17.3,-70.3,198.8,3.3,0.4,162.0,stand_slow,500,500,500,500,500,500,500,500,500,500,500,500,500,500,500,500,6.0,0.0,373.0,8.0,72.0,198.0,8.0,-72.0,198.0,5.9,0.0,160.6
greet3_go_hand_up1_turn_right_small_step_twist,happy/高兴/neutral/中性,greeting/打招呼,mid,3,go_hand_up1 > turn_right_small_step > twist,go_hand_up1,500,500,500,500,500,820,740,350,500,500,500,500,500,180,260,650,6.0,0.0,373.0,70.0,173.3,319.7,70.0,29.3,319.7,9.6,6.1,167.9,0.0,0.0,0.0,go_hand_up1,500,500,500,500,500,820,740,350,500,500,500,500,500,180,260,650,6.0,0.0,373.0,70.0,173.3,319.7,70.0,29.3,319.7,9.6,6.1,167.9,turn_right_small_step,500,500,513,511,500,500,500,500,500,518,555,472,500,500,500,500,5.9,-0.8,373.8,17.3,70.3,198.8,-1.5,-72.4,198.8,3.3,-0.4,162.0,twist,530,500,500,500,420,560,500,500,470,500,500,500,580,440,500,500,6.0,0.0,363.6,37.8,72.0,192.3,37.8,-72.0,192.3,7.7,-21.7,154.9
greet3_go_hand_up1_turn_right_small_step_stepping,happy/高兴/neutral/中性,greeting/打招呼,mid,3,go_hand_up1 > turn_right_small_step > stepping,go_hand_up1,500,500,500,500,500,820,740,350,500,500,500,500,500,180,260,650,6.0,0.0,373.0,70.0,173.3,319.7,70.0,29.3,319.7,9.6,6.1,167.9,0.0,0.0,0.0,go_hand_up1,500,500,500,500,500,820,740,350,500,500,500,500,500,180,260,650,6.0,0.0,373.0,70.0,173.3,319.7,70.0,29.3,319.7,9.6,6.1,167.9,turn_right_small_step,500,500,513,511,500,500,500,500,500,518,555,472,500,500,500,500,5.9,-0.8,373.8,17.3,70.3,198.8,-1.5,-72.4,198.8,3.3,-0.4,162.0,stepping,500,500,522,518,500,500,500,500,500,530,590,455,500,500,500,500,14.0,0.0,373.5,16.0,72.0,198.5,16.0,-72.0,198.5,9.7,0.0,162.5
greet3_go_hand_up1_turn_right_small_step_stand_slow,happy/高兴/neutral/中性,greeting/打招呼,low,3,go_hand_up1 > turn_right_small_step > stand_slow,go_hand_up1,500,500,500,500,500,820,740,350,500,500,500,500,500,180,260,650,6.0,0.0,373.0,70.0,173.3,319.7,70.0,29.3,319.7,9.6,6.1,167.9,0.0,0.0,0.0,go_hand_up1,500,500,500,500,500,820,740,350,500,500,500,500,500,180,260,650,6.0,0.0,373.0,70.0,173.3,319.7,70.0,29.3,319.7,9.6,6.1,167.9,turn_right_small_step,500,500,513,511,500,500,500,500,500,518,555,472,500,500,500,500,5.9,-0.8,373.8,17.3,70.3,198.8,-1.5,-72.4,198.8,3.3,-0.4,162.0,stand_slow,500,500,500,500,500,500,500,500,500,500,500,500,500,500,500,500,6.0,0.0,373.0,8.0,72.0,198.0,8.0,-72.0,198.0,5.9,0.0,160.6
greet3_go_hand_up1_turn_left_small_step_a_twist,happy/高兴/neutral/中性,greeting/打招呼,mid,3,go_hand_up1 > turn_left_small_step_a > twist,go_hand_up1,500,500,500,500,500,820,740,350,500,500,500,500,500,180,260,650,6.0,0.0,373.0,70.0,173.3,319.7,70.0,29.3,319.7,9.6,6.1,167.9,0.0,0.0,0.0,go_hand_up1,500,500,500,500,500,820,740,350,500,500,500,500,500,180,260,650,6.0,0.0,373.0,70.0,173.3,319.7,70.0,29.3,319.7,9.6,6.1,167.9,turn_left_small_step_a,500,500,513,511,500,500,500,500,500,518,555,472,500,500,500,500,6.0,0.5,373.8,1.7,72.4,198.8,14.2,-71.0,198.8,3.3,0.3,162.0,twist,530,500,500,500,420,560,500,500,470,500,500,500,580,440,500,500,6.0,0.0,363.6,37.8,72.0,192.3,37.8,-72.0,192.3,7.7,-21.7,154.9
greet3_go_hand_up1_turn_left_small_step_a_stepping,happy/高兴/neutral/中性,greeting/打招呼,mid,3,go_hand_up1 > turn_left_small_step_a > stepping,go_hand_up1,500,500,500,500,500,820,740,350,500,500,500,500,500,180,260,650,6.0,0.0,373.0,70.0,173.3,319.7,70.0,29.3,319.7,9.6,6.1,167.9,0.0,0.0,0.0,go_hand_up1,500,500,500,500,500,820,740,350,500,500,500,500,500,180,260,650,6.0,0.0,373.0,70.0,173.3,319.7,70.0,29.3,319.7,9.6,6.1,167.9,turn_left_small_step_a,500,500,513,511,500,500,500,500,500,518,555,472,500,500,500,500,6.0,0.5,373.8,1.7,72.4,198.8,14.2,-71.0,198.8,3.3,0.3,162.0,stepping,500,500,522,518,500,500,500,500,500,530,590,455,500,500,500,500,14.0,0.0,373.5,16.0,72.0,198.5,16.0,-72.0,198.5,9.7,0.0,162.5
greet3_go_hand_up1_turn_left_small_step_a_stand_slow,happy/高兴/neutral/中性,greeting/打招呼,low,3,go_hand_up1 > turn_left_small_step_a > stand_slow,go_hand_up1,500,500,500,500,500,820,740,350,500,500,500,500,500,180,260,650,6.0,0.0,373.0,70.0,173.3,319.7,70.0,29.3,319.7,9.6,6.1,167.9,0.0,0.0,0.0,go_hand_up1,500,500,500,500,500,820,740,350,500,500,500,500,500,180,260,650,6.0,0.0,373.0,70.0,173.3,319.7,70.0,29.3,319.7,9.6,6.1,167.9,turn_left_small_step_a,500,500,513,511,500,500,500,500,500,518,555,472,500,500,500,500,6.0,0.5,373.8,1.7,72.4,198.8,14.2,-71.0,198.8,3.3,0.3,162.0,stand_slow,500,500,500,500,500,500,500,500,500,500,500,500,500,500,500,500,6.0,0.0,373.0,8.0,72.0,198.0,8.0,-72.0,198.0,5.9,0.0,160.6
greet3_go_hand_up1_turn_right_small_step_a_twist,happy/高兴/neutral/中性,greeting/打招呼,mid,3,go_hand_up1 > turn_right_small_step_a > twist,go_hand_up1,500,500,500,500,500,820,740,350,500,500,500,500,500,180,260,650,6.0,0.0,373.0,70.0,173.3,319.7,70.0,29.3,319.7,9.6,6.1,167.9,0.0,0.0,0.0,go_hand_up1,500,500,500,500,500,820,740,350,500,500,500,500,500,180,260,650,6.0,0.0,373.0,70.0,173.3,319.7,70.0,29.3,319.7,9.6,6.1,167.9,turn_right_small_step_a,500,500,513,511,500,500,500,500,500,518,555,472,500,500,500,500,6.0,-0.5,373.8,14.2,71.0,198.8,1.7,-72.4,198.8,3.3,-0.3,162.0,twist,530,500,500,500,420,560,500,500,470,500,500,500,580,440,500,500,6.0,0.0,363.6,37.8,72.0,192.3,37.8,-72.0,192.3,7.7,-21.7,154.9
greet3_go_hand_up1_turn_right_small_step_a_stepping,happy/高兴/neutral/中性,greeting/打招呼,mid,3,go_hand_up1 > turn_right_small_step_a > stepping,go_hand_up1,500,500,500,500,500,820,740,350,500,500,500,500,500,180,260,650,6.0,0.0,373.0,70.0,173.3,319.7,70.0,29.3,319.7,9.6,6.1,167.9,0.0,0.0,0.0,go_hand_up1,500,500,500,500,500,820,740,350,500,500,500,500,500,180,260,650,6.0,0.0,373.0,70.0,173.3,319.7,70.0,29.3,319.7,9.6,6.1,167.9,turn_right_small_step_a,500,500,513,511,500,500,500,500,500,518,555,472,500,500,500,500,6.0,-0.5,373.8,14.2,71.0,198.8,1.7,-72.4,198.8,3.3,-0.3,162.0,stepping,500,500,522,518,500,500,500,500,500,530,590,455,500,500,500,500,14.0,0.0,373.5,16.0,72.0,198.5,16.0,-72.0,198.5,9.7,0.0,162.5
greet3_go_hand_up1_turn_right_small_step_a_stand_slow,happy/高兴/neutral/中性,greeting/打招呼,low,3,go_hand_up1 > turn_right_small_step_a > stand_slow,go_hand_up1,500,500,500,500,500,820,740,350,500,500,500,500,500,180,260,650,6.0,0.0,373.0,70.0,173.3,319.7,70.0,29.3,319.7,9.6,6.1,167.9,0.0,0.0,0.0,go_hand_up1,500,500,500,500,500,820,740,350,500,500,500,500,500,180,260,650,6.0,0.0,373.0,70.0,173.3,319.7,70.0,29.3,319.7,9.6,6.1,167.9,turn_right_small_step_a,500,500,513,511,500,500,500,500,500,518,555,472,500,500,500,500,6.0,-0.5,373.8,14.2,71.0,198.8,1.7,-72.4,198.8,3.3,-0.3,162.0,stand_slow,500,500,500,500,500,500,500,500,500,500,500,500,500,500,500,500,6.0,0.0,373.0,8.0,72.0,198.0,8.0,-72.0,198.0,5.9,0.0,160.6
greet3_go_hand_up1_twist_stand_slow,happy/高兴/neutral/中性,greeting/打招呼,low,3,go_hand_up1 > twist > stand_slow,go_hand_up1,500,500,500,500,500,820,740,350,500,500,500,500,500,180,260,650,6.0,0.0,373.0,70.0,173.3,319.7,70.0,29.3,319.7,9.6,6.1,167.9,0.0,0.0,0.0,go_hand_up1,500,500,500,500,500,820,740,350,500,500,500,500,500,180,260,650,6.0,0.0,373.0,70.0,173.3,319.7,70.0,29.3,319.7,9.6,6.1,167.9,twist,530,500,500,500,420,560,500,500,470,500,500,500,580,440,500,500,6.0,0.0,363.6,37.8,72.0,192.3,37.8,-72.0,192.3,7.7,-21.7,154.9,stand_slow,500,500,500,500,500,500,500,500,500,500,500,500,500,500,500,500,6.0,0.0,373.0,8.0,72.0,198.0,8.0,-72.0,198.0,5.9,0.0,160.6
greet3_go_hand_up1_stepping_stand_slow,happy/高兴/neutral/中性,greeting/打招呼,low,3,go_hand_up1 > stepping > stand_slow,go_hand_up1,500,500,500,500,500,820,740,350,500,500,500,500,500,180,260,650,6.0,0.0,373.0,70.0,173.3,319.7,70.0,29.3,319.7,9.6,6.1,167.9,0.0,0.0,0.0,go_hand_up1,500,500,500,500,500,820,740,350,500,500,500,500,500,180,260,650,6.0,0.0,373.0,70.0,173.3,319.7,70.0,29.3,319.7,9.6,6.1,167.9,stepping,500,500,522,518,500,500,500,500,500,530,590,455,500,500,500,500,14.0,0.0,373.5,16.0,72.0,198.5,16.0,-72.0,198.5,9.7,0.0,162.5,stand_slow,500,500,500,500,500,500,500,500,500,500,500,500,500,500,500,500,6.0,0.0,373.0,8.0,72.0,198.0,8.0,-72.0,198.0,5.9,0.0,160.6
playX_chest_wave,happy/高兴,play/玩耍,high,2,chest > wave,chest,500,500,500,500,500,680,620,280,500,500,500,500,500,320,380,720,6.0,0.0,373.0,96.0,129.8,276.7,96.0,-14.2,276.7,11.1,3.5,165.3,0.0,0.0,0.0,chest,500,500,500,500,500,680,620,280,500,500,500,500,500,320,380,720,6.0,0.0,373.0,96.0,129.8,276.7,96.0,-14.2,276.7,11.1,3.5,165.3,wave,500,500,500,500,500,820,740,220,500,500,500,500,500,500,500,500,6.0,0.0,373.0,8.0,72.0,198.0,62.7,29.3,332.0,7.5,3.0,164.6,,,,,,,,,,,,,,,,,,,,,,,,,,,,,
playX_chest_left_hand,happy/高兴,play/玩耍,high,2,chest > left_hand,chest,500,500,500,500,500,680,620,280,500,500,500,500,500,320,380,720,6.0,0.0,373.0,96.0,129.8,276.7,96.0,-14.2,276.7,11.1,3.5,165.3,0.0,0.0,0.0,chest,500,500,500,500,500,680,620,280,500,500,500,500,500,320,380,720,6.0,0.0,373.0,96.0,129.8,276.7,96.0,-14.2,276.7,11.1,3.5,165.3,left_hand,500,500,500,500,500,500,500,500,500,500,500,500,500,340,380,580,6.0,0.0,373.0,83.2,129.8,246.1,8.0,-72.0,198.0,8.1,1.7,162.1,,,,,,,,,,,,,,,,,,,,,,,,,,,,,
playX_left_hand_chest,happy/高兴,play/玩耍,high,2,left_hand > chest,chest,500,500,500,500,500,680,620,280,500,500,500,500,500,320,380,720,6.0,0.0,373.0,96.0,129.8,276.7,96.0,-14.2,276.7,11.1,3.5,165.3,0.0,0.0,0.0,left_hand,500,500,500,500,500,500,500,500,500,500,500,500,500,340,380,580,6.0,0.0,373.0,83.2,129.8,246.1,8.0,-72.0,198.0,8.1,1.7,162.1,chest,500,500,500,500,500,680,620,280,500,500,500,500,500,320,380,720,6.0,0.0,373.0,96.0,129.8,276.7,96.0,-14.2,276.7,11.1,3.5,165.3,,,,,,,,,,,,,,,,,,,,,,,,,,,,,
playX_chest_right_hand,happy/高兴,play/玩耍,high,2,chest > right_hand,chest,500,500,500,500,500,680,620,280,500,500,500,500,500,320,380,720,6.0,0.0,373.0,96.0,129.8,276.7,96.0,-14.2,276.7,11.1,3.5,165.3,0.0,0.0,0.0,chest,500,500,500,500,500,680,620,280,500,500,500,500,500,320,380,720,6.0,0.0,373.0,96.0,129.8,276.7,96.0,-14.2,276.7,11.1,3.5,165.3,right_hand,500,500,500,500,500,660,620,420,500,500,500,500,500,500,500,500,6.0,0.0,373.0,8.0,72.0,198.0,83.2,-14.2,246.1,8.1,1.7,162.1,,,,,,,,,,,,,,,,,,,,,,,,,,,,,
playX_chest_lift_left_hand,happy/高兴,play/玩耍,high,2,chest > lift_left_hand,chest,500,500,500,500,500,680,620,280,500,500,500,500,500,320,380,720,6.0,0.0,373.0,96.0,129.8,276.7,96.0,-14.2,276.7,11.1,3.5,165.3,0.0,0.0,0.0,chest,500,500,500,500,500,680,620,280,500,500,500,500,500,320,380,720,6.0,0.0,373.0,96.0,129.8,276.7,96.0,-14.2,276.7,11.1,3.5,165.3,lift_left_hand,500,500,500,500,500,500,500,500,500,500,500,500,500,180,260,650,6.0,0.0,373.0,70.0,173.3,319.7,8.0,-72.0,198.0,7.7,3.0,164.3,,,,,,,,,,,,,,,,,,,,,,,,,,,,,
playX_chest_go_hand_up,happy/高兴,play/玩耍,high,2,chest > go_hand_up,go_hand_up,500,500,500,500,500,820,740,350,500,500,500,500,500,180,260,650,6.0,0.0,373.0,70.0,173.3,319.7,70.0,29.3,319.7,9.6,6.1,167.9,0.0,0.0,0.0,chest,500,500,500,500,500,680,620,280,500,500,500,500,500,320,380,720,6.0,0.0,373.0,96.0,129.8,276.7,96.0,-14.2,276.7,11.1,3.5,165.3,go_hand_up,500,500,500,500,500,820,740,350,500,500,500,500,500,180,260,650,6.0,0.0,373.0,70.0,173.3,319.7,70.0,29.3,319.7,9.6,6.1,167.9,,,,,,,,,,,,,,,,,,,,,,,,,,,,,
playX_chest_go_hand_up1,happy/高兴,play/玩耍,high,2,chest > go_hand_up1,go_hand_up1,500,500,500,500,500,820,740,350,500,500,500,500,500,180,260,650,6.0,0.0,373.0,70.0,173.3,319.7,70.0,29.3,319.7,9.6,6.1,167.9,0.0,0.0,0.0,chest,500,500,500,500,500,680,620,280,500,500,500,500,500,320,380,720,6.0,0.0,373.0,96.0,129.8,276.7,96.0,-14.2,276.7,11.1,3.5,165.3,go_hand_up1,500,500,500,500,500,820,740,350,500,500,500,500,500,180,260,650,6.0,0.0,373.0,70.0,173.3,319.7,70.0,29.3,319.7,9.6,6.1,167.9,,,,,,,,,,,,,,,,,,,,,,,,,,,,,
playX_go_hand_up1_chest,happy/高兴,play/玩耍,high,2,go_hand_up1 > chest,go_hand_up1,500,500,500,500,500,820,740,350,500,500,500,500,500,180,260,650,6.0,0.0,373.0,70.0,173.3,319.7,70.0,29.3,319.7,9.6,6.1,167.9,0.0,0.0,0.0,go_hand_up1,500,500,500,500,500,820,740,350,500,500,500,500,500,180,260,650,6.0,0.0,373.0,70.0,173.3,319.7,70.0,29.3,319.7,9.6,6.1,167.9,chest,500,500,500,500,500,680,620,280,500,500,500,500,500,320,380,720,6.0,0.0,373.0,96.0,129.8,276.7,96.0,-14.2,276.7,11.1,3.5,165.3,,,,,,,,,,,,,,,,,,,,,,,,,,,,,
playX_chest_stepping,happy/高兴,play/玩耍,high,2,chest > stepping,chest,500,500,500,500,500,680,620,280,500,500,500,500,500,320,380,720,6.0,0.0,373.0,96.0,129.8,276.7,96.0,-14.2,276.7,11.1,3.5,165.3,0.0,0.0,0.0,chest,500,500,500,500,500,680,620,280,500,500,500,500,500,320,380,720,6.0,0.0,373.0,96.0,129.8,276.7,96.0,-14.2,276.7,11.1,3.5,165.3,stepping,500,500,522,518,500,500,500,500,500,530,590,455,500,500,500,500,14.0,0.0,373.5,16.0,72.0,198.5,16.0,-72.0,198.5,9.7,0.0,162.5,,,,,,,,,,,,,,,,,,,,,,,,,,,,,
playX_chest_left_move,happy/高兴,play/玩耍,high,2,chest > left_move,chest,500,500,500,500,500,680,620,280,500,500,500,500,500,320,380,720,6.0,0.0,373.0,96.0,129.8,276.7,96.0,-14.2,276.7,11.1,3.5,165.3,0.0,0.0,0.0,chest,500,500,500,500,500,680,620,280,500,500,500,500,500,320,380,720,6.0,0.0,373.0,96.0,129.8,276.7,96.0,-14.2,276.7,11.1,3.5,165.3,left_move,518,500,500,500,472,500,500,500,481,500,500,500,527,500,500,500,6.0,7.5,372.0,8.0,79.5,197.0,8.0,-64.5,197.0,5.9,0.4,160.0,,,,,,,,,,,,,,,,,,,,,,,,,,,,,
playX_left_move_chest,happy/高兴,play/玩耍,high,2,left_move > chest,chest,500,500,500,500,500,680,620,280,500,500,500,500,500,320,380,720,6.0,0.0,373.0,96.0,129.8,276.7,96.0,-14.2,276.7,11.1,3.5,165.3,0.0,0.0,0.0,left_move,518,500,500,500,472,500,500,500,481,500,500,500,527,500,500,500,6.0,7.5,372.0,8.0,79.5,197.0,8.0,-64.5,197.0,5.9,0.4,160.0,chest,500,500,500,500,500,680,620,280,500,500,500,500,500,320,380,720,6.0,0.0,373.0,96.0,129.8,276.7,96.0,-14.2,276.7,11.1,3.5,165.3,,,,,,,,,,,,,,,,,,,,,,,,,,,,,
playX_chest_right_move,happy/高兴,play/玩耍,high,2,chest > right_move,chest,500,500,500,500,500,680,620,280,500,500,500,500,500,320,380,720,6.0,0.0,373.0,96.0,129.8,276.7,96.0,-14.2,276.7,11.1,3.5,165.3,0.0,0.0,0.0,chest,500,500,500,500,500,680,620,280,500,500,500,500,500,320,380,720,6.0,0.0,373.0,96.0,129.8,276.7,96.0,-14.2,276.7,11.1,3.5,165.3,right_move,481,500,500,500,527,500,500,500,518,500,500,500,472,500,500,500,6.0,-7.5,372.0,8.0,64.5,197.0,8.0,-79.5,197.0,5.9,-0.4,160.0,,,,,,,,,,,,,,,,,,,,,,,,,,,,,
playX_right_move_chest,happy/高兴,play/玩耍,high,2,right_move > chest,chest,500,500,500,500,500,680,620,280,500,500,500,500,500,320,380,720,6.0,0.0,373.0,96.0,129.8,276.7,96.0,-14.2,276.7,11.1,3.5,165.3,0.0,0.0,0.0,right_move,481,500,500,500,527,500,500,500,518,500,500,500,472,500,500,500,6.0,-7.5,372.0,8.0,64.5,197.0,8.0,-79.5,197.0,5.9,-0.4,160.0,chest,500,500,500,500,500,680,620,280,500,500,500,500,500,320,380,720,6.0,0.0,373.0,96.0,129.8,276.7,96.0,-14.2,276.7,11.1,3.5,165.3,,,,,,,,,,,,,,,,,,,,,,,,,,,,,
playX_right_move_10_chest,happy/高兴,play/玩耍,high,2,right_move_10 > chest,chest,500,500,500,500,500,680,620,280,500,500,500,500,500,320,380,720,6.0,0.0,373.0,96.0,129.8,276.7,96.0,-14.2,276.7,11.1,3.5,165.3,0.0,0.0,0.0,right_move_10,481,500,500,500,527,500,500,500,518,500,500,500,472,500,500,500,6.0,-5.0,372.0,8.0,67.0,197.0,8.0,-77.0,197.0,5.9,2.1,160.0,chest,500,500,500,500,500,680,620,280,500,500,500,500,500,320,380,720,6.0,0.0,373.0,96.0,129.8,276.7,96.0,-14.2,276.7,11.1,3.5,165.3,,,,,,,,,,,,,,,,,,,,,,,,,,,,,
playX_chest_left_move_20,happy/高兴,play/玩耍,high,2,chest > left_move_20,chest,500,500,500,500,500,680,620,280,500,500,500,500,500,320,380,720,6.0,0.0,373.0,96.0,129.8,276.7,96.0,-14.2,276.7,11.1,3.5,165.3,0.0,0.0,0.0,chest,500,500,500,500,500,680,620,280,500,500,500,500,500,320,380,720,6.0,0.0,373.0,96.0,129.8,276.7,96.0,-14.2,276.7,11.1,3.5,165.3,left_move_20,518,500,500,500,472,500,500,500,481,500,500,500,527,500,500,500,6.0,10.0,372.0,8.0,82.0,197.0,8.0,-62.0,197.0,5.9,2.9,160.0,,,,,,,,,,,,,,,,,,,,,,,,,,,,,
playX_left_move_20_chest,happy/高兴,play/玩耍,high,2,left_move_20 > chest,chest,500,500,500,500,500,680,620,280,500,500,500,500,500,320,380,720,6.0,0.0,373.0,96.0,129.8,276.7,96.0,-14.2,276.7,11.1,3.5,165.3,0.0,0.0,0.0,left_move_20,518,500,500,500,472,500,500,500,481,500,500,500,527,500,500,500,6.0,10.0,372.0,8.0,82.0,197.0,8.0,-62.0,197.0,5.9,2.9,160.0,chest,500,500,500,500,500,680,620,280,500,500,500,500,500,320,380,720,6.0,0.0,373.0,96.0,129.8,276.7,96.0,-14.2,276.7,11.1,3.5,165.3,,,,,,,,,,,,,,,,,,,,,,,,,,,,,
playX_chest_right_move_20,happy/高兴,play/玩耍,high,2,chest > right_move_20,chest,500,500,500,500,500,680,620,280,500,500,500,500,500,320,380,720,6.0,0.0,373.0,96.0,129.8,276.7,96.0,-14.2,276.7,11.1,3.5,165.3,0.0,0.0,0.0,chest,500,500,500,500,500,680,620,280,500,500,500,500,500,320,380,720,6.0,0.0,373.0,96.0,129.8,276.7,96.0,-14.2,276.7,11.1,3.5,165.3,right_move_20,481,500,500,500,527,500,500,500,518,500,500,500,472,500,500,500,6.0,-10.0,372.0,8.0,62.0,197.0,8.0,-82.0,197.0,5.9,-2.9,160.0,,,,,,,,,,,,,,,,,,,,,,,,,,,,,
playX_right_move_20_chest,happy/高兴,play/玩耍,high,2,right_move_20 > chest,chest,500,500,500,500,500,680,620,280,500,500,500,500,500,320,380,720,6.0,0.0,373.0,96.0,129.8,276.7,96.0,-14.2,276.7,11.1,3.5,165.3,0.0,0.0,0.0,right_move_20,481,500,500,500,527,500,500,500,518,500,500,500,472,500,500,500,6.0,-10.0,372.0,8.0,62.0,197.0,8.0,-82.0,197.0,5.9,-2.9,160.0,chest,500,500,500,500,500,680,620,280,500,500,500,500,500,320,380,720,6.0,0.0,373.0,96.0,129.8,276.7,96.0,-14.2,276.7,11.1,3.5,165.3,,,,,,,,,,,,,,,,,,,,,,,,,,,,,
playX_turn_left_small_step_chest,happy/高兴,play/玩耍,high,2,turn_left_small_step > chest,chest,500,500,500,500,500,680,620,280,500,500,500,500,500,320,380,720,6.0,0.0,373.0,96.0,129.8,276.7,96.0,-14.2,276.7,11.1,3.5,165.3,0.0,0.0,0.0,turn_left_small_step,500,500,513,511,500,500,500,500,500,518,555,472,500,500,500,500,5.9,0.8,373.8,-1.5,72.4,198.8,17.3,-70.3,198.8,3.3,0.4,162.0,chest,500,500,500,500,500,680,620,280,500,500,500,500,500,320,380,720,6.0,0.0,373.0,96.0,129.8,276.7,96.0,-14.2,276.7,11.1,3.5,165.3,,,,,,,,,,,,,,,,,,,,,,,,,,,,,
playX_chest_turn_right_small_step,happy/高兴,play/玩耍,high,2,chest > turn_right_small_step,chest,500,500,500,500,500,680,620,280,500,500,500,500,500,320,380,720,6.0,0.0,373.0,96.0,129.8,276.7,96.0,-14.2,276.7,11.1,3.5,165.3,0.0,0.0,0.0,chest,500,500,500,500,500,680,620,280,500,500,500,500,500,320,380,720,6.0,0.0,373.0,96.0,129.8,276.7,96.0,-14.2,276.7,11.1,3.5,165.3,turn_right_small_step,500,500,513,511,500,500,500,500,500,518,555,472,500,500,500,500,5.9,-0.8,373.8,17.3,70.3,198.8,-1.5,-72.4,198.8,3.3,-0.4,162.0,,,,,,,,,,,,,,,,,,,,,,,,,,,,,
playX_turn_right_small_step_chest,happy/高兴,play/玩耍,high,2,turn_right_small_step > chest,chest,500,500,500,500,500,680,620,280,500,500,500,500,500,320,380,720,6.0,0.0,373.0,96.0,129.8,276.7,96.0,-14.2,276.7,11.1,3.5,165.3,0.0,0.0,0.0,turn_right_small_step,500,500,513,511,500,500,500,500,500,518,555,472,500,500,500,500,5.9,-0.8,373.8,17.3,70.3,198.8,-1.5,-72.4,198.8,3.3,-0.4,162.0,chest,500,500,500,500,500,680,620,280,500,500,500,500,500,320,380,720,6.0,0.0,373.0,96.0,129.8,276.7,96.0,-14.2,276.7,11.1,3.5,165.3,,,,,,,,,,,,,,,,,,,,,,,,,,,,,
playX_chest_turn_left_small_step_a,happy/高兴,play/玩耍,high,2,chest > turn_left_small_step_a,chest,500,500,500,500,500,680,620,280,500,500,500,500,500,320,380,720,6.0,0.0,373.0,96.0,129.8,276.7,96.0,-14.2,276.7,11.1,3.5,165.3,0.0,0.0,0.0,chest,500,500,500,500,500,680,620,280,500,500,500,500,500,320,380,720,6.0,0.0,373.0,96.0,129.8,276.7,96.0,-14.2,276.7,11.1,3.5,165.3,turn_left_small_step_a,500,500,513,511,500,500,500,500,500,518,555,472,500,500,500,500,6.0,0.5,373.8,1.7,72.4,198.8,14.2,-71.0,198.8,3.3,0.3,162.0,,,,,,,,,,,,,,,,,,,,,,,,,,,,,
playX_turn_left_small_step_a_chest,happy/高兴,play/玩耍,high,2,turn_left_small_step_a > chest,chest,500,500,500,500,500,680,620,280,500,500,500,500,500,320,380,720,6.0,0.0,373.0,96.0,129.8,276.7,96.0,-14.2,276.7,11.1,3.5,165.3,0.0,0.0,0.0,turn_left_small_step_a,500,500,513,511,500,500,500,500,500,518,555,472,500,500,500,500,6.0,0.5,373.8,1.7,72.4,198.8,14.2,-71.0,198.8,3.3,0.3,162.0,chest,500,500,500,500,500,680,620,280,500,500,500,500,500,320,380,720,6.0,0.0,373.0,96.0,129.8,276.7,96.0,-14.2,276.7,11.1,3.5,165.3,,,,,,,,,,,,,,,,,,,,,,,,,,,,,
playX_chest_turn_right_small_step_a,happy/高兴,play/玩耍,high,2,chest > turn_right_small_step_a,chest,500,500,500,500,500,680,620,280,500,500,500,500,500,320,380,720,6.0,0.0,373.0,96.0,129.8,276.7,96.0,-14.2,276.7,11.1,3.5,165.3,0.0,0.0,0.0,chest,500,500,500,500,500,680,620,280,500,500,500,500,500,320,380,720,6.0,0.0,373.0,96.0,129.8,276.7,96.0,-14.2,276.7,11.1,3.5,165.3,turn_right_small_step_a,500,500,513,511,500,500,500,500,500,518,555,472,500,500,500,500,6.0,-0.5,373.8,14.2,71.0,198.8,1.7,-72.4,198.8,3.3,-0.3,162.0,,,,,,,,,,,,,,,,,,,,,,,,,,,,,
playX_turn_right_small_step_a_chest,happy/高兴,play/玩耍,high,2,turn_right_small_step_a > chest,chest,500,500,500,500,500,680,620,280,500,500,500,500,500,320,380,720,6.0,0.0,373.0,96.0,129.8,276.7,96.0,-14.2,276.7,11.1,3.5,165.3,0.0,0.0,0.0,turn_right_small_step_a,500,500,513,511,500,500,500,500,500,518,555,472,500,500,500,500,6.0,-0.5,373.8,14.2,71.0,198.8,1.7,-72.4,198.8,3.3,-0.3,162.0,chest,500,500,500,500,500,680,620,280,500,500,500,500,500,320,380,720,6.0,0.0,373.0,96.0,129.8,276.7,96.0,-14.2,276.7,11.1,3.5,165.3,,,,,,,,,,,,,,,,,,,,,,,,,,,,,
playX_go_forward_one_small_step_chest,happy/高兴,play/玩耍,high,2,go_forward_one_small_step > chest,chest,500,500,500,500,500,680,620,280,500,500,500,500,500,320,380,720,6.0,0.0,373.0,96.0,129.8,276.7,96.0,-14.2,276.7,11.1,3.5,165.3,0.0,0.0,0.0,go_forward_one_small_step,500,500,520,516,500,500,500,500,500,526,580,460,500,500,500,500,18.5,0.0,373.6,20.5,72.0,198.6,20.5,-72.0,198.6,14.7,0.0,162.4,chest,500,500,500,500,500,680,620,280,500,500,500,500,500,320,380,720,6.0,0.0,373.0,96.0,129.8,276.7,96.0,-14.2,276.7,11.1,3.5,165.3,,,,,,,,,,,,,,,,,,,,,,,,,,,,,
play3_wave_chest_left_move,happy/高兴,play/玩耍,high,3,wave > chest > left_move,chest,500,500,500,500,500,680,620,280,500,500,500,500,500,320,380,720,6.0,0.0,373.0,96.0,129.8,276.7,96.0,-14.2,276.7,11.1,3.5,165.3,0.0,0.0,0.0,wave,500,500,500,500,500,820,740,220,500,500,500,500,500,500,500,500,6.0,0.0,373.0,8.0,72.0,198.0,62.7,29.3,332.0,7.5,3.0,164.6,chest,500,500,500,500,500,680,620,280,500,500,500,500,500,320,380,720,6.0,0.0,373.0,96.0,129.8,276.7,96.0,-14.2,276.7,11.1,3.5,165.3,left_move,518,500,500,500,472,500,500,500,481,500,500,500,527,500,500,500,6.0,7.5,372.0,8.0,79.5,197.0,8.0,-64.5,197.0,5.9,0.4,160.0
play3_chest_wave_left_move,happy/高兴,play/玩耍,high,3,chest > wave > left_move,chest,500,500,500,500,500,680,620,280,500,500,500,500,500,320,380,720,6.0,0.0,373.0,96.0,129.8,276.7,96.0,-14.2,276.7,11.1,3.5,165.3,0.0,0.0,0.0,chest,500,500,500,500,500,680,620,280,500,500,500,500,500,320,380,720,6.0,0.0,373.0,96.0,129.8,276.7,96.0,-14.2,276.7,11.1,3.5,165.3,wave,500,500,500,500,500,820,740,220,500,500,500,500,500,500,500,500,6.0,0.0,373.0,8.0,72.0,198.0,62.7,29.3,332.0,7.5,3.0,164.6,left_move,518,500,500,500,472,500,500,500,481,500,500,500,527,500,500,500,6.0,7.5,372.0,8.0,79.5,197.0,8.0,-64.5,197.0,5.9,0.4,160.0
play3_wave_chest_right_move,happy/高兴,play/玩耍,high,3,wave > chest > right_move,chest,500,500,500,500,500,680,620,280,500,500,500,500,500,320,380,720,6.0,0.0,373.0,96.0,129.8,276.7,96.0,-14.2,276.7,11.1,3.5,165.3,0.0,0.0,0.0,wave,500,500,500,500,500,820,740,220,500,500,500,500,500,500,500,500,6.0,0.0,373.0,8.0,72.0,198.0,62.7,29.3,332.0,7.5,3.0,164.6,chest,500,500,500,500,500,680,620,280,500,500,500,500,500,320,380,720,6.0,0.0,373.0,96.0,129.8,276.7,96.0,-14.2,276.7,11.1,3.5,165.3,right_move,481,500,500,500,527,500,500,500,518,500,500,500,472,500,500,500,6.0,-7.5,372.0,8.0,64.5,197.0,8.0,-79.5,197.0,5.9,-0.4,160.0
play3_chest_wave_right_move,happy/高兴,play/玩耍,high,3,chest > wave > right_move,chest,500,500,500,500,500,680,620,280,500,500,500,500,500,320,380,720,6.0,0.0,373.0,96.0,129.8,276.7,96.0,-14.2,276.7,11.1,3.5,165.3,0.0,0.0,0.0,chest,500,500,500,500,500,680,620,280,500,500,500,500,500,320,380,720,6.0,0.0,373.0,96.0,129.8,276.7,96.0,-14.2,276.7,11.1,3.5,165.3,wave,500,500,500,500,500,820,740,220,500,500,500,500,500,500,500,500,6.0,0.0,373.0,8.0,72.0,198.0,62.7,29.3,332.0,7.5,3.0,164.6,right_move,481,500,500,500,527,500,500,500,518,500,500,500,472,500,500,500,6.0,-7.5,372.0,8.0,64.5,197.0,8.0,-79.5,197.0,5.9,-0.4,160.0
play3_wave_chest_left_move_10,happy/高兴,play/玩耍,high,3,wave > chest > left_move_10,chest,500,500,500,500,500,680,620,280,500,500,500,500,500,320,380,720,6.0,0.0,373.0,96.0,129.8,276.7,96.0,-14.2,276.7,11.1,3.5,165.3,0.0,0.0,0.0,wave,500,500,500,500,500,820,740,220,500,500,500,500,500,500,500,500,6.0,0.0,373.0,8.0,72.0,198.0,62.7,29.3,332.0,7.5,3.0,164.6,chest,500,500,500,500,500,680,620,280,500,500,500,500,500,320,380,720,6.0,0.0,373.0,96.0,129.8,276.7,96.0,-14.2,276.7,11.1,3.5,165.3,left_move_10,518,500,500,500,472,500,500,500,481,500,500,500,527,500,500,500,6.0,5.0,372.0,8.0,77.0,197.0,8.0,-67.0,197.0,5.9,-2.1,160.0
play3_chest_wave_left_move_10,happy/高兴,play/玩耍,high,3,chest > wave > left_move_10,chest,500,500,500,500,500,680,620,280,500,500,500,500,500,320,380,720,6.0,0.0,373.0,96.0,129.8,276.7,96.0,-14.2,276.7,11.1,3.5,165.3,0.0,0.0,0.0,chest,500,500,500,500,500,680,620,280,500,500,500,500,500,320,380,720,6.0,0.0,373.0,96.0,129.8,276.7,96.0,-14.2,276.7,11.1,3.5,165.3,wave,500,500,500,500,500,820,740,220,500,500,500,500,500,500,500,500,6.0,0.0,373.0,8.0,72.0,198.0,62.7,29.3,332.0,7.5,3.0,164.6,left_move_10,518,500,500,500,472,500,500,500,481,500,500,500,527,500,500,500,6.0,5.0,372.0,8.0,77.0,197.0,8.0,-67.0,197.0,5.9,-2.1,160.0
play3_wave_chest_right_move_10,happy/高兴,play/玩耍,high,3,wave > chest > right_move_10,chest,500,500,500,500,500,680,620,280,500,500,500,500,500,320,380,720,6.0,0.0,373.0,96.0,129.8,276.7,96.0,-14.2,276.7,11.1,3.5,165.3,0.0,0.0,0.0,wave,500,500,500,500,500,820,740,220,500,500,500,500,500,500,500,500,6.0,0.0,373.0,8.0,72.0,198.0,62.7,29.3,332.0,7.5,3.0,164.6,chest,500,500,500,500,500,680,620,280,500,500,500,500,500,320,380,720,6.0,0.0,373.0,96.0,129.8,276.7,96.0,-14.2,276.7,11.1,3.5,165.3,right_move_10,481,500,500,500,527,500,500,500,518,500,500,500,472,500,500,500,6.0,-5.0,372.0,8.0,67.0,197.0,8.0,-77.0,197.0,5.9,2.1,160.0
play3_chest_wave_right_move_10,happy/高兴,play/玩耍,high,3,chest > wave > right_move_10,chest,500,500,500,500,500,680,620,280,500,500,500,500,500,320,380,720,6.0,0.0,373.0,96.0,129.8,276.7,96.0,-14.2,276.7,11.1,3.5,165.3,0.0,0.0,0.0,chest,500,500,500,500,500,680,620,280,500,500,500,500,500,320,380,720,6.0,0.0,373.0,96.0,129.8,276.7,96.0,-14.2,276.7,11.1,3.5,165.3,wave,500,500,500,500,500,820,740,220,500,500,500,500,500,500,500,500,6.0,0.0,373.0,8.0,72.0,198.0,62.7,29.3,332.0,7.5,3.0,164.6,right_move_10,481,500,500,500,527,500,500,500,518,500,500,500,472,500,500,500,6.0,-5.0,372.0,8.0,67.0,197.0,8.0,-77.0,197.0,5.9,2.1,160.0
play3_left_hand_chest_left_move,happy/高兴,play/玩耍,high,3,left_hand > chest > left_move,chest,500,500,500,500,500,680,620,280,500,500,500,500,500,320,380,720,6.0,0.0,373.0,96.0,129.8,276.7,96.0,-14.2,276.7,11.1,3.5,165.3,0.0,0.0,0.0,left_hand,500,500,500,500,500,500,500,500,500,500,500,500,500,340,380,580,6.0,0.0,373.0,83.2,129.8,246.1,8.0,-72.0,198.0,8.1,1.7,162.1,chest,500,500,500,500,500,680,620,280,500,500,500,500,500,320,380,720,6.0,0.0,373.0,96.0,129.8,276.7,96.0,-14.2,276.7,11.1,3.5,165.3,left_move,518,500,500,500,472,500,500,500,481,500,500,500,527,500,500,500,6.0,7.5,372.0,8.0,79.5,197.0,8.0,-64.5,197.0,5.9,0.4,160.0
play3_chest_left_hand_left_move,happy/高兴,play/玩耍,high,3,chest > left_hand > left_move,chest,500,500,500,500,500,680,620,280,500,500,500,500,500,320,380,720,6.0,0.0,373.0,96.0,129.8,276.7,96.0,-14.2,276.7,11.1,3.5,165.3,0.0,0.0,0.0,chest,500,500,500,500,500,680,620,280,500,500,500,500,500,320,380,720,6.0,0.0,373.0,96.0,129.8,276.7,96.0,-14.2,276.7,11.1,3.5,165.3,left_hand,500,500,500,500,500,500,500,500,500,500,500,500,500,340,380,580,6.0,0.0,373.0,83.2,129.8,246.1,8.0,-72.0,198.0,8.1,1.7,162.1,left_move,518,500,500,500,472,500,500,500,481,500,500,500,527,500,500,500,6.0,7.5,372.0,8.0,79.5,197.0,8.0,-64.5,197.0,5.9,0.4,160.0
play3_left_hand_chest_right_move,happy/高兴,play/玩耍,high,3,left_hand > chest > right_move,chest,500,500,500,500,500,680,620,280,500,500,500,500,500,320,380,720,6.0,0.0,373.0,96.0,129.8,276.7,96.0,-14.2,276.7,11.1,3.5,165.3,0.0,0.0,0.0,left_hand,500,500,500,500,500,500,500,500,500,500,500,500,500,340,380,580,6.0,0.0,373.0,83.2,129.8,246.1,8.0,-72.0,198.0,8.1,1.7,162.1,chest,500,500,500,500,500,680,620,280,500,500,500,500,500,320,380,720,6.0,0.0,373.0,96.0,129.8,276.7,96.0,-14.2,276.7,11.1,3.5,165.3,right_move,481,500,500,500,527,500,500,500,518,500,500,500,472,500,500,500,6.0,-7.5,372.0,8.0,64.5,197.0,8.0,-79.5,197.0,5.9,-0.4,160.0
play3_chest_left_hand_right_move,happy/高兴,play/玩耍,high,3,chest > left_hand > right_move,chest,500,500,500,500,500,680,620,280,500,500,500,500,500,320,380,720,6.0,0.0,373.0,96.0,129.8,276.7,96.0,-14.2,276.7,11.1,3.5,165.3,0.0,0.0,0.0,chest,500,500,500,500,500,680,620,280,500,500,500,500,500,320,380,720,6.0,0.0,373.0,96.0,129.8,276.7,96.0,-14.2,276.7,11.1,3.5,165.3,left_hand,500,500,500,500,500,500,500,500,500,500,500,500,500,340,380,580,6.0,0.0,373.0,83.2,129.8,246.1,8.0,-72.0,198.0,8.1,1.7,162.1,right_move,481,500,500,500,527,500,500,500,518,500,500,500,472,500,500,500,6.0,-7.5,372.0,8.0,64.5,197.0,8.0,-79.5,197.0,5.9,-0.4,160.0
play3_left_hand_chest_left_move_10,happy/高兴,play/玩耍,high,3,left_hand > chest > left_move_10,chest,500,500,500,500,500,680,620,280,500,500,500,500,500,320,380,720,6.0,0.0,373.0,96.0,129.8,276.7,96.0,-14.2,276.7,11.1,3.5,165.3,0.0,0.0,0.0,left_hand,500,500,500,500,500,500,500,500,500,500,500,500,500,340,380,580,6.0,0.0,373.0,83.2,129.8,246.1,8.0,-72.0,198.0,8.1,1.7,162.1,chest,500,500,500,500,500,680,620,280,500,500,500,500,500,320,380,720,6.0,0.0,373.0,96.0,129.8,276.7,96.0,-14.2,276.7,11.1,3.5,165.3,left_move_10,518,500,500,500,472,500,500,500,481,500,500,500,527,500,500,500,6.0,5.0,372.0,8.0,77.0,197.0,8.0,-67.0,197.0,5.9,-2.1,160.0
play3_chest_left_hand_left_move_10,happy/高兴,play/玩耍,high,3,chest > left_hand > left_move_10,chest,500,500,500,500,500,680,620,280,500,500,500,500,500,320,380,720,6.0,0.0,373.0,96.0,129.8,276.7,96.0,-14.2,276.7,11.1,3.5,165.3,0.0,0.0,0.0,chest,500,500,500,500,500,680,620,280,500,500,500,500,500,320,380,720,6.0,0.0,373.0,96.0,129.8,276.7,96.0,-14.2,276.7,11.1,3.5,165.3,left_hand,500,500,500,500,500,500,500,500,500,500,500,500,500,340,380,580,6.0,0.0,373.0,83.2,129.8,246.1,8.0,-72.0,198.0,8.1,1.7,162.1,left_move_10,518,500,500,500,472,500,500,500,481,500,500,500,527,500,500,500,6.0,5.0,372.0,8.0,77.0,197.0,8.0,-67.0,197.0,5.9,-2.1,160.0
play3_left_hand_chest_right_move_10,happy/高兴,play/玩耍,high,3,left_hand > chest > right_move_10,chest,500,500,500,500,500,680,620,280,500,500,500,500,500,320,380,720,6.0,0.0,373.0,96.0,129.8,276.7,96.0,-14.2,276.7,11.1,3.5,165.3,0.0,0.0,0.0,left_hand,500,500,500,500,500,500,500,500,500,500,500,500,500,340,380,580,6.0,0.0,373.0,83.2,129.8,246.1,8.0,-72.0,198.0,8.1,1.7,162.1,chest,500,500,500,500,500,680,620,280,500,500,500,500,500,320,380,720,6.0,0.0,373.0,96.0,129.8,276.7,96.0,-14.2,276.7,11.1,3.5,165.3,right_move_10,481,500,500,500,527,500,500,500,518,500,500,500,472,500,500,500,6.0,-5.0,372.0,8.0,67.0,197.0,8.0,-77.0,197.0,5.9,2.1,160.0
play3_chest_left_hand_right_move_10,happy/高兴,play/玩耍,high,3,chest > left_hand > right_move_10,chest,500,500,500,500,500,680,620,280,500,500,500,500,500,320,380,720,6.0,0.0,373.0,96.0,129.8,276.7,96.0,-14.2,276.7,11.1,3.5,165.3,0.0,0.0,0.0,chest,500,500,500,500,500,680,620,280,500,500,500,500,500,320,380,720,6.0,0.0,373.0,96.0,129.8,276.7,96.0,-14.2,276.7,11.1,3.5,165.3,left_hand,500,500,500,500,500,500,500,500,500,500,500,500,500,340,380,580,6.0,0.0,373.0,83.2,129.8,246.1,8.0,-72.0,198.0,8.1,1.7,162.1,right_move_10,481,500,500,500,527,500,500,500,518,500,500,500,472,500,500,500,6.0,-5.0,372.0,8.0,67.0,197.0,8.0,-77.0,197.0,5.9,2.1,160.0
play3_right_hand_chest_left_move,happy/高兴,play/玩耍,high,3,right_hand > chest > left_move,chest,500,500,500,500,500,680,620,280,500,500,500,500,500,320,380,720,6.0,0.0,373.0,96.0,129.8,276.7,96.0,-14.2,276.7,11.1,3.5,165.3,0.0,0.0,0.0,right_hand,500,500,500,500,500,660,620,420,500,500,500,500,500,500,500,500,6.0,0.0,373.0,8.0,72.0,198.0,83.2,-14.2,246.1,8.1,1.7,162.1,chest,500,500,500,500,500,680,620,280,500,500,500,500,500,320,380,720,6.0,0.0,373.0,96.0,129.8,276.7,96.0,-14.2,276.7,11.1,3.5,165.3,left_move,518,500,500,500,472,500,500,500,481,500,500,500,527,500,500,500,6.0,7.5,372.0,8.0,79.5,197.0,8.0,-64.5,197.0,5.9,0.4,160.0
play3_chest_right_hand_left_move,happy/高兴,play/玩耍,high,3,chest > right_hand > left_move,chest,500,500,500,500,500,680,620,280,500,500,500,500,500,320,380,720,6.0,0.0,373.0,96.0,129.8,276.7,96.0,-14.2,276.7,11.1,3.5,165.3,0.0,0.0,0.0,chest,500,500,500,500,500,680,620,280,500,500,500,500,500,320,380,720,6.0,0.0,373.0,96.0,129.8,276.7,96.0,-14.2,276.7,11.1,3.5,165.3,right_hand,500,500,500,500,500,660,620,420,500,500,500,500,500,500,500,500,6.0,0.0,373.0,8.0,72.0,198.0,83.2,-14.2,246.1,8.1,1.7,162.1,left_move,518,500,500,500,472,500,500,500,481,500,500,500,527,500,500,500,6.0,7.5,372.0,8.0,79.5,197.0,8.0,-64.5,197.0,5.9,0.4,160.0
play3_right_hand_chest_right_move,happy/高兴,play/玩耍,high,3,right_hand > chest > right_move,chest,500,500,500,500,500,680,620,280,500,500,500,500,500,320,380,720,6.0,0.0,373.0,96.0,129.8,276.7,96.0,-14.2,276.7,11.1,3.5,165.3,0.0,0.0,0.0,right_hand,500,500,500,500,500,660,620,420,500,500,500,500,500,500,500,500,6.0,0.0,373.0,8.0,72.0,198.0,83.2,-14.2,246.1,8.1,1.7,162.1,chest,500,500,500,500,500,680,620,280,500,500,500,500,500,320,380,720,6.0,0.0,373.0,96.0,129.8,276.7,96.0,-14.2,276.7,11.1,3.5,165.3,right_move,481,500,500,500,527,500,500,500,518,500,500,500,472,500,500,500,6.0,-7.5,372.0,8.0,64.5,197.0,8.0,-79.5,197.0,5.9,-0.4,160.0
play3_chest_right_hand_right_move,happy/高兴,play/玩耍,high,3,chest > right_hand > right_move,chest,500,500,500,500,500,680,620,280,500,500,500,500,500,320,380,720,6.0,0.0,373.0,96.0,129.8,276.7,96.0,-14.2,276.7,11.1,3.5,165.3,0.0,0.0,0.0,chest,500,500,500,500,500,680,620,280,500,500,500,500,500,320,380,720,6.0,0.0,373.0,96.0,129.8,276.7,96.0,-14.2,276.7,11.1,3.5,165.3,right_hand,500,500,500,500,500,660,620,420,500,500,500,500,500,500,500,500,6.0,0.0,373.0,8.0,72.0,198.0,83.2,-14.2,246.1,8.1,1.7,162.1,right_move,481,500,500,500,527,500,500,500,518,500,500,500,472,500,500,500,6.0,-7.5,372.0,8.0,64.5,197.0,8.0,-79.5,197.0,5.9,-0.4,160.0
play3_right_hand_chest_left_move_10,happy/高兴,play/玩耍,high,3,right_hand > chest > left_move_10,chest,500,500,500,500,500,680,620,280,500,500,500,500,500,320,380,720,6.0,0.0,373.0,96.0,129.8,276.7,96.0,-14.2,276.7,11.1,3.5,165.3,0.0,0.0,0.0,right_hand,500,500,500,500,500,660,620,420,500,500,500,500,500,500,500,500,6.0,0.0,373.0,8.0,72.0,198.0,83.2,-14.2,246.1,8.1,1.7,162.1,chest,500,500,500,500,500,680,620,280,500,500,500,500,500,320,380,720,6.0,0.0,373.0,96.0,129.8,276.7,96.0,-14.2,276.7,11.1,3.5,165.3,left_move_10,518,500,500,500,472,500,500,500,481,500,500,500,527,500,500,500,6.0,5.0,372.0,8.0,77.0,197.0,8.0,-67.0,197.0,5.9,-2.1,160.0
play3_chest_right_hand_left_move_10,happy/高兴,play/玩耍,high,3,chest > right_hand > left_move_10,chest,500,500,500,500,500,680,620,280,500,500,500,500,500,320,380,720,6.0,0.0,373.0,96.0,129.8,276.7,96.0,-14.2,276.7,11.1,3.5,165.3,0.0,0.0,0.0,chest,500,500,500,500,500,680,620,280,500,500,500,500,500,320,380,720,6.0,0.0,373.0,96.0,129.8,276.7,96.0,-14.2,276.7,11.1,3.5,165.3,right_hand,500,500,500,500,500,660,620,420,500,500,500,500,500,500,500,500,6.0,0.0,373.0,8.0,72.0,198.0,83.2,-14.2,246.1,8.1,1.7,162.1,left_move_10,518,500,500,500,472,500,500,500,481,500,500,500,527,500,500,500,6.0,5.0,372.0,8.0,77.0,197.0,8.0,-67.0,197.0,5.9,-2.1,160.0
play3_right_hand_chest_right_move_10,happy/高兴,play/玩耍,high,3,right_hand > chest > right_move_10,chest,500,500,500,500,500,680,620,280,500,500,500,500,500,320,380,720,6.0,0.0,373.0,96.0,129.8,276.7,96.0,-14.2,276.7,11.1,3.5,165.3,0.0,0.0,0.0,right_hand,500,500,500,500,500,660,620,420,500,500,500,500,500,500,500,500,6.0,0.0,373.0,8.0,72.0,198.0,83.2,-14.2,246.1,8.1,1.7,162.1,chest,500,500,500,500,500,680,620,280,500,500,500,500,500,320,380,720,6.0,0.0,373.0,96.0,129.8,276.7,96.0,-14.2,276.7,11.1,3.5,165.3,right_move_10,481,500,500,500,527,500,500,500,518,500,500,500,472,500,500,500,6.0,-5.0,372.0,8.0,67.0,197.0,8.0,-77.0,197.0,5.9,2.1,160.0
play3_chest_right_hand_right_move_10,happy/高兴,play/玩耍,high,3,chest > right_hand > right_move_10,chest,500,500,500,500,500,680,620,280,500,500,500,500,500,320,380,720,6.0,0.0,373.0,96.0,129.8,276.7,96.0,-14.2,276.7,11.1,3.5,165.3,0.0,0.0,0.0,chest,500,500,500,500,500,680,620,280,500,500,500,500,500,320,380,720,6.0,0.0,373.0,96.0,129.8,276.7,96.0,-14.2,276.7,11.1,3.5,165.3,right_hand,500,500,500,500,500,660,620,420,500,500,500,500,500,500,500,500,6.0,0.0,373.0,8.0,72.0,198.0,83.2,-14.2,246.1,8.1,1.7,162.1,right_move_10,481,500,500,500,527,500,500,500,518,500,500,500,472,500,500,500,6.0,-5.0,372.0,8.0,67.0,197.0,8.0,-77.0,197.0,5.9,2.1,160.0
play3_lift_left_hand_chest_left_move,happy/高兴,play/玩耍,high,3,lift_left_hand > chest > left_move,chest,500,500,500,500,500,680,620,280,500,500,500,500,500,320,380,720,6.0,0.0,373.0,96.0,129.8,276.7,96.0,-14.2,276.7,11.1,3.5,165.3,0.0,0.0,0.0,lift_left_hand,500,500,500,500,500,500,500,500,500,500,500,500,500,180,260,650,6.0,0.0,373.0,70.0,173.3,319.7,8.0,-72.0,198.0,7.7,3.0,164.3,chest,500,500,500,500,500,680,620,280,500,500,500,500,500,320,380,720,6.0,0.0,373.0,96.0,129.8,276.7,96.0,-14.2,276.7,11.1,3.5,165.3,left_move,518,500,500,500,472,500,500,500,481,500,500,500,527,500,500,500,6.0,7.5,372.0,8.0,79.5,197.0,8.0,-64.5,197.0,5.9,0.4,160.0
play3_chest_lift_left_hand_left_move,happy/高兴,play/玩耍,high,3,chest > lift_left_hand > left_move,chest,500,500,500,500,500,680,620,280,500,500,500,500,500,320,380,720,6.0,0.0,373.0,96.0,129.8,276.7,96.0,-14.2,276.7,11.1,3.5,165.3,0.0,0.0,0.0,chest,500,500,500,500,500,680,620,280,500,500,500,500,500,320,380,720,6.0,0.0,373.0,96.0,129.8,276.7,96.0,-14.2,276.7,11.1,3.5,165.3,lift_left_hand,500,500,500,500,500,500,500,500,500,500,500,500,500,180,260,650,6.0,0.0,373.0,70.0,173.3,319.7,8.0,-72.0,198.0,7.7,3.0,164.3,left_move,518,500,500,500,472,500,500,500,481,500,500,500,527,500,500,500,6.0,7.5,372.0,8.0,79.5,197.0,8.0,-64.5,197.0,5.9,0.4,160.0
play3_lift_left_hand_chest_right_move,happy/高兴,play/玩耍,high,3,lift_left_hand > chest > right_move,chest,500,500,500,500,500,680,620,280,500,500,500,500,500,320,380,720,6.0,0.0,373.0,96.0,129.8,276.7,96.0,-14.2,276.7,11.1,3.5,165.3,0.0,0.0,0.0,lift_left_hand,500,500,500,500,500,500,500,500,500,500,500,500,500,180,260,650,6.0,0.0,373.0,70.0,173.3,319.7,8.0,-72.0,198.0,7.7,3.0,164.3,chest,500,500,500,500,500,680,620,280,500,500,500,500,500,320,380,720,6.0,0.0,373.0,96.0,129.8,276.7,96.0,-14.2,276.7,11.1,3.5,165.3,right_move,481,500,500,500,527,500,500,500,518,500,500,500,472,500,500,500,6.0,-7.5,372.0,8.0,64.5,197.0,8.0,-79.5,197.0,5.9,-0.4,160.0
play3_chest_lift_left_hand_right_move,happy/高兴,play/玩耍,high,3,chest > lift_left_hand > right_move,chest,500,500,500,500,500,680,620,280,500,500,500,500,500,320,380,720,6.0,0.0,373.0,96.0,129.8,276.7,96.0,-14.2,276.7,11.1,3.5,165.3,0.0,0.0,0.0,chest,500,500,500,500,500,680,620,280,500,500,500,500,500,320,380,720,6.0,0.0,373.0,96.0,129.8,276.7,96.0,-14.2,276.7,11.1,3.5,165.3,lift_left_hand,500,500,500,500,500,500,500,500,500,500,500,500,500,180,260,650,6.0,0.0,373.0,70.0,173.3,319.7,8.0,-72.0,198.0,7.7,3.0,164.3,right_move,481,500,500,500,527,500,500,500,518,500,500,500,472,500,500,500,6.0,-7.5,372.0,8.0,64.5,197.0,8.0,-79.5,197.0,5.9,-0.4,160.0
play3_lift_left_hand_chest_left_move_10,happy/高兴,play/玩耍,high,3,lift_left_hand > chest > left_move_10,chest,500,500,500,500,500,680,620,280,500,500,500,500,500,320,380,720,6.0,0.0,373.0,96.0,129.8,276.7,96.0,-14.2,276.7,11.1,3.5,165.3,0.0,0.0,0.0,lift_left_hand,500,500,500,500,500,500,500,500,500,500,500,500,500,180,260,650,6.0,0.0,373.0,70.0,173.3,319.7,8.0,-72.0,198.0,7.7,3.0,164.3,chest,500,500,500,500,500,680,620,280,500,500,500,500,500,320,380,720,6.0,0.0,373.0,96.0,129.8,276.7,96.0,-14.2,276.7,11.1,3.5,165.3,left_move_10,518,500,500,500,472,500,500,500,481,500,500,500,527,500,500,500,6.0,5.0,372.0,8.0,77.0,197.0,8.0,-67.0,197.0,5.9,-2.1,160.0
play3_chest_lift_left_hand_left_move_10,happy/高兴,play/玩耍,high,3,chest > lift_left_hand > left_move_10,chest,500,500,500,500,500,680,620,280,500,500,500,500,500,320,380,720,6.0,0.0,373.0,96.0,129.8,276.7,96.0,-14.2,276.7,11.1,3.5,165.3,0.0,0.0,0.0,chest,500,500,500,500,500,680,620,280,500,500,500,500,500,320,380,720,6.0,0.0,373.0,96.0,129.8,276.7,96.0,-14.2,276.7,11.1,3.5,165.3,lift_left_hand,500,500,500,500,500,500,500,500,500,500,500,500,500,180,260,650,6.0,0.0,373.0,70.0,173.3,319.7,8.0,-72.0,198.0,7.7,3.0,164.3,left_move_10,518,500,500,500,472,500,500,500,481,500,500,500,527,500,500,500,6.0,5.0,372.0,8.0,77.0,197.0,8.0,-67.0,197.0,5.9,-2.1,160.0
play3_lift_left_hand_chest_right_move_10,happy/高兴,play/玩耍,high,3,lift_left_hand > chest > right_move_10,chest,500,500,500,500,500,680,620,280,500,500,500,500,500,320,380,720,6.0,0.0,373.0,96.0,129.8,276.7,96.0,-14.2,276.7,11.1,3.5,165.3,0.0,0.0,0.0,lift_left_hand,500,500,500,500,500,500,500,500,500,500,500,500,500,180,260,650,6.0,0.0,373.0,70.0,173.3,319.7,8.0,-72.0,198.0,7.7,3.0,164.3,chest,500,500,500,500,500,680,620,280,500,500,500,500,500,320,380,720,6.0,0.0,373.0,96.0,129.8,276.7,96.0,-14.2,276.7,11.1,3.5,165.3,right_move_10,481,500,500,500,527,500,500,500,518,500,500,500,472,500,500,500,6.0,-5.0,372.0,8.0,67.0,197.0,8.0,-77.0,197.0,5.9,2.1,160.0
play3_chest_lift_left_hand_right_move_10,happy/高兴,play/玩耍,high,3,chest > lift_left_hand > right_move_10,chest,500,500,500,500,500,680,620,280,500,500,500,500,500,320,380,720,6.0,0.0,373.0,96.0,129.8,276.7,96.0,-14.2,276.7,11.1,3.5,165.3,0.0,0.0,0.0,chest,500,500,500,500,500,680,620,280,500,500,500,500,500,320,380,720,6.0,0.0,373.0,96.0,129.8,276.7,96.0,-14.2,276.7,11.1,3.5,165.3,lift_left_hand,500,500,500,500,500,500,500,500,500,500,500,500,500,180,260,650,6.0,0.0,373.0,70.0,173.3,319.7,8.0,-72.0,198.0,7.7,3.0,164.3,right_move_10,481,500,500,500,527,500,500,500,518,500,500,500,472,500,500,500,6.0,-5.0,372.0,8.0,67.0,197.0,8.0,-77.0,197.0,5.9,2.1,160.0
play3_go_hand_up_chest_left_move,happy/高兴,play/玩耍,high,3,go_hand_up > chest > left_move,go_hand_up,500,500,500,500,500,820,740,350,500,500,500,500,500,180,260,650,6.0,0.0,373.0,70.0,173.3,319.7,70.0,29.3,319.7,9.6,6.1,167.9,0.0,0.0,0.0,go_hand_up,500,500,500,500,500,820,740,350,500,500,500,500,500,180,260,650,6.0,0.0,373.0,70.0,173.3,319.7,70.0,29.3,319.7,9.6,6.1,167.9,chest,500,500,500,500,500,680,620,280,500,500,500,500,500,320,380,720,6.0,0.0,373.0,96.0,129.8,276.7,96.0,-14.2,276.7,11.1,3.5,165.3,left_move,518,500,500,500,472,500,500,500,481,500,500,500,527,500,500,500,6.0,7.5,372.0,8.0,79.5,197.0,8.0,-64.5,197.0,5.9,0.4,160.0
play3_chest_go_hand_up_left_move,happy/高兴,play/玩耍,high,3,chest > go_hand_up > left_move,go_hand_up,500,500,500,500,500,820,740,350,500,500,500,500,500,180,260,650,6.0,0.0,373.0,70.0,173.3,319.7,70.0,29.3,319.7,9.6,6.1,167.9,0.0,0.0,0.0,chest,500,500,500,500,500,680,620,280,500,500,500,500,500,320,380,720,6.0,0.0,373.0,96.0,129.8,276.7,96.0,-14.2,276.7,11.1,3.5,165.3,go_hand_up,500,500,500,500,500,820,740,350,500,500,500,500,500,180,260,650,6.0,0.0,373.0,70.0,173.3,319.7,70.0,29.3,319.7,9.6,6.1,167.9,left_move,518,500,500,500,472,500,500,500,481,500,500,500,527,500,500,500,6.0,7.5,372.0,8.0,79.5,197.0,8.0,-64.5,197.0,5.9,0.4,160.0
play3_go_hand_up_chest_right_move,happy/高兴,play/玩耍,high,3,go_hand_up > chest > right_move,go_hand_up,500,500,500,500,500,820,740,350,500,500,500,500,500,180,260,650,6.0,0.0,373.0,70.0,173.3,319.7,70.0,29.3,319.7,9.6,6.1,167.9,0.0,0.0,0.0,go_hand_up,500,500,500,500,500,820,740,350,500,500,500,500,500,180,260,650,6.0,0.0,373.0,70.0,173.3,319.7,70.0,29.3,319.7,9.6,6.1,167.9,chest,500,500,500,500,500,680,620,280,500,500,500,500,500,320,380,720,6.0,0.0,373.0,96.0,129.8,276.7,96.0,-14.2,276.7,11.1,3.5,165.3,right_move,481,500,500,500,527,500,500,500,518,500,500,500,472,500,500,500,6.0,-7.5,372.0,8.0,64.5,197.0,8.0,-79.5,197.0,5.9,-0.4,160.0
play3_chest_go_hand_up_right_move,happy/高兴,play/玩耍,high,3,chest > go_hand_up > right_move,go_hand_up,500,500,500,500,500,820,740,350,500,500,500,500,500,180,260,650,6.0,0.0,373.0,70.0,173.3,319.7,70.0,29.3,319.7,9.6,6.1,167.9,0.0,0.0,0.0,chest,500,500,500,500,500,680,620,280,500,500,500,500,500,320,380,720,6.0,0.0,373.0,96.0,129.8,276.7,96.0,-14.2,276.7,11.1,3.5,165.3,go_hand_up,500,500,500,500,500,820,740,350,500,500,500,500,500,180,260,650,6.0,0.0,373.0,70.0,173.3,319.7,70.0,29.3,319.7,9.6,6.1,167.9,right_move,481,500,500,500,527,500,500,500,518,500,500,500,472,500,500,500,6.0,-7.5,372.0,8.0,64.5,197.0,8.0,-79.5,197.0,5.9,-0.4,160.0
play3_go_hand_up_chest_left_move_10,happy/高兴,play/玩耍,high,3,go_hand_up > chest > left_move_10,go_hand_up,500,500,500,500,500,820,740,350,500,500,500,500,500,180,260,650,6.0,0.0,373.0,70.0,173.3,319.7,70.0,29.3,319.7,9.6,6.1,167.9,0.0,0.0,0.0,go_hand_up,500,500,500,500,500,820,740,350,500,500,500,500,500,180,260,650,6.0,0.0,373.0,70.0,173.3,319.7,70.0,29.3,319.7,9.6,6.1,167.9,chest,500,500,500,500,500,680,620,280,500,500,500,500,500,320,380,720,6.0,0.0,373.0,96.0,129.8,276.7,96.0,-14.2,276.7,11.1,3.5,165.3,left_move_10,518,500,500,500,472,500,500,500,481,500,500,500,527,500,500,500,6.0,5.0,372.0,8.0,77.0,197.0,8.0,-67.0,197.0,5.9,-2.1,160.0
play3_chest_go_hand_up_left_move_10,happy/高兴,play/玩耍,high,3,chest > go_hand_up > left_move_10,go_hand_up,500,500,500,500,500,820,740,350,500,500,500,500,500,180,260,650,6.0,0.0,373.0,70.0,173.3,319.7,70.0,29.3,319.7,9.6,6.1,167.9,0.0,0.0,0.0,chest,500,500,500,500,500,680,620,280,500,500,500,500,500,320,380,720,6.0,0.0,373.0,96.0,129.8,276.7,96.0,-14.2,276.7,11.1,3.5,165.3,go_hand_up,500,500,500,500,500,820,740,350,500,500,500,500,500,180,260,650,6.0,0.0,373.0,70.0,173.3,319.7,70.0,29.3,319.7,9.6,6.1,167.9,left_move_10,518,500,500,500,472,500,500,500,481,500,500,500,527,500,500,500,6.0,5.0,372.0,8.0,77.0,197.0,8.0,-67.0,197.0,5.9,-2.1,160.0
play3_go_hand_up_chest_right_move_10,happy/高兴,play/玩耍,high,3,go_hand_up > chest > right_move_10,go_hand_up,500,500,500,500,500,820,740,350,500,500,500,500,500,180,260,650,6.0,0.0,373.0,70.0,173.3,319.7,70.0,29.3,319.7,9.6,6.1,167.9,0.0,0.0,0.0,go_hand_up,500,500,500,500,500,820,740,350,500,500,500,500,500,180,260,650,6.0,0.0,373.0,70.0,173.3,319.7,70.0,29.3,319.7,9.6,6.1,167.9,chest,500,500,500,500,500,680,620,280,500,500,500,500,500,320,380,720,6.0,0.0,373.0,96.0,129.8,276.7,96.0,-14.2,276.7,11.1,3.5,165.3,right_move_10,481,500,500,500,527,500,500,500,518,500,500,500,472,500,500,500,6.0,-5.0,372.0,8.0,67.0,197.0,8.0,-77.0,197.0,5.9,2.1,160.0
play3_chest_go_hand_up_right_move_10,happy/高兴,play/玩耍,high,3,chest > go_hand_up > right_move_10,go_hand_up,500,500,500,500,500,820,740,350,500,500,500,500,500,180,260,650,6.0,0.0,373.0,70.0,173.3,319.7,70.0,29.3,319.7,9.6,6.1,167.9,0.0,0.0,0.0,chest,500,500,500,500,500,680,620,280,500,500,500,500,500,320,380,720,6.0,0.0,373.0,96.0,129.8,276.7,96.0,-14.2,276.7,11.1,3.5,165.3,go_hand_up,500,500,500,500,500,820,740,350,500,500,500,500,500,180,260,650,6.0,0.0,373.0,70.0,173.3,319.7,70.0,29.3,319.7,9.6,6.1,167.9,right_move_10,481,500,500,500,527,500,500,500,518,500,500,500,472,500,500,500,6.0,-5.0,372.0,8.0,67.0,197.0,8.0,-77.0,197.0,5.9,2.1,160.0
play3_go_hand_up1_chest_left_move,happy/高兴,play/玩耍,high,3,go_hand_up1 > chest > left_move,go_hand_up1,500,500,500,500,500,820,740,350,500,500,500,500,500,180,260,650,6.0,0.0,373.0,70.0,173.3,319.7,70.0,29.3,319.7,9.6,6.1,167.9,0.0,0.0,0.0,go_hand_up1,500,500,500,500,500,820,740,350,500,500,500,500,500,180,260,650,6.0,0.0,373.0,70.0,173.3,319.7,70.0,29.3,319.7,9.6,6.1,167.9,chest,500,500,500,500,500,680,620,280,500,500,500,500,500,320,380,720,6.0,0.0,373.0,96.0,129.8,276.7,96.0,-14.2,276.7,11.1,3.5,165.3,left_move,518,500,500,500,472,500,500,500,481,500,500,500,527,500,500,500,6.0,7.5,372.0,8.0,79.5,197.0,8.0,-64.5,197.0,5.9,0.4,160.0
play3_chest_go_hand_up1_left_move,happy/高兴,play/玩耍,high,3,chest > go_hand_up1 > left_move,go_hand_up1,500,500,500,500,500,820,740,350,500,500,500,500,500,180,260,650,6.0,0.0,373.0,70.0,173.3,319.7,70.0,29.3,319.7,9.6,6.1,167.9,0.0,0.0,0.0,chest,500,500,500,500,500,680,620,280,500,500,500,500,500,320,380,720,6.0,0.0,373.0,96.0,129.8,276.7,96.0,-14.2,276.7,11.1,3.5,165.3,go_hand_up1,500,500,500,500,500,820,740,350,500,500,500,500,500,180,260,650,6.0,0.0,373.0,70.0,173.3,319.7,70.0,29.3,319.7,9.6,6.1,167.9,left_move,518,500,500,500,472,500,500,500,481,500,500,500,527,500,500,500,6.0,7.5,372.0,8.0,79.5,197.0,8.0,-64.5,197.0,5.9,0.4,160.0
play3_go_hand_up1_chest_right_move,happy/高兴,play/玩耍,high,3,go_hand_up1 > chest > right_move,go_hand_up1,500,500,500,500,500,820,740,350,500,500,500,500,500,180,260,650,6.0,0.0,373.0,70.0,173.3,319.7,70.0,29.3,319.7,9.6,6.1,167.9,0.0,0.0,0.0,go_hand_up1,500,500,500,500,500,820,740,350,500,500,500,500,500,180,260,650,6.0,0.0,373.0,70.0,173.3,319.7,70.0,29.3,319.7,9.6,6.1,167.9,chest,500,500,500,500,500,680,620,280,500,500,500,500,500,320,380,720,6.0,0.0,373.0,96.0,129.8,276.7,96.0,-14.2,276.7,11.1,3.5,165.3,right_move,481,500,500,500,527,500,500,500,518,500,500,500,472,500,500,500,6.0,-7.5,372.0,8.0,64.5,197.0,8.0,-79.5,197.0,5.9,-0.4,160.0
play3_chest_go_hand_up1_right_move,happy/高兴,play/玩耍,high,3,chest > go_hand_up1 > right_move,go_hand_up1,500,500,500,500,500,820,740,350,500,500,500,500,500,180,260,650,6.0,0.0,373.0,70.0,173.3,319.7,70.0,29.3,319.7,9.6,6.1,167.9,0.0,0.0,0.0,chest,500,500,500,500,500,680,620,280,500,500,500,500,500,320,380,720,6.0,0.0,373.0,96.0,129.8,276.7,96.0,-14.2,276.7,11.1,3.5,165.3,go_hand_up1,500,500,500,500,500,820,740,350,500,500,500,500,500,180,260,650,6.0,0.0,373.0,70.0,173.3,319.7,70.0,29.3,319.7,9.6,6.1,167.9,right_move,481,500,500,500,527,500,500,500,518,500,500,500,472,500,500,500,6.0,-7.5,372.0,8.0,64.5,197.0,8.0,-79.5,197.0,5.9,-0.4,160.0
play3_go_hand_up1_chest_left_move_10,happy/高兴,play/玩耍,high,3,go_hand_up1 > chest > left_move_10,go_hand_up1,500,500,500,500,500,820,740,350,500,500,500,500,500,180,260,650,6.0,0.0,373.0,70.0,173.3,319.7,70.0,29.3,319.7,9.6,6.1,167.9,0.0,0.0,0.0,go_hand_up1,500,500,500,500,500,820,740,350,500,500,500,500,500,180,260,650,6.0,0.0,373.0,70.0,173.3,319.7,70.0,29.3,319.7,9.6,6.1,167.9,chest,500,500,500,500,500,680,620,280,500,500,500,500,500,320,380,720,6.0,0.0,373.0,96.0,129.8,276.7,96.0,-14.2,276.7,11.1,3.5,165.3,left_move_10,518,500,500,500,472,500,500,500,481,500,500,500,527,500,500,500,6.0,5.0,372.0,8.0,77.0,197.0,8.0,-67.0,197.0,5.9,-2.1,160.0
play3_chest_go_hand_up1_left_move_10,happy/高兴,play/玩耍,high,3,chest > go_hand_up1 > left_move_10,go_hand_up1,500,500,500,500,500,820,740,350,500,500,500,500,500,180,260,650,6.0,0.0,373.0,70.0,173.3,319.7,70.0,29.3,319.7,9.6,6.1,167.9,0.0,0.0,0.0,chest,500,500,500,500,500,680,620,280,500,500,500,500,500,320,380,720,6.0,0.0,373.0,96.0,129.8,276.7,96.0,-14.2,276.7,11.1,3.5,165.3,go_hand_up1,500,500,500,500,500,820,740,350,500,500,500,500,500,180,260,650,6.0,0.0,373.0,70.0,173.3,319.7,70.0,29.3,319.7,9.6,6.1,167.9,left_move_10,518,500,500,500,472,500,500,500,481,500,500,500,527,500,500,500,6.0,5.0,372.0,8.0,77.0,197.0,8.0,-67.0,197.0,5.9,-2.1,160.0
play3_go_hand_up1_chest_right_move_10,happy/高兴,play/玩耍,high,3,go_hand_up1 > chest > right_move_10,go_hand_up1,500,500,500,500,500,820,740,350,500,500,500,500,500,180,260,650,6.0,0.0,373.0,70.0,173.3,319.7,70.0,29.3,319.7,9.6,6.1,167.9,0.0,0.0,0.0,go_hand_up1,500,500,500,500,500,820,740,350,500,500,500,500,500,180,260,650,6.0,0.0,373.0,70.0,173.3,319.7,70.0,29.3,319.7,9.6,6.1,167.9,chest,500,500,500,500,500,680,620,280,500,500,500,500,500,320,380,720,6.0,0.0,373.0,96.0,129.8,276.7,96.0,-14.2,276.7,11.1,3.5,165.3,right_move_10,481,500,500,500,527,500,500,500,518,500,500,500,472,500,500,500,6.0,-5.0,372.0,8.0,67.0,197.0,8.0,-77.0,197.0,5.9,2.1,160.0
play3_chest_go_hand_up1_right_move_10,happy/高兴,play/玩耍,high,3,chest > go_hand_up1 > right_move_10,go_hand_up1,500,500,500,500,500,820,740,350,500,500,500,500,500,180,260,650,6.0,0.0,373.0,70.0,173.3,319.7,70.0,29.3,319.7,9.6,6.1,167.9,0.0,0.0,0.0,chest,500,500,500,500,500,680,620,280,500,500,500,500,500,320,380,720,6.0,0.0,373.0,96.0,129.8,276.7,96.0,-14.2,276.7,11.1,3.5,165.3,go_hand_up1,500,500,500,500,500,820,740,350,500,500,500,500,500,180,260,650,6.0,0.0,373.0,70.0,173.3,319.7,70.0,29.3,319.7,9.6,6.1,167.9,right_move_10,481,500,500,500,527,500,500,500,518,500,500,500,472,500,500,500,6.0,-5.0,372.0,8.0,67.0,197.0,8.0,-77.0,197.0,5.9,2.1,160.0
play3_chest_twist_stand_slow,happy/高兴,play/玩耍,high,3,chest > twist > stand_slow,chest,500,500,500,500,500,680,620,280,500,500,500,500,500,320,380,720,6.0,0.0,373.0,96.0,129.8,276.7,96.0,-14.2,276.7,11.1,3.5,165.3,0.0,0.0,0.0,chest,500,500,500,500,500,680,620,280,500,500,500,500,500,320,380,720,6.0,0.0,373.0,96.0,129.8,276.7,96.0,-14.2,276.7,11.1,3.5,165.3,twist,530,500,500,500,420,560,500,500,470,500,500,500,580,440,500,500,6.0,0.0,363.6,37.8,72.0,192.3,37.8,-72.0,192.3,7.7,-21.7,154.9,stand_slow,500,500,500,500,500,500,500,500,500,500,500,500,500,500,500,500,6.0,0.0,373.0,8.0,72.0,198.0,8.0,-72.0,198.0,5.9,0.0,160.6
play3_chest_stepping_stand_slow,happy/高兴,play/玩耍,high,3,chest > stepping > stand_slow,chest,500,500,500,500,500,680,620,280,500,500,500,500,500,320,380,720,6.0,0.0,373.0,96.0,129.8,276.7,96.0,-14.2,276.7,11.1,3.5,165.3,0.0,0.0,0.0,chest,500,500,500,500,500,680,620,280,500,500,500,500,500,320,380,720,6.0,0.0,373.0,96.0,129.8,276.7,96.0,-14.2,276.7,11.1,3.5,165.3,stepping,500,500,522,518,500,500,500,500,500,530,590,455,500,500,500,500,14.0,0.0,373.5,16.0,72.0,198.5,16.0,-72.0,198.5,9.7,0.0,162.5,stand_slow,500,500,500,500,500,500,500,500,500,500,500,500,500,500,500,500,6.0,0.0,373.0,8.0,72.0,198.0,8.0,-72.0,198.0,5.9,0.0,160.6
comfortX_bow_wave,unhappy/不高兴/neutral/中性,comfort_request/安慰,low,2,bow > wave,bow,500,560,430,360,500,620,680,580,500,440,570,640,500,380,320,420,6.0,0.0,330.5,38.9,154.1,194.6,38.9,10.1,194.6,50.6,4.9,138.5,0.0,0.0,0.0,bow,500,560,430,360,500,620,680,580,500,440,570,640,500,380,320,420,6.0,0.0,330.5,38.9,154.1,194.6,38.9,10.1,194.6,50.6,4.9,138.5,wave,500,500,500,500,500,820,740,220,500,500,500,500,500,500,500,500,6.0,0.0,373.0,8.0,72.0,198.0,62.7,29.3,332.0,7.5,3.0,164.6,,,,,,,,,,,,,,,,,,,,,,,,,,,,,
comfortX_wave_bow,unhappy/不高兴/neutral/中性,comfort_request/安慰,low,2,wave > bow,bow,500,560,430,360,500,620,680,580,500,440,570,640,500,380,320,420,6.0,0.0,330.5,38.9,154.1,194.6,38.9,10.1,194.6,50.6,4.9,138.5,0.0,0.0,0.0,wave,500,500,500,500,500,820,740,220,500,500,500,500,500,500,500,500,6.0,0.0,373.0,8.0,72.0,198.0,62.7,29.3,332.0,7.5,3.0,164.6,bow,500,560,430,360,500,620,680,580,500,440,570,640,500,380,320,420,6.0,0.0,330.5,38.9,154.1,194.6,38.9,10.1,194.6,50.6,4.9,138.5,,,,,,,,,,,,,,,,,,,,,,,,,,,,,
comfortX_bow_left_hand,unhappy/不高兴/neutral/中性,comfort_request/安慰,low,2,bow > left_hand,bow,500,560,430,360,500,620,680,580,500,440,570,640,500,380,320,420,6.0,0.0,330.5,38.9,154.1,194.6,38.9,10.1,194.6,50.6,4.9,138.5,0.0,0.0,0.0,bow,500,560,430,360,500,620,680,580,500,440,570,640,500,380,320,420,6.0,0.0,330.5,38.9,154.1,194.6,38.9,10.1,194.6,50.6,4.9,138.5,left_hand,500,500,500,500,500,500,500,500,500,500,500,500,500,340,380,580,6.0,0.0,373.0,83.2,129.8,246.1,8.0,-72.0,198.0,8.1,1.7,162.1,,,,,,,,,,,,,,,,,,,,,,,,,,,,,
comfortX_bow_right_hand,unhappy/不高兴/neutral/中性,comfort_request/安慰,low,2,bow > right_hand,bow,500,560,430,360,500,620,680,580,500,440,570,640,500,380,320,420,6.0,0.0,330.5,38.9,154.1,194.6,38.9,10.1,194.6,50.6,4.9,138.5,0.0,0.0,0.0,bow,500,560,430,360,500,620,680,580,500,440,570,640,500,380,320,420,6.0,0.0,330.5,38.9,154.1,194.6,38.9,10.1,194.6,50.6,4.9,138.5,right_hand,500,500,500,500,500,660,620,420,500,500,500,500,500,500,500,500,6.0,0.0,373.0,8.0,72.0,198.0,83.2,-14.2,246.1,8.1,1.7,162.1,,,,,,,,,,,,,,,,,,,,,,,,,,,,,
comfortX_right_hand_bow,unhappy/不高兴/neutral/中性,comfort_request/安慰,low,2,right_hand > bow,bow,500,560,430,360,500,620,680,580,500,440,570,640,500,380,320,420,6.0,0.0,330.5,38.9,154.1,194.6,38.9,10.1,194.6,50.6,4.9,138.5,0.0,0.0,0.0,right_hand,500,500,500,500,500,660,620,420,500,500,500,500,500,500,500,500,6.0,0.0,373.0,8.0,72.0,198.0,83.2,-14.2,246.1,8.1,1.7,162.1,bow,500,560,430,360,500,620,680,580,500,440,570,640,500,380,320,420,6.0,0.0,330.5,38.9,154.1,194.6,38.9,10.1,194.6,50.6,4.9,138.5,,,,,,,,,,,,,,,,,,,,,,,,,,,,,
comfortX_bow_lift_left_hand,unhappy/不高兴/neutral/中性,comfort_request/安慰,low,2,bow > lift_left_hand,bow,500,560,430,360,500,620,680,580,500,440,570,640,500,380,320,420,6.0,0.0,330.5,38.9,154.1,194.6,38.9,10.1,194.6,50.6,4.9,138.5,0.0,0.0,0.0,bow,500,560,430,360,500,620,680,580,500,440,570,640,500,380,320,420,6.0,0.0,330.5,38.9,154.1,194.6,38.9,10.1,194.6,50.6,4.9,138.5,lift_left_hand,500,500,500,500,500,500,500,500,500,500,500,500,500,180,260,650,6.0,0.0,373.0,70.0,173.3,319.7,8.0,-72.0,198.0,7.7,3.0,164.3,,,,,,,,,,,,,,,,,,,,,,,,,,,,,
comfortX_lift_left_hand_bow,unhappy/不高兴/neutral/中性,comfort_request/安慰,low,2,lift_left_hand > bow,bow,500,560,430,360,500,620,680,580,500,440,570,640,500,380,320,420,6.0,0.0,330.5,38.9,154.1,194.6,38.9,10.1,194.6,50.6,4.9,138.5,0.0,0.0,0.0,lift_left_hand,500,500,500,500,500,500,500,500,500,500,500,500,500,180,260,650,6.0,0.0,373.0,70.0,173.3,319.7,8.0,-72.0,198.0,7.7,3.0,164.3,bow,500,560,430,360,500,620,680,580,500,440,570,640,500,380,320,420,6.0,0.0,330.5,38.9,154.1,194.6,38.9,10.1,194.6,50.6,4.9,138.5,,,,,,,,,,,,,,,,,,,,,,,,,,,,,
comfortX_bow_go_hand_up,unhappy/不高兴/neutral/中性,comfort_request/安慰,low,2,bow > go_hand_up,go_hand_up,500,500,500,500,500,820,740,350,500,500,500,500,500,180,260,650,6.0,0.0,373.0,70.0,173.3,319.7,70.0,29.3,319.7,9.6,6.1,167.9,0.0,0.0,0.0,bow,500,560,430,360,500,620,680,580,500,440,570,640,500,380,320,420,6.0,0.0,330.5,38.9,154.1,194.6,38.9,10.1,194.6,50.6,4.9,138.5,go_hand_up,500,500,500,500,500,820,740,350,500,500,500,500,500,180,260,650,6.0,0.0,373.0,70.0,173.3,319.7,70.0,29.3,319.7,9.6,6.1,167.9,,,,,,,,,,,,,,,,,,,,,,,,,,,,,
comfortX_go_hand_up_bow,unhappy/不高兴/neutral/中性,comfort_request/安慰,low,2,go_hand_up > bow,go_hand_up,500,500,500,500,500,820,740,350,500,500,500,500,500,180,260,650,6.0,0.0,373.0,70.0,173.3,319.7,70.0,29.3,319.7,9.6,6.1,167.9,0.0,0.0,0.0,go_hand_up,500,500,500,500,500,820,740,350,500,500,500,500,500,180,260,650,6.0,0.0,373.0,70.0,173.3,319.7,70.0,29.3,319.7,9.6,6.1,167.9,bow,500,560,430,360,500,620,680,580,500,440,570,640,500,380,320,420,6.0,0.0,330.5,38.9,154.1,194.6,38.9,10.1,194.6,50.6,4.9,138.5,,,,,,,,,,,,,,,,,,,,,,,,,,,,,
comfortX_bow_go_hand_up1,unhappy/不高兴/neutral/中性,comfort_request/安慰,low,2,bow > go_hand_up1,go_hand_up1,500,500,500,500,500,820,740,350,500,500,500,500,500,180,260,650,6.0,0.0,373.0,70.0,173.3,319.7,70.0,29.3,319.7,9.6,6.1,167.9,0.0,0.0,0.0,bow,500,560,430,360,500,620,680,580,500,440,570,640,500,380,320,420,6.0,0.0,330.5,38.9,154.1,194.6,38.9,10.1,194.6,50.6,4.9,138.5,go_hand_up1,500,500,500,500,500,820,740,350,500,500,500,500,500,180,260,650,6.0,0.0,373.0,70.0,173.3,319.7,70.0,29.3,319.7,9.6,6.1,167.9,,,,,,,,,,,,,,,,,,,,,,,,,,,,,
comfortX_go_hand_up1_bow,unhappy/不高兴/neutral/中性,comfort_request/安慰,low,2,go_hand_up1 > bow,go_hand_up1,500,500,500,500,500,820,740,350,500,500,500,500,500,180,260,650,6.0,0.0,373.0,70.0,173.3,319.7,70.0,29.3,319.7,9.6,6.1,167.9,0.0,0.0,0.0,go_hand_up1,500,500,500,500,500,820,740,350,500,500,500,500,500,180,260,650,6.0,0.0,373.0,70.0,173.3,319.7,70.0,29.3,319.7,9.6,6.1,167.9,bow,500,560,430,360,500,620,680,580,500,440,570,640,500,380,320,420,6.0,0.0,330.5,38.9,154.1,194.6,38.9,10.1,194.6,50.6,4.9,138.5,,,,,,,,,,,,,,,,,,,,,,,,,,,,,
comfortX_bow_twist,unhappy/不高兴/neutral/中性,comfort_request/安慰,low,2,bow > twist,bow,500,560,430,360,500,620,680,580,500,440,570,640,500,380,320,420,6.0,0.0,330.5,38.9,154.1,194.6,38.9,10.1,194.6,50.6,4.9,138.5,0.0,0.0,0.0,bow,500,560,430,360,500,620,680,580,500,440,570,640,500,380,320,420,6.0,0.0,330.5,38.9,154.1,194.6,38.9,10.1,194.6,50.6,4.9,138.5,twist,530,500,500,500,420,560,500,500,470,500,500,500,580,440,500,500,6.0,0.0,363.6,37.8,72.0,192.3,37.8,-72.0,192.3,7.7,-21.7,154.9,,,,,,,,,,,,,,,,,,,,,,,,,,,,,
comfortX_stepping_bow,unhappy/不高兴/neutral/中性,comfort_request/安慰,low,2,stepping > bow,bow,500,560,430,360,500,620,680,580,500,440,570,640,500,380,320,420,6.0,0.0,330.5,38.9,154.1,194.6,38.9,10.1,194.6,50.6,4.9,138.5,0.0,0.0,0.0,stepping,500,500,522,518,500,500,500,500,500,530,590,455,500,500,500,500,14.0,0.0,373.5,16.0,72.0,198.5,16.0,-72.0,198.5,9.7,0.0,162.5,bow,500,560,430,360,500,620,680,580,500,440,570,640,500,380,320,420,6.0,0.0,330.5,38.9,154.1,194.6,38.9,10.1,194.6,50.6,4.9,138.5,,,,,,,,,,,,,,,,,,,,,,,,,,,,,
comfortX_bow_left_move,unhappy/不高兴/neutral/中性,comfort_request/安慰,low,2,bow > left_move,bow,500,560,430,360,500,620,680,580,500,440,570,640,500,380,320,420,6.0,0.0,330.5,38.9,154.1,194.6,38.9,10.1,194.6,50.6,4.9,138.5,0.0,0.0,0.0,bow,500,560,430,360,500,620,680,580,500,440,570,640,500,380,320,420,6.0,0.0,330.5,38.9,154.1,194.6,38.9,10.1,194.6,50.6,4.9,138.5,left_move,518,500,500,500,472,500,500,500,481,500,500,500,527,500,500,500,6.0,7.5,372.0,8.0,79.5,197.0,8.0,-64.5,197.0,5.9,0.4,160.0,,,,,,,,,,,,,,,,,,,,,,,,,,,,,
comfortX_left_move_bow,unhappy/不高兴/neutral/中性,comfort_request/安慰,low,2,left_move > bow,bow,500,560,430,360,500,620,680,580,500,440,570,640,500,380,320,420,6.0,0.0,330.5,38.9,154.1,194.6,38.9,10.1,194.6,50.6,4.9,138.5,0.0,0.0,0.0,left_move,518,500,500,500,472,500,500,500,481,500,500,500,527,500,500,500,6.0,7.5,372.0,8.0,79.5,197.0,8.0,-64.5,197.0,5.9,0.4,160.0,bow,500,560,430,360,500,620,680,580,500,440,570,640,500,380,320,420,6.0,0.0,330.5,38.9,154.1,194.6,38.9,10.1,194.6,50.6,4.9,138.5,,,,,,,,,,,,,,,,,,,,,,,,,,,,,
comfortX_bow_right_move,unhappy/不高兴/neutral/中性,comfort_request/安慰,low,2,bow > right_move,bow,500,560,430,360,500,620,680,580,500,440,570,640,500,380,320,420,6.0,0.0,330.5,38.9,154.1,194.6,38.9,10.1,194.6,50.6,4.9,138.5,0.0,0.0,0.0,bow,500,560,430,360,500,620,680,580,500,440,570,640,500,380,320,420,6.0,0.0,330.5,38.9,154.1,194.6,38.9,10.1,194.6,50.6,4.9,138.5,right_move,481,500,500,500,527,500,500,500,518,500,500,500,472,500,500,500,6.0,-7.5,372.0,8.0,64.5,197.0,8.0,-79.5,197.0,5.9,-0.4,160.0,,,,,,,,,,,,,,,,,,,,,,,,,,,,,
comfortX_right_move_bow,unhappy/不高兴/neutral/中性,comfort_request/安慰,low,2,right_move > bow,bow,500,560,430,360,500,620,680,580,500,440,570,640,500,380,320,420,6.0,0.0,330.5,38.9,154.1,194.6,38.9,10.1,194.6,50.6,4.9,138.5,0.0,0.0,0.0,right_move,481,500,500,500,527,500,500,500,518,500,500,500,472,500,500,500,6.0,-7.5,372.0,8.0,64.5,197.0,8.0,-79.5,197.0,5.9,-0.4,160.0,bow,500,560,430,360,500,620,680,580,500,440,570,640,500,380,320,420,6.0,0.0,330.5,38.9,154.1,194.6,38.9,10.1,194.6,50.6,4.9,138.5,,,,,,,,,,,,,,,,,,,,,,,,,,,,,
comfortX_left_move_10_bow,unhappy/不高兴/neutral/中性,comfort_request/安慰,low,2,left_move_10 > bow,bow,500,560,430,360,500,620,680,580,500,440,570,640,500,380,320,420,6.0,0.0,330.5,38.9,154.1,194.6,38.9,10.1,194.6,50.6,4.9,138.5,0.0,0.0,0.0,left_move_10,518,500,500,500,472,500,500,500,481,500,500,500,527,500,500,500,6.0,5.0,372.0,8.0,77.0,197.0,8.0,-67.0,197.0,5.9,-2.1,160.0,bow,500,560,430,360,500,620,680,580,500,440,570,640,500,380,320,420,6.0,0.0,330.5,38.9,154.1,194.6,38.9,10.1,194.6,50.6,4.9,138.5,,,,,,,,,,,,,,,,,,,,,,,,,,,,,
comfortX_bow_right_move_10,unhappy/不高兴/neutral/中性,comfort_request/安慰,low,2,bow > right_move_10,bow,500,560,430,360,500,620,680,580,500,440,570,640,500,380,320,420,6.0,0.0,330.5,38.9,154.1,194.6,38.9,10.1,194.6,50.6,4.9,138.5,0.0,0.0,0.0,bow,500,560,430,360,500,620,680,580,500,440,570,640,500,380,320,420,6.0,0.0,330.5,38.9,154.1,194.6,38.9,10.1,194.6,50.6,4.9,138.5,right_move_10,481,500,500,500,527,500,500,500,518,500,500,500,472,500,500,500,6.0,-5.0,372.0,8.0,67.0,197.0,8.0,-77.0,197.0,5.9,2.1,160.0,,,,,,,,,,,,,,,,,,,,,,,,,,,,,
comfortX_right_move_10_bow,unhappy/不高兴/neutral/中性,comfort_request/安慰,low,2,right_move_10 > bow,bow,500,560,430,360,500,620,680,580,500,440,570,640,500,380,320,420,6.0,0.0,330.5,38.9,154.1,194.6,38.9,10.1,194.6,50.6,4.9,138.5,0.0,0.0,0.0,right_move_10,481,500,500,500,527,500,500,500,518,500,500,500,472,500,500,500,6.0,-5.0,372.0,8.0,67.0,197.0,8.0,-77.0,197.0,5.9,2.1,160.0,bow,500,560,430,360,500,620,680,580,500,440,570,640,500,380,320,420,6.0,0.0,330.5,38.9,154.1,194.6,38.9,10.1,194.6,50.6,4.9,138.5,,,,,,,,,,,,,,,,,,,,,,,,,,,,,
comfortX_bow_left_move_20,unhappy/不高兴/neutral/中性,comfort_request/安慰,low,2,bow > left_move_20,bow,500,560,430,360,500,620,680,580,500,440,570,640,500,380,320,420,6.0,0.0,330.5,38.9,154.1,194.6,38.9,10.1,194.6,50.6,4.9,138.5,0.0,0.0,0.0,bow,500,560,430,360,500,620,680,580,500,440,570,640,500,380,320,420,6.0,0.0,330.5,38.9,154.1,194.6,38.9,10.1,194.6,50.6,4.9,138.5,left_move_20,518,500,500,500,472,500,500,500,481,500,500,500,527,500,500,500,6.0,10.0,372.0,8.0,82.0,197.0,8.0,-62.0,197.0,5.9,2.9,160.0,,,,,,,,,,,,,,,,,,,,,,,,,,,,,
comfortX_left_move_20_bow,unhappy/不高兴/neutral/中性,comfort_request/安慰,low,2,left_move_20 > bow,bow,500,560,430,360,500,620,680,580,500,440,570,640,500,380,320,420,6.0,0.0,330.5,38.9,154.1,194.6,38.9,10.1,194.6,50.6,4.9,138.5,0.0,0.0,0.0,left_move_20,518,500,500,500,472,500,500,500,481,500,500,500,527,500,500,500,6.0,10.0,372.0,8.0,82.0,197.0,8.0,-62.0,197.0,5.9,2.9,160.0,bow,500,560,430,360,500,620,680,580,500,440,570,640,500,380,320,420,6.0,0.0,330.5,38.9,154.1,194.6,38.9,10.1,194.6,50.6,4.9,138.5,,,,,,,,,,,,,,,,,,,,,,,,,,,,,
comfortX_bow_right_move_20,unhappy/不高兴/neutral/中性,comfort_request/安慰,low,2,bow > right_move_20,bow,500,560,430,360,500,620,680,580,500,440,570,640,500,380,320,420,6.0,0.0,330.5,38.9,154.1,194.6,38.9,10.1,194.6,50.6,4.9,138.5,0.0,0.0,0.0,bow,500,560,430,360,500,620,680,580,500,440,570,640,500,380,320,420,6.0,0.0,330.5,38.9,154.1,194.6,38.9,10.1,194.6,50.6,4.9,138.5,right_move_20,481,500,500,500,527,500,500,500,518,500,500,500,472,500,500,500,6.0,-10.0,372.0,8.0,62.0,197.0,8.0,-82.0,197.0,5.9,-2.9,160.0,,,,,,,,,,,,,,,,,,,,,,,,,,,,,
comfortX_right_move_20_bow,unhappy/不高兴/neutral/中性,comfort_request/安慰,low,2,right_move_20 > bow,bow,500,560,430,360,500,620,680,580,500,440,570,640,500,380,320,420,6.0,0.0,330.5,38.9,154.1,194.6,38.9,10.1,194.6,50.6,4.9,138.5,0.0,0.0,0.0,right_move_20,481,500,500,500,527,500,500,500,518,500,500,500,472,500,500,500,6.0,-10.0,372.0,8.0,62.0,197.0,8.0,-82.0,197.0,5.9,-2.9,160.0,bow,500,560,430,360,500,620,680,580,500,440,570,640,500,380,320,420,6.0,0.0,330.5,38.9,154.1,194.6,38.9,10.1,194.6,50.6,4.9,138.5,,,,,,,,,,,,,,,,,,,,,,,,,,,,,
comfortX_bow_turn_left_small_step,unhappy/不高兴/neutral/中性,comfort_request/安慰,low,2,bow > turn_left_small_step,bow,500,560,430,360,500,620,680,580,500,440,570,640,500,380,320,420,6.0,0.0,330.5,38.9,154.1,194.6,38.9,10.1,194.6,50.6,4.9,138.5,0.0,0.0,0.0,bow,500,560,430,360,500,620,680,580,500,440,570,640,500,380,320,420,6.0,0.0,330.5,38.9,154.1,194.6,38.9,10.1,194.6,50.6,4.9,138.5,turn_left_small_step,500,500,513,511,500,500,500,500,500,518,555,472,500,500,500,500,5.9,0.8,373.8,-1.5,72.4,198.8,17.3,-70.3,198.8,3.3,0.4,162.0,,,,,,,,,,,,,,,,,,,,,,,,,,,,,
comfortX_turn_left_small_step_bow,unhappy/不高兴/neutral/中性,comfort_request/安慰,low,2,turn_left_small_step > bow,bow,500,560,430,360,500,620,680,580,500,440,570,640,500,380,320,420,6.0,0.0,330.5,38.9,154.1,194.6,38.9,10.1,194.6,50.6,4.9,138.5,0.0,0.0,0.0,turn_left_small_step,500,500,513,511,500,500,500,500,500,518,555,472,500,500,500,500,5.9,0.8,373.8,-1.5,72.4,198.8,17.3,-70.3,198.8,3.3,0.4,162.0,bow,500,560,430,360,500,620,680,580,500,440,570,640,500,380,320,420,6.0,0.0,330.5,38.9,154.1,194.6,38.9,10.1,194.6,50.6,4.9,138.5,,,,,,,,,,,,,,,,,,,,,,,,,,,,,
comfortX_bow_turn_right_small_step,unhappy/不高兴/neutral/中性,comfort_request/安慰,low,2,bow > turn_right_small_step,bow,500,560,430,360,500,620,680,580,500,440,570,640,500,380,320,420,6.0,0.0,330.5,38.9,154.1,194.6,38.9,10.1,194.6,50.6,4.9,138.5,0.0,0.0,0.0,bow,500,560,430,360,500,620,680,580,500,440,570,640,500,380,320,420,6.0,0.0,330.5,38.9,154.1,194.6,38.9,10.1,194.6,50.6,4.9,138.5,turn_right_small_step,500,500,513,511,500,500,500,500,500,518,555,472,500,500,500,500,5.9,-0.8,373.8,17.3,70.3,198.8,-1.5,-72.4,198.8,3.3,-0.4,162.0,,,,,,,,,,,,,,,,,,,,,,,,,,,,,
comfortX_turn_right_small_step_bow,unhappy/不高兴/neutral/中性,comfort_request/安慰,low,2,turn_right_small_step > bow,bow,500,560,430,360,500,620,680,580,500,440,570,640,500,380,320,420,6.0,0.0,330.5,38.9,154.1,194.6,38.9,10.1,194.6,50.6,4.9,138.5,0.0,0.0,0.0,turn_right_small_step,500,500,513,511,500,500,500,500,500,518,555,472,500,500,500,500,5.9,-0.8,373.8,17.3,70.3,198.8,-1.5,-72.4,198.8,3.3,-0.4,162.0,bow,500,560,430,360,500,620,680,580,500,440,570,640,500,380,320,420,6.0,0.0,330.5,38.9,154.1,194.6,38.9,10.1,194.6,50.6,4.9,138.5,,,,,,,,,,,,,,,,,,,,,,,,,,,,,
comfortX_bow_turn_left_small_step_a,unhappy/不高兴/neutral/中性,comfort_request/安慰,low,2,bow > turn_left_small_step_a,bow,500,560,430,360,500,620,680,580,500,440,570,640,500,380,320,420,6.0,0.0,330.5,38.9,154.1,194.6,38.9,10.1,194.6,50.6,4.9,138.5,0.0,0.0,0.0,bow,500,560,430,360,500,620,680,580,500,440,570,640,500,380,320,420,6.0,0.0,330.5,38.9,154.1,194.6,38.9,10.1,194.6,50.6,4.9,138.5,turn_left_small_step_a,500,500,513,511,500,500,500,500,500,518,555,472,500,500,500,500,6.0,0.5,373.8,1.7,72.4,198.8,14.2,-71.0,198.8,3.3,0.3,162.0,,,,,,,,,,,,,,,,,,,,,,,,,,,,,
comfortX_turn_left_small_step_a_bow,unhappy/不高兴/neutral/中性,comfort_request/安慰,low,2,turn_left_small_step_a > bow,bow,500,560,430,360,500,620,680,580,500,440,570,640,500,380,320,420,6.0,0.0,330.5,38.9,154.1,194.6,38.9,10.1,194.6,50.6,4.9,138.5,0.0,0.0,0.0,turn_left_small_step_a,500,500,513,511,500,500,500,500,500,518,555,472,500,500,500,500,6.0,0.5,373.8,1.7,72.4,198.8,14.2,-71.0,198.8,3.3,0.3,162.0,bow,500,560,430,360,500,620,680,580,500,440,570,640,500,380,320,420,6.0,0.0,330.5,38.9,154.1,194.6,38.9,10.1,194.6,50.6,4.9,138.5,,,,,,,,,,,,,,,,,,,,,,,,,,,,,
comfortX_bow_turn_right_small_step_a,unhappy/不高兴/neutral/中性,comfort_request/安慰,low,2,bow > turn_right_small_step_a,bow,500,560,430,360,500,620,680,580,500,440,570,640,500,380,320,420,6.0,0.0,330.5,38.9,154.1,194.6,38.9,10.1,194.6,50.6,4.9,138.5,0.0,0.0,0.0,bow,500,560,430,360,500,620,680,580,500,440,570,640,500,380,320,420,6.0,0.0,330.5,38.9,154.1,194.6,38.9,10.1,194.6,50.6,4.9,138.5,turn_right_small_step_a,500,500,513,511,500,500,500,500,500,518,555,472,500,500,500,500,6.0,-0.5,373.8,14.2,71.0,198.8,1.7,-72.4,198.8,3.3,-0.3,162.0,,,,,,,,,,,,,,,,,,,,,,,,,,,,,
comfortX_turn_right_small_step_a_bow,unhappy/不高兴/neutral/中性,comfort_request/安慰,low,2,turn_right_small_step_a > bow,bow,500,560,430,360,500,620,680,580,500,440,570,640,500,380,320,420,6.0,0.0,330.5,38.9,154.1,194.6,38.9,10.1,194.6,50.6,4.9,138.5,0.0,0.0,0.0,turn_right_small_step_a,500,500,513,511,500,500,500,500,500,518,555,472,500,500,500,500,6.0,-0.5,373.8,14.2,71.0,198.8,1.7,-72.4,198.8,3.3,-0.3,162.0,bow,500,560,430,360,500,620,680,580,500,440,570,640,500,380,320,420,6.0,0.0,330.5,38.9,154.1,194.6,38.9,10.1,194.6,50.6,4.9,138.5,,,,,,,,,,,,,,,,,,,,,,,,,,,,,
comfort3_bow_squat_down_squat_up,unhappy/不高兴,comfort_request/安慰,low,3,bow > squat_down > squat_up,bow,500,560,430,360,500,620,680,580,500,440,570,640,500,380,320,420,6.0,0.0,330.5,38.9,154.1,194.6,38.9,10.1,194.6,50.6,4.9,138.5,0.0,0.0,0.0,bow,500,560,430,360,500,620,680,580,500,440,570,640,500,380,320,420,6.0,0.0,330.5,38.9,154.1,194.6,38.9,10.1,194.6,50.6,4.9,138.5,squat_down,500,560,360,380,500,540,500,500,500,440,640,620,500,460,500,500,6.0,0.0,316.0,28.0,72.0,142.6,28.0,-72.0,142.6,50.8,0.0,125.7,squat_up,500,560,360,380,500,540,500,500,500,440,640,620,500,460,500,500,6.0,0.0,316.0,28.0,72.0,142.6,28.0,-72.0,142.6,50.8,0.0,125.7
comfort3_left_hand_bow_stand_slow,unhappy/不高兴/neutral/中性,comfort_request/安慰,low,3,left_hand > bow > stand_slow,bow,500,560,430,360,500,620,680,580,500,440,570,640,500,380,320,420,6.0,0.0,330.5,38.9,154.1,194.6,38.9,10.1,194.6,50.6,4.9,138.5,0.0,0.0,0.0,left_hand,500,500,500,500,500,500,500,500,500,500,500,500,500,340,380,580,6.0,0.0,373.0,83.2,129.8,246.1,8.0,-72.0,198.0,8.1,1.7,162.1,bow,500,560,430,360,500,620,680,580,500,440,570,640,500,380,320,420,6.0,0.0,330.5,38.9,154.1,194.6,38.9,10.1,194.6,50.6,4.9,138.5,stand_slow,500,500,500,500,500,500,500,500,500,500,500,500,500,500,500,500,6.0,0.0,373.0,8.0,72.0,198.0,8.0,-72.0,198.0,5.9,0.0,160.6
comfort3_bow_left_hand_stepping,unhappy/不高兴/neutral/中性,comfort_request/安慰,low,3,bow > left_hand > stepping,bow,500,560,430,360,500,620,680,580,500,440,570,640,500,380,320,420,6.0,0.0,330.5,38.9,154.1,194.6,38.9,10.1,194.6,50.6,4.9,138.5,0.0,0.0,0.0,bow,500,560,430,360,500,620,680,580,500,440,570,640,500,380,320,420,6.0,0.0,330.5,38.9,154.1,194.6,38.9,10.1,194.6,50.6,4.9,138.5,left_hand,500,500,500,500,500,500,500,500,500,500,500,500,500,340,380,580,6.0,0.0,373.0,83.2,129.8,246.1,8.0,-72.0,198.0,8.1,1.7,162.1,stepping,500,500,522,518,500,500,500,500,500,530,590,455,500,500,500,500,14.0,0.0,373.5,16.0,72.0,198.5,16.0,-72.0,198.5,9.7,0.0,162.5
comfort3_right_hand_bow_stand_slow,unhappy/不高兴/neutral/中性,comfort_request/安慰,low,3,right_hand > bow > stand_slow,bow,500,560,430,360,500,620,680,580,500,440,570,640,500,380,320,420,6.0,0.0,330.5,38.9,154.1,194.6,38.9,10.1,194.6,50.6,4.9,138.5,0.0,0.0,0.0,right_hand,500,500,500,500,500,660,620,420,500,500,500,500,500,500,500,500,6.0,0.0,373.0,8.0,72.0,198.0,83.2,-14.2,246.1,8.1,1.7,162.1,bow,500,560,430,360,500,620,680,580,500,440,570,640,500,380,320,420,6.0,0.0,330.5,38.9,154.1,194.6,38.9,10.1,194.6,50.6,4.9,138.5,stand_slow,500,500,500,500,500,500,500,500,500,500,500,500,500,500,500,500,6.0,0.0,373.0,8.0,72.0,198.0,8.0,-72.0,198.0,5.9,0.0,160.6
comfort3_bow_right_hand_stepping,unhappy/不高兴/neutral/中性,comfort_request/安慰,low,3,bow > right_hand > stepping,bow,500,560,430,360,500,620,680,580,500,440,570,640,500,380,320,420,6.0,0.0,330.5,38.9,154.1,194.6,38.9,10.1,194.6,50.6,4.9,138.5,0.0,0.0,0.0,bow,500,560,430,360,500,620,680,580,500,440,570,640,500,380,320,420,6.0,0.0,330.5,38.9,154.1,194.6,38.9,10.1,194.6,50.6,4.9,138.5,right_hand,500,500,500,500,500,660,620,420,500,500,500,500,500,500,500,500,6.0,0.0,373.0,8.0,72.0,198.0,83.2,-14.2,246.1,8.1,1.7,162.1,stepping,500,500,522,518,500,500,500,500,500,530,590,455,500,500,500,500,14.0,0.0,373.5,16.0,72.0,198.5,16.0,-72.0,198.5,9.7,0.0,162.5
comfort3_wave_bow_stand_slow,unhappy/不高兴/neutral/中性,comfort_request/安慰,low,3,wave > bow > stand_slow,bow,500,560,430,360,500,620,680,580,500,440,570,640,500,380,320,420,6.0,0.0,330.5,38.9,154.1,194.6,38.9,10.1,194.6,50.6,4.9,138.5,0.0,0.0,0.0,wave,500,500,500,500,500,820,740,220,500,500,500,500,500,500,500,500,6.0,0.0,373.0,8.0,72.0,198.0,62.7,29.3,332.0,7.5,3.0,164.6,bow,500,560,430,360,500,620,680,580,500,440,570,640,500,380,320,420,6.0,0.0,330.5,38.9,154.1,194.6,38.9,10.1,194.6,50.6,4.9,138.5,stand_slow,500,500,500,500,500,500,500,500,500,500,500,500,500,500,500,500,6.0,0.0,373.0,8.0,72.0,198.0,8.0,-72.0,198.0,5.9,0.0,160.6
comfort3_bow_wave_stepping,unhappy/不高兴/neutral/中性,comfort_request/安慰,low,3,bow > wave > stepping,bow,500,560,430,360,500,620,680,580,500,440,570,640,500,380,320,420,6.0,0.0,330.5,38.9,154.1,194.6,38.9,10.1,194.6,50.6,4.9,138.5,0.0,0.0,0.0,bow,500,560,430,360,500,620,680,580,500,440,570,640,500,380,320,420,6.0,0.0,330.5,38.9,154.1,194.6,38.9,10.1,194.6,50.6,4.9,138.5,wave,500,500,500,500,500,820,740,220,500,500,500,500,500,500,500,500,6.0,0.0,373.0,8.0,72.0,198.0,62.7,29.3,332.0,7.5,3.0,164.6,stepping,500,500,522,518,500,500,500,500,500,530,590,455,500,500,500,500,14.0,0.0,373.5,16.0,72.0,198.5,16.0,-72.0,198.5,9.7,0.0,162.5
comfortX_jugong_wave,unhappy/不高兴/neutral/中性,comfort_request/安慰,low,2,jugong > wave,jugong,500,580,430,330,500,620,680,580,500,420,570,670,500,380,320,420,6.0,0.0,316.3,38.9,154.1,180.4,38.9,10.1,180.4,56.3,4.9,129.7,0.0,0.0,0.0,jugong,500,580,430,330,500,620,680,580,500,420,570,670,500,380,320,420,6.0,0.0,316.3,38.9,154.1,180.4,38.9,10.1,180.4,56.3,4.9,129.7,wave,500,500,500,500,500,820,740,220,500,500,500,500,500,500,500,500,6.0,0.0,373.0,8.0,72.0,198.0,62.7,29.3,332.0,7.5,3.0,164.6,,,,,,,,,,,,,,,,,,,,,,,,,,,,,
comfortX_wave_jugong,unhappy/不高兴/neutral/中性,comfort_request/安慰,low,2,wave > jugong,jugong,500,580,430,330,500,620,680,580,500,420,570,670,500,380,320,420,6.0,0.0,316.3,38.9,154.1,180.4,38.9,10.1,180.4,56.3,4.9,129.7,0.0,0.0,0.0,wave,500,500,500,500,500,820,740,220,500,500,500,500,500,500,500,500,6.0,0.0,373.0,8.0,72.0,198.0,62.7,29.3,332.0,7.5,3.0,164.6,jugong,500,580,430,330,500,620,680,580,500,420,570,670,500,380,320,420,6.0,0.0,316.3,38.9,154.1,180.4,38.9,10.1,180.4,56.3,4.9,129.7,,,,,,,,,,,,,,,,,,,,,,,,,,,,,
comfortX_jugong_left_hand,unhappy/不高兴/neutral/中性,comfort_request/安慰,low,2,jugong > left_hand,jugong,500,580,430,330,500,620,680,580,500,420,570,670,500,380,320,420,6.0,0.0,316.3,38.9,154.1,180.4,38.9,10.1,180.4,56.3,4.9,129.7,0.0,0.0,0.0,jugong,500,580,430,330,500,620,680,580,500,420,570,670,500,380,320,420,6.0,0.0,316.3,38.9,154.1,180.4,38.9,10.1,180.4,56.3,4.9,129.7,left_hand,500,500,500,500,500,500,500,500,500,500,500,500,500,340,380,580,6.0,0.0,373.0,83.2,129.8,246.1,8.0,-72.0,198.0,8.1,1.7,162.1,,,,,,,,,,,,,,,,,,,,,,,,,,,,,
comfortX_left_hand_jugong,unhappy/不高兴/neutral/中性,comfort_request/安慰,low,2,left_hand > jugong,jugong,500,580,430,330,500,620,680,580,500,420,570,670,500,380,320,420,6.0,0.0,316.3,38.9,154.1,180.4,38.9,10.1,180.4,56.3,4.9,129.7,0.0,0.0,0.0,left_hand,500,500,500,500,500,500,500,500,500,500,500,500,500,340,380,580,6.0,0.0,373.0,83.2,129.8,246.1,8.0,-72.0,198.0,8.1,1.7,162.1,jugong,500,580,430,330,500,620,680,580,500,420,570,670,500,380,320,420,6.0,0.0,316.3,38.9,154.1,180.4,38.9,10.1,180.4,56.3,4.9,129.7,,,,,,,,,,,,,,,,,,,,,,,,,,,,,
comfortX_jugong_right_hand,unhappy/不高兴/neutral/中性,comfort_request/安慰,low,2,jugong > right_hand,jugong,500,580,430,330,500,620,680,580,500,420,570,670,500,380,320,420,6.0,0.0,316.3,38.9,154.1,180.4,38.9,10.1,180.4,56.3,4.9,129.7,0.0,0.0,0.0,jugong,500,580,430,330,500,620,680,580,500,420,570,670,500,380,320,420,6.0,0.0,316.3,38.9,154.1,180.4,38.9,10.1,180.4,56.3,4.9,129.7,right_hand,500,500,500,500,500,660,620,420,500,500,500,500,500,500,500,500,6.0,0.0,373.0,8.0,72.0,198.0,83.2,-14.2,246.1,8.1,1.7,162.1,,,,,,,,,,,,,,,,,,,,,,,,,,,,,
comfortX_jugong_lift_left_hand,unhappy/不高兴/neutral/中性,comfort_request/安慰,low,2,jugong > lift_left_hand,jugong,500,580,430,330,500,620,680,580,500,420,570,670,500,380,320,420,6.0,0.0,316.3,38.9,154.1,180.4,38.9,10.1,180.4,56.3,4.9,129.7,0.0,0.0,0.0,jugong,500,580,430,330,500,620,680,580,500,420,570,670,500,380,320,420,6.0,0.0,316.3,38.9,154.1,180.4,38.9,10.1,180.4,56.3,4.9,129.7,lift_left_hand,500,500,500,500,500,500,500,500,500,500,500,500,500,180,260,650,6.0,0.0,373.0,70.0,173.3,319.7,8.0,-72.0,198.0,7.7,3.0,164.3,,,,,,,,,,,,,,,,,,,,,,,,,,,,,
comfortX_lift_left_hand_jugong,unhappy/不高兴/neutral/中性,comfort_request/安慰,low,2,lift_left_hand > jugong,jugong,500,580,430,330,500,620,680,580,500,420,570,670,500,380,320,420,6.0,0.0,316.3,38.9,154.1,180.4,38.9,10.1,180.4,56.3,4.9,129.7,0.0,0.0,0.0,lift_left_hand,500,500,500,500,500,500,500,500,500,500,500,500,500,180,260,650,6.0,0.0,373.0,70.0,173.3,319.7,8.0,-72.0,198.0,7.7,3.0,164.3,jugong,500,580,430,330,500,620,680,580,500,420,570,670,500,380,320,420,6.0,0.0,316.3,38.9,154.1,180.4,38.9,10.1,180.4,56.3,4.9,129.7,,,,,,,,,,,,,,,,,,,,,,,,,,,,,
comfortX_jugong_go_hand_up,unhappy/不高兴/neutral/中性,comfort_request/安慰,low,2,jugong > go_hand_up,go_hand_up,500,500,500,500,500,820,740,350,500,500,500,500,500,180,260,650,6.0,0.0,373.0,70.0,173.3,319.7,70.0,29.3,319.7,9.6,6.1,167.9,0.0,0.0,0.0,jugong,500,580,430,330,500,620,680,580,500,420,570,670,500,380,320,420,6.0,0.0,316.3,38.9,154.1,180.4,38.9,10.1,180.4,56.3,4.9,129.7,go_hand_up,500,500,500,500,500,820,740,350,500,500,500,500,500,180,260,650,6.0,0.0,373.0,70.0,173.3,319.7,70.0,29.3,319.7,9.6,6.1,167.9,,,,,,,,,,,,,,,,,,,,,,,,,,,,,
comfortX_go_hand_up_jugong,unhappy/不高兴/neutral/中性,comfort_request/安慰,low,2,go_hand_up > jugong,go_hand_up,500,500,500,500,500,820,740,350,500,500,500,500,500,180,260,650,6.0,0.0,373.0,70.0,173.3,319.7,70.0,29.3,319.7,9.6,6.1,167.9,0.0,0.0,0.0,go_hand_up,500,500,500,500,500,820,740,350,500,500,500,500,500,180,260,650,6.0,0.0,373.0,70.0,173.3,319.7,70.0,29.3,319.7,9.6,6.1,167.9,jugong,500,580,430,330,500,620,680,580,500,420,570,670,500,380,320,420,6.0,0.0,316.3,38.9,154.1,180.4,38.9,10.1,180.4,56.3,4.9,129.7,,,,,,,,,,,,,,,,,,,,,,,,,,,,,
comfortX_jugong_go_hand_up1,unhappy/不高兴/neutral/中性,comfort_request/安慰,low,2,jugong > go_hand_up1,go_hand_up1,500,500,500,500,500,820,740,350,500,500,500,500,500,180,260,650,6.0,0.0,373.0,70.0,173.3,319.7,70.0,29.3,319.7,9.6,6.1,167.9,0.0,0.0,0.0,jugong,500,580,430,330,500,620,680,580,500,420,570,670,500,380,320,420,6.0,0.0,316.3,38.9,154.1,180.4,38.9,10.1,180.4,56.3,4.9,129.7,go_hand_up1,500,500,500,500,500,820,740,350,500,500,500,500,500,180,260,650,6.0,0.0,373.0,70.0,173.3,319.7,70.0,29.3,319.7,9.6,6.1,167.9,,,,,,,,,,,,,,,,,,,,,,,,,,,,,
comfortX_go_hand_up1_jugong,unhappy/不高兴/neutral/中性,comfort_request/安慰,low,2,go_hand_up1 > jugong,go_hand_up1,500,500,500,500,500,820,740,350,500,500,500,500,500,180,260,650,6.0,0.0,373.0,70.0,173.3,319.7,70.0,29.3,319.7,9.6,6.1,167.9,0.0,0.0,0.0,go_hand_up1,500,500,500,500,500,820,740,350,500,500,500,500,500,180,260,650,6.0,0.0,373.0,70.0,173.3,319.7,70.0,29.3,319.7,9.6,6.1,167.9,jugong,500,580,430,330,500,620,680,580,500,420,570,670,500,380,320,420,6.0,0.0,316.3,38.9,154.1,180.4,38.9,10.1,180.4,56.3,4.9,129.7,,,,,,,,,,,,,,,,,,,,,,,,,,,,,
comfortX_stand_slow_jugong,unhappy/不高兴/neutral/中性,comfort_request/安慰,low,2,stand_slow > jugong,jugong,500,580,430,330,500,620,680,580,500,420,570,670,500,380,320,420,6.0,0.0,316.3,38.9,154.1,180.4,38.9,10.1,180.4,56.3,4.9,129.7,0.0,0.0,0.0,stand_slow,500,500,500,500,500,500,500,500,500,500,500,500,500,500,500,500,6.0,0.0,373.0,8.0,72.0,198.0,8.0,-72.0,198.0,5.9,0.0,160.6,jugong,500,580,430,330,500,620,680,580,500,420,570,670,500,380,320,420,6.0,0.0,316.3,38.9,154.1,180.4,38.9,10.1,180.4,56.3,4.9,129.7,,,,,,,,,,,,,,,,,,,,,,,,,,,,,
comfortX_jugong_twist,unhappy/不高兴/neutral/中性,comfort_request/安慰,low,2,jugong > twist,jugong,500,580,430,330,500,620,680,580,500,420,570,670,500,380,320,420,6.0,0.0,316.3,38.9,154.1,180.4,38.9,10.1,180.4,56.3,4.9,129.7,0.0,0.0,0.0,jugong,500,580,430,330,500,620,680,580,500,420,570,670,500,380,320,420,6.0,0.0,316.3,38.9,154.1,180.4,38.9,10.1,180.4,56.3,4.9,129.7,twist,530,500,500,500,420,560,500,500,470,500,500,500,580,440,500,500,6.0,0.0,363.6,37.8,72.0,192.3,37.8,-72.0,192.3,7.7,-21.7,154.9,,,,,,,,,,,,,,,,,,,,,,,,,,,,,
comfortX_twist_jugong,unhappy/不高兴/neutral/中性,comfort_request/安慰,low,2,twist > jugong,jugong,500,580,430,330,500,620,680,580,500,420,570,670,500,380,320,420,6.0,0.0,316.3,38.9,154.1,180.4,38.9,10.1,180.4,56.3,4.9,129.7,0.0,0.0,0.0,twist,530,500,500,500,420,560,500,500,470,500,500,500,580,440,500,500,6.0,0.0,363.6,37.8,72.0,192.3,37.8,-72.0,192.3,7.7,-21.7,154.9,jugong,500,580,430,330,500,620,680,580,500,420,570,670,500,380,320,420,6.0,0.0,316.3,38.9,154.1,180.4,38.9,10.1,180.4,56.3,4.9,129.7,,,,,,,,,,,,,,,,,,,,,,,,,,,,,
comfortX_jugong_left_move,unhappy/不高兴/neutral/中性,comfort_request/安慰,low,2,jugong > left_move,jugong,500,580,430,330,500,620,680,580,500,420,570,670,500,380,320,420,6.0,0.0,316.3,38.9,154.1,180.4,38.9,10.1,180.4,56.3,4.9,129.7,0.0,0.0,0.0,jugong,500,580,430,330,500,620,680,580,500,420,570,670,500,380,320,420,6.0,0.0,316.3,38.9,154.1,180.4,38.9,10.1,180.4,56.3,4.9,129.7,left_move,518,500,500,500,472,500,500,500,481,500,500,500,527,500,500,500,6.0,7.5,372.0,8.0,79.5,197.0,8.0,-64.5,197.0,5.9,0.4,160.0,,,,,,,,,,,,,,,,,,,,,,,,,,,,,
comfortX_left_move_jugong,unhappy/不高兴/neutral/中性,comfort_request/安慰,low,2,left_move > jugong,jugong,500,580,430,330,500,620,680,580,500,420,570,670,500,380,320,420,6.0,0.0,316.3,38.9,154.1,180.4,38.9,10.1,180.4,56.3,4.9,129.7,0.0,0.0,0.0,left_move,518,500,500,500,472,500,500,500,481,500,500,500,527,500,500,500,6.0,7.5,372.0,8.0,79.5,197.0,8.0,-64.5,197.0,5.9,0.4,160.0,jugong,500,580,430,330,500,620,680,580,500,420,570,670,500,380,320,420,6.0,0.0,316.3,38.9,154.1,180.4,38.9,10.1,180.4,56.3,4.9,129.7,,,,,,,,,,,,,,,,,,,,,,,,,,,,,
comfortX_jugong_right_move,unhappy/不高兴/neutral/中性,comfort_request/安慰,low,2,jugong > right_move,jugong,500,580,430,330,500,620,680,580,500,420,570,670,500,380,320,420,6.0,0.0,316.3,38.9,154.1,180.4,38.9,10.1,180.4,56.3,4.9,129.7,0.0,0.0,0.0,jugong,500,580,430,330,500,620,680,580,500,420,570,670,500,380,320,420,6.0,0.0,316.3,38.9,154.1,180.4,38.9,10.1,180.4,56.3,4.9,129.7,right_move,481,500,500,500,527,500,500,500,518,500,500,500,472,500,500,500,6.0,-7.5,372.0,8.0,64.5,197.0,8.0,-79.5,197.0,5.9,-0.4,160.0,,,,,,,,,,,,,,,,,,,,,,,,,,,,,
comfortX_right_move_jugong,unhappy/不高兴/neutral/中性,comfort_request/安慰,low,2,right_move > jugong,jugong,500,580,430,330,500,620,680,580,500,420,570,670,500,380,320,420,6.0,0.0,316.3,38.9,154.1,180.4,38.9,10.1,180.4,56.3,4.9,129.7,0.0,0.0,0.0,right_move,481,500,500,500,527,500,500,500,518,500,500,500,472,500,500,500,6.0,-7.5,372.0,8.0,64.5,197.0,8.0,-79.5,197.0,5.9,-0.4,160.0,jugong,500,580,430,330,500,620,680,580,500,420,570,670,500,380,320,420,6.0,0.0,316.3,38.9,154.1,180.4,38.9,10.1,180.4,56.3,4.9,129.7,,,,,,,,,,,,,,,,,,,,,,,,,,,,,
comfortX_jugong_left_move_10,unhappy/不高兴/neutral/中性,comfort_request/安慰,low,2,jugong > left_move_10,jugong,500,580,430,330,500,620,680,580,500,420,570,670,500,380,320,420,6.0,0.0,316.3,38.9,154.1,180.4,38.9,10.1,180.4,56.3,4.9,129.7,0.0,0.0,0.0,jugong,500,580,430,330,500,620,680,580,500,420,570,670,500,380,320,420,6.0,0.0,316.3,38.9,154.1,180.4,38.9,10.1,180.4,56.3,4.9,129.7,left_move_10,518,500,500,500,472,500,500,500,481,500,500,500,527,500,500,500,6.0,5.0,372.0,8.0,77.0,197.0,8.0,-67.0,197.0,5.9,-2.1,160.0,,,,,,,,,,,,,,,,,,,,,,,,,,,,,
comfortX_left_move_10_jugong,unhappy/不高兴/neutral/中性,comfort_request/安慰,low,2,left_move_10 > jugong,jugong,500,580,430,330,500,620,680,580,500,420,570,670,500,380,320,420,6.0,0.0,316.3,38.9,154.1,180.4,38.9,10.1,180.4,56.3,4.9,129.7,0.0,0.0,0.0,left_move_10,518,500,500,500,472,500,500,500,481,500,500,500,527,500,500,500,6.0,5.0,372.0,8.0,77.0,197.0,8.0,-67.0,197.0,5.9,-2.1,160.0,jugong,500,580,430,330,500,620,680,580,500,420,570,670,500,380,320,420,6.0,0.0,316.3,38.9,154.1,180.4,38.9,10.1,180.4,56.3,4.9,129.7,,,,,,,,,,,,,,,,,,,,,,,,,,,,,
comfortX_right_move_10_jugong,unhappy/不高兴/neutral/中性,comfort_request/安慰,low,2,right_move_10 > jugong,jugong,500,580,430,330,500,620,680,580,500,420,570,670,500,380,320,420,6.0,0.0,316.3,38.9,154.1,180.4,38.9,10.1,180.4,56.3,4.9,129.7,0.0,0.0,0.0,right_move_10,481,500,500,500,527,500,500,500,518,500,500,500,472,500,500,500,6.0,-5.0,372.0,8.0,67.0,197.0,8.0,-77.0,197.0,5.9,2.1,160.0,jugong,500,580,430,330,500,620,680,580,500,420,570,670,500,380,320,420,6.0,0.0,316.3,38.9,154.1,180.4,38.9,10.1,180.4,56.3,4.9,129.7,,,,,,,,,,,,,,,,,,,,,,,,,,,,,
comfortX_jugong_left_move_20,unhappy/不高兴/neutral/中性,comfort_request/安慰,low,2,jugong > left_move_20,jugong,500,580,430,330,500,620,680,580,500,420,570,670,500,380,320,420,6.0,0.0,316.3,38.9,154.1,180.4,38.9,10.1,180.4,56.3,4.9,129.7,0.0,0.0,0.0,jugong,500,580,430,330,500,620,680,580,500,420,570,670,500,380,320,420,6.0,0.0,316.3,38.9,154.1,180.4,38.9,10.1,180.4,56.3,4.9,129.7,left_move_20,518,500,500,500,472,500,500,500,481,500,500,500,527,500,500,500,6.0,10.0,372.0,8.0,82.0,197.0,8.0,-62.0,197.0,5.9,2.9,160.0,,,,,,,,,,,,,,,,,,,,,,,,,,,,,
comfortX_left_move_20_jugong,unhappy/不高兴/neutral/中性,comfort_request/安慰,low,2,left_move_20 > jugong,jugong,500,580,430,330,500,620,680,580,500,420,570,670,500,380,320,420,6.0,0.0,316.3,38.9,154.1,180.4,38.9,10.1,180.4,56.3,4.9,129.7,0.0,0.0,0.0,left_move_20,518,500,500,500,472,500,500,500,481,500,500,500,527,500,500,500,6.0,10.0,372.0,8.0,82.0,197.0,8.0,-62.0,197.0,5.9,2.9,160.0,jugong,500,580,430,330,500,620,680,580,500,420,570,670,500,380,320,420,6.0,0.0,316.3,38.9,154.1,180.4,38.9,10.1,180.4,56.3,4.9,129.7,,,,,,,,,,,,,,,,,,,,,,,,,,,,,
comfortX_jugong_right_move_20,unhappy/不高兴/neutral/中性,comfort_request/安慰,low,2,jugong > right_move_20,jugong,500,580,430,330,500,620,680,580,500,420,570,670,500,380,320,420,6.0,0.0,316.3,38.9,154.1,180.4,38.9,10.1,180.4,56.3,4.9,129.7,0.0,0.0,0.0,jugong,500,580,430,330,500,620,680,580,500,420,570,670,500,380,320,420,6.0,0.0,316.3,38.9,154.1,180.4,38.9,10.1,180.4,56.3,4.9,129.7,right_move_20,481,500,500,500,527,500,500,500,518,500,500,500,472,500,500,500,6.0,-10.0,372.0,8.0,62.0,197.0,8.0,-82.0,197.0,5.9,-2.9,160.0,,,,,,,,,,,,,,,,,,,,,,,,,,,,,
comfortX_right_move_20_jugong,unhappy/不高兴/neutral/中性,comfort_request/安慰,low,2,right_move_20 > jugong,jugong,500,580,430,330,500,620,680,580,500,420,570,670,500,380,320,420,6.0,0.0,316.3,38.9,154.1,180.4,38.9,10.1,180.4,56.3,4.9,129.7,0.0,0.0,0.0,right_move_20,481,500,500,500,527,500,500,500,518,500,500,500,472,500,500,500,6.0,-10.0,372.0,8.0,62.0,197.0,8.0,-82.0,197.0,5.9,-2.9,160.0,jugong,500,580,430,330,500,620,680,580,500,420,570,670,500,380,320,420,6.0,0.0,316.3,38.9,154.1,180.4,38.9,10.1,180.4,56.3,4.9,129.7,,,,,,,,,,,,,,,,,,,,,,,,,,,,,
comfortX_jugong_turn_left_small_step,unhappy/不高兴/neutral/中性,comfort_request/安慰,low,2,jugong > turn_left_small_step,jugong,500,580,430,330,500,620,680,580,500,420,570,670,500,380,320,420,6.0,0.0,316.3,38.9,154.1,180.4,38.9,10.1,180.4,56.3,4.9,129.7,0.0,0.0,0.0,jugong,500,580,430,330,500,620,680,580,500,420,570,670,500,380,320,420,6.0,0.0,316.3,38.9,154.1,180.4,38.9,10.1,180.4,56.3,4.9,129.7,turn_left_small_step,500,500,513,511,500,500,500,500,500,518,555,472,500,500,500,500,5.9,0.8,373.8,-1.5,72.4,198.8,17.3,-70.3,198.8,3.3,0.4,162.0,,,,,,,,,,,,,,,,,,,,,,,,,,,,,
comfortX_turn_left_small_step_jugong,unhappy/不高兴/neutral/中性,comfort_request/安慰,low,2,turn_left_small_step > jugong,jugong,500,580,430,330,500,620,680,580,500,420,570,670,500,380,320,420,6.0,0.0,316.3,38.9,154.1,180.4,38.9,10.1,180.4,56.3,4.9,129.7,0.0,0.0,0.0,turn_left_small_step,500,500,513,511,500,500,500,500,500,518,555,472,500,500,500,500,5.9,0.8,373.8,-1.5,72.4,198.8,17.3,-70.3,198.8,3.3,0.4,162.0,jugong,500,580,430,330,500,620,680,580,500,420,570,670,500,380,320,420,6.0,0.0,316.3,38.9,154.1,180.4,38.9,10.1,180.4,56.3,4.9,129.7,,,,,,,,,,,,,,,,,,,,,,,,,,,,,
comfortX_jugong_turn_right_small_step,unhappy/不高兴/neutral/中性,comfort_request/安慰,low,2,jugong > turn_right_small_step,jugong,500,580,430,330,500,620,680,580,500,420,570,670,500,380,320,420,6.0,0.0,316.3,38.9,154.1,180.4,38.9,10.1,180.4,56.3,4.9,129.7,0.0,0.0,0.0,jugong,500,580,430,330,500,620,680,580,500,420,570,670,500,380,320,420,6.0,0.0,316.3,38.9,154.1,180.4,38.9,10.1,180.4,56.3,4.9,129.7,turn_right_small_step,500,500,513,511,500,500,500,500,500,518,555,472,500,500,500,500,5.9,-0.8,373.8,17.3,70.3,198.8,-1.5,-72.4,198.8,3.3,-0.4,162.0,,,,,,,,,,,,,,,,,,,,,,,,,,,,,
comfortX_turn_right_small_step_jugong,unhappy/不高兴/neutral/中性,comfort_request/安慰,low,2,turn_right_small_step > jugong,jugong,500,580,430,330,500,620,680,580,500,420,570,670,500,380,320,420,6.0,0.0,316.3,38.9,154.1,180.4,38.9,10.1,180.4,56.3,4.9,129.7,0.0,0.0,0.0,turn_right_small_step,500,500,513,511,500,500,500,500,500,518,555,472,500,500,500,500,5.9,-0.8,373.8,17.3,70.3,198.8,-1.5,-72.4,198.8,3.3,-0.4,162.0,jugong,500,580,430,330,500,620,680,580,500,420,570,670,500,380,320,420,6.0,0.0,316.3,38.9,154.1,180.4,38.9,10.1,180.4,56.3,4.9,129.7,,,,,,,,,,,,,,,,,,,,,,,,,,,,,
comfortX_jugong_turn_left_small_step_a,unhappy/不高兴/neutral/中性,comfort_request/安慰,low,2,jugong > turn_left_small_step_a,jugong,500,580,430,330,500,620,680,580,500,420,570,670,500,380,320,420,6.0,0.0,316.3,38.9,154.1,180.4,38.9,10.1,180.4,56.3,4.9,129.7,0.0,0.0,0.0,jugong,500,580,430,330,500,620,680,580,500,420,570,670,500,380,320,420,6.0,0.0,316.3,38.9,154.1,180.4,38.9,10.1,180.4,56.3,4.9,129.7,turn_left_small_step_a,500,500,513,511,500,500,500,500,500,518,555,472,500,500,500,500,6.0,0.5,373.8,1.7,72.4,198.8,14.2,-71.0,198.8,3.3,0.3,162.0,,,,,,,,,,,,,,,,,,,,,,,,,,,,,
comfortX_turn_left_small_step_a_jugong,unhappy/不高兴/neutral/中性,comfort_request/安慰,low,2,turn_left_small_step_a > jugong,jugong,500,580,430,330,500,620,680,580,500,420,570,670,500,380,320,420,6.0,0.0,316.3,38.9,154.1,180.4,38.9,10.1,180.4,56.3,4.9,129.7,0.0,0.0,0.0,turn_left_small_step_a,500,500,513,511,500,500,500,500,500,518,555,472,500,500,500,500,6.0,0.5,373.8,1.7,72.4,198.8,14.2,-71.0,198.8,3.3,0.3,162.0,jugong,500,580,430,330,500,620,680,580,500,420,570,670,500,380,320,420,6.0,0.0,316.3,38.9,154.1,180.4,38.9,10.1,180.4,56.3,4.9,129.7,,,,,,,,,,,,,,,,,,,,,,,,,,,,,
comfortX_jugong_turn_right_small_step_a,unhappy/不高兴/neutral/中性,comfort_request/安慰,low,2,jugong > turn_right_small_step_a,jugong,500,580,430,330,500,620,680,580,500,420,570,670,500,380,320,420,6.0,0.0,316.3,38.9,154.1,180.4,38.9,10.1,180.4,56.3,4.9,129.7,0.0,0.0,0.0,jugong,500,580,430,330,500,620,680,580,500,420,570,670,500,380,320,420,6.0,0.0,316.3,38.9,154.1,180.4,38.9,10.1,180.4,56.3,4.9,129.7,turn_right_small_step_a,500,500,513,511,500,500,500,500,500,518,555,472,500,500,500,500,6.0,-0.5,373.8,14.2,71.0,198.8,1.7,-72.4,198.8,3.3,-0.3,162.0,,,,,,,,,,,,,,,,,,,,,,,,,,,,,
comfortX_turn_right_small_step_a_jugong,unhappy/不高兴/neutral/中性,comfort_request/安慰,low,2,turn_right_small_step_a > jugong,jugong,500,580,430,330,500,620,680,580,500,420,570,670,500,380,320,420,6.0,0.0,316.3,38.9,154.1,180.4,38.9,10.1,180.4,56.3,4.9,129.7,0.0,0.0,0.0,turn_right_small_step_a,500,500,513,511,500,500,500,500,500,518,555,472,500,500,500,500,6.0,-0.5,373.8,14.2,71.0,198.8,1.7,-72.4,198.8,3.3,-0.3,162.0,jugong,500,580,430,330,500,620,680,580,500,420,570,670,500,380,320,420,6.0,0.0,316.3,38.9,154.1,180.4,38.9,10.1,180.4,56.3,4.9,129.7,,,,,,,,,,,,,,,,,,,,,,,,,,,,,
comfort3_left_hand_jugong_stand_slow,unhappy/不高兴/neutral/中性,comfort_request/安慰,low,3,left_hand > jugong > stand_slow,jugong,500,580,430,330,500,620,680,580,500,420,570,670,500,380,320,420,6.0,0.0,316.3,38.9,154.1,180.4,38.9,10.1,180.4,56.3,4.9,129.7,0.0,0.0,0.0,left_hand,500,500,500,500,500,500,500,500,500,500,500,500,500,340,380,580,6.0,0.0,373.0,83.2,129.8,246.1,8.0,-72.0,198.0,8.1,1.7,162.1,jugong,500,580,430,330,500,620,680,580,500,420,570,670,500,380,320,420,6.0,0.0,316.3,38.9,154.1,180.4,38.9,10.1,180.4,56.3,4.9,129.7,stand_slow,500,500,500,500,500,500,500,500,500,500,500,500,500,500,500,500,6.0,0.0,373.0,8.0,72.0,198.0,8.0,-72.0,198.0,5.9,0.0,160.6
comfort3_jugong_left_hand_stepping,unhappy/不高兴/neutral/中性,comfort_request/安慰,low,3,jugong > left_hand > stepping,jugong,500,580,430,330,500,620,680,580,500,420,570,670,500,380,320,420,6.0,0.0,316.3,38.9,154.1,180.4,38.9,10.1,180.4,56.3,4.9,129.7,0.0,0.0,0.0,jugong,500,580,430,330,500,620,680,580,500,420,570,670,500,380,320,420,6.0,0.0,316.3,38.9,154.1,180.4,38.9,10.1,180.4,56.3,4.9,129.7,left_hand,500,500,500,500,500,500,500,500,500,500,500,500,500,340,380,580,6.0,0.0,373.0,83.2,129.8,246.1,8.0,-72.0,198.0,8.1,1.7,162.1,stepping,500,500,522,518,500,500,500,500,500,530,590,455,500,500,500,500,14.0,0.0,373.5,16.0,72.0,198.5,16.0,-72.0,198.5,9.7,0.0,162.5
comfort3_right_hand_jugong_stand_slow,unhappy/不高兴/neutral/中性,comfort_request/安慰,low,3,right_hand > jugong > stand_slow,jugong,500,580,430,330,500,620,680,580,500,420,570,670,500,380,320,420,6.0,0.0,316.3,38.9,154.1,180.4,38.9,10.1,180.4,56.3,4.9,129.7,0.0,0.0,0.0,right_hand,500,500,500,500,500,660,620,420,500,500,500,500,500,500,500,500,6.0,0.0,373.0,8.0,72.0,198.0,83.2,-14.2,246.1,8.1,1.7,162.1,jugong,500,580,430,330,500,620,680,580,500,420,570,670,500,380,320,420,6.0,0.0,316.3,38.9,154.1,180.4,38.9,10.1,180.4,56.3,4.9,129.7,stand_slow,500,500,500,500,500,500,500,500,500,500,500,500,500,500,500,500,6.0,0.0,373.0,8.0,72.0,198.0,8.0,-72.0,198.0,5.9,0.0,160.6
comfort3_jugong_right_hand_stepping,unhappy/不高兴/neutral/中性,comfort_request/安慰,low,3,jugong > right_hand > stepping,jugong,500,580,430,330,500,620,680,580,500,420,570,670,500,380,320,420,6.0,0.0,316.3,38.9,154.1,180.4,38.9,10.1,180.4,56.3,4.9,129.7,0.0,0.0,0.0,jugong,500,580,430,330,500,620,680,580,500,420,570,670,500,380,320,420,6.0,0.0,316.3,38.9,154.1,180.4,38.9,10.1,180.4,56.3,4.9,129.7,right_hand,500,500,500,500,500,660,620,420,500,500,500,500,500,500,500,500,6.0,0.0,373.0,8.0,72.0,198.0,83.2,-14.2,246.1,8.1,1.7,162.1,stepping,500,500,522,518,500,500,500,500,500,530,590,455,500,500,500,500,14.0,0.0,373.5,16.0,72.0,198.5,16.0,-72.0,198.5,9.7,0.0,162.5
comfort3_wave_jugong_stand_slow,unhappy/不高兴/neutral/中性,comfort_request/安慰,low,3,wave > jugong > stand_slow,jugong,500,580,430,330,500,620,680,580,500,420,570,670,500,380,320,420,6.0,0.0,316.3,38.9,154.1,180.4,38.9,10.1,180.4,56.3,4.9,129.7,0.0,0.0,0.0,wave,500,500,500,500,500,820,740,220,500,500,500,500,500,500,500,500,6.0,0.0,373.0,8.0,72.0,198.0,62.7,29.3,332.0,7.5,3.0,164.6,jugong,500,580,430,330,500,620,680,580,500,420,570,670,500,380,320,420,6.0,0.0,316.3,38.9,154.1,180.4,38.9,10.1,180.4,56.3,4.9,129.7,stand_slow,500,500,500,500,500,500,500,500,500,500,500,500,500,500,500,500,6.0,0.0,373.0,8.0,72.0,198.0,8.0,-72.0,198.0,5.9,0.0,160.6
comfort3_jugong_wave_stepping,unhappy/不高兴/neutral/中性,comfort_request/安慰,low,3,jugong > wave > stepping,jugong,500,580,430,330,500,620,680,580,500,420,570,670,500,380,320,420,6.0,0.0,316.3,38.9,154.1,180.4,38.9,10.1,180.4,56.3,4.9,129.7,0.0,0.0,0.0,jugong,500,580,430,330,500,620,680,580,500,420,570,670,500,380,320,420,6.0,0.0,316.3,38.9,154.1,180.4,38.9,10.1,180.4,56.3,4.9,129.7,wave,500,500,500,500,500,820,740,220,500,500,500,500,500,500,500,500,6.0,0.0,373.0,8.0,72.0,198.0,62.7,29.3,332.0,7.5,3.0,164.6,stepping,500,500,522,518,500,500,500,500,500,530,590,455,500,500,500,500,14.0,0.0,373.5,16.0,72.0,198.5,16.0,-72.0,198.5,9.7,0.0,162.5
comfortX_squat_wave,unhappy/不高兴/neutral/中性,comfort_request/安慰,low,2,squat > wave,wave,500,500,500,500,500,820,740,220,500,500,500,500,500,500,500,500,6.0,0.0,373.0,8.0,72.0,198.0,62.7,29.3,332.0,7.5,3.0,164.6,0.0,0.0,0.0,squat,500,560,360,380,500,540,500,500,500,440,640,620,500,460,500,500,6.0,0.0,316.0,28.0,72.0,142.6,28.0,-72.0,142.6,50.8,0.0,125.7,wave,500,500,500,500,500,820,740,220,500,500,500,500,500,500,500,500,6.0,0.0,373.0,8.0,72.0,198.0,62.7,29.3,332.0,7.5,3.0,164.6,,,,,,,,,,,,,,,,,,,,,,,,,,,,,
comfortX_wave_squat,unhappy/不高兴/neutral/中性,comfort_request/安慰,low,2,wave > squat,wave,500,500,500,500,500,820,740,220,500,500,500,500,500,500,500,500,6.0,0.0,373.0,8.0,72.0,198.0,62.7,29.3,332.0,7.5,3.0,164.6,0.0,0.0,0.0,wave,500,500,500,500,500,820,740,220,500,500,500,500,500,500,500,500,6.0,0.0,373.0,8.0,72.0,198.0,62.7,29.3,332.0,7.5,3.0,164.6,squat,500,560,360,380,500,540,500,500,500,440,640,620,500,460,500,500,6.0,0.0,316.0,28.0,72.0,142.6,28.0,-72.0,142.6,50.8,0.0,125.7,,,,,,,,,,,,,,,,,,,,,,,,,,,,,
comfortX_squat_left_hand,unhappy/不高兴/neutral/中性,comfort_request/安慰,low,2,squat > left_hand,squat,500,560,360,380,500,540,500,500,500,440,640,620,500,460,500,500,6.0,0.0,316.0,28.0,72.0,142.6,28.0,-72.0,142.6,50.8,0.0,125.7,0.0,0.0,0.0,squat,500,560,360,380,500,540,500,500,500,440,640,620,500,460,500,500,6.0,0.0,316.0,28.0,72.0,142.6,28.0,-72.0,142.6,50.8,0.0,125.7,left_hand,500,500,500,500,500,500,500,500,500,500,500,500,500,340,380,580,6.0,0.0,373.0,83.2,129.8,246.1,8.0,-72.0,198.0,8.1,1.7,162.1,,,,,,,,,,,,,,,,,,,,,,,,,,,,,
comfortX_left_hand_squat,unhappy/不高兴/neutral/中性,comfort_request/安慰,low,2,left_hand > squat,squat,500,560,360,380,500,540,500,500,500,440,640,620,500,460,500,500,6.0,0.0,316.0,28.0,72.0,142.6,28.0,-72.0,142.6,50.8,0.0,125.7,0.0,0.0,0.0,left_hand,500,500,500,500,500,500,500,500,500,500,500,500,500,340,380,580,6.0,0.0,373.0,83.2,129.8,246.1,8.0,-72.0,198.0,8.1,1.7,162.1,squat,500,560,360,380,500,540,500,500,500,440,640,620,500,460,500,500,6.0,0.0,316.0,28.0,72.0,142.6,28.0,-72.0,142.6,50.8,0.0,125.7,,,,,,,,,,,,,,,,,,,,,,,,,,,,,
comfortX_squat_right_hand,unhappy/不高兴/neutral/中性,comfort_request/安慰,low,2,squat > right_hand,squat,500,560,360,380,500,540,500,500,500,440,640,620,500,460,500,500,6.0,0.0,316.0,28.0,72.0,142.6,28.0,-72.0,142.6,50.8,0.0,125.7,0.0,0.0,0.0,squat,500,560,360,380,500,540,500,500,500,440,640,620,500,460,500,500,6.0,0.0,316.0,28.0,72.0,142.6,28.0,-72.0,142.6,50.8,0.0,125.7,right_hand,500,500,500,500,500,660,620,420,500,500,500,500,500,500,500,500,6.0,0.0,373.0,8.0,72.0,198.0,83.2,-14.2,246.1,8.1,1.7,162.1,,,,,,,,,,,,,,,,,,,,,,,,,,,,,
comfortX_right_hand_squat,unhappy/不高兴/neutral/中性,comfort_request/安慰,low,2,right_hand > squat,squat,500,560,360,380,500,540,500,500,500,440,640,620,500,460,500,500,6.0,0.0,316.0,28.0,72.0,142.6,28.0,-72.0,142.6,50.8,0.0,125.7,0.0,0.0,0.0,right_hand,500,500,500,500,500,660,620,420,500,500,500,500,500,500,500,500,6.0,0.0,373.0,8.0,72.0,198.0,83.2,-14.2,246.1,8.1,1.7,162.1,squat,500,560,360,380,500,540,500,500,500,440,640,620,500,460,500,500,6.0,0.0,316.0,28.0,72.0,142.6,28.0,-72.0,142.6,50.8,0.0,125.7,,,,,,,,,,,,,,,,,,,,,,,,,,,,,
comfortX_squat_lift_left_hand,unhappy/不高兴/neutral/中性,comfort_request/安慰,low,2,squat > lift_left_hand,squat,500,560,360,380,500,540,500,500,500,440,640,620,500,460,500,500,6.0,0.0,316.0,28.0,72.0,142.6,28.0,-72.0,142.6,50.8,0.0,125.7,0.0,0.0,0.0,squat,500,560,360,380,500,540,500,500,500,440,640,620,500,460,500,500,6.0,0.0,316.0,28.0,72.0,142.6,28.0,-72.0,142.6,50.8,0.0,125.7,lift_left_hand,500,500,500,500,500,500,500,500,500,500,500,500,500,180,260,650,6.0,0.0,373.0,70.0,173.3,319.7,8.0,-72.0,198.0,7.7,3.0,164.3,,,,,,,,,,,,,,,,,,,,,,,,,,,,,
comfortX_lift_left_hand_squat,unhappy/不高兴/neutral/中性,comfort_request/安慰,low,2,lift_left_hand > squat,squat,500,560,360,380,500,540,500,500,500,440,640,620,500,460,500,500,6.0,0.0,316.0,28.0,72.0,142.6,28.0,-72.0,142.6,50.8,0.0,125.7,0.0,0.0,0.0,lift_left_hand,500,500,500,500,500,500,500,500,500,500,500,500,500,180,260,650,6.0,0.0,373.0,70.0,173.3,319.7,8.0,-72.0,198.0,7.7,3.0,164.3,squat,500,560,360,380,500,540,500,500,500,440,640,620,500,460,500,500,6.0,0.0,316.0,28.0,72.0,142.6,28.0,-72.0,142.6,50.8,0.0,125.7,,,,,,,,,,,,,,,,,,,,,,,,,,,,,
comfortX_squat_go_hand_up,unhappy/不高兴/neutral/中性,comfort_request/安慰,low,2,squat > go_hand_up,go_hand_up,500,500,500,500,500,820,740,350,500,500,500,500,500,180,260,650,6.0,0.0,373.0,70.0,173.3,319.7,70.0,29.3,319.7,9.6,6.1,167.9,0.0,0.0,0.0,squat,500,560,360,380,500,540,500,500,500,440,640,620,500,460,500,500,6.0,0.0,316.0,28.0,72.0,142.6,28.0,-72.0,142.6,50.8,0.0,125.7,go_hand_up,500,500,500,500,500,820,740,350,500,500,500,500,500,180,260,650,6.0,0.0,373.0,70.0,173.3,319.7,70.0,29.3,319.7,9.6,6.1,167.9,,,,,,,,,,,,,,,,,,,,,,,,,,,,,
comfortX_go_hand_up_squat,unhappy/不高兴/neutral/中性,comfort_request/安慰,low,2,go_hand_up > squat,go_hand_up,500,500,500,500,500,820,740,350,500,500,500,500,500,180,260,650,6.0,0.0,373.0,70.0,173.3,319.7,70.0,29.3,319.7,9.6,6.1,167.9,0.0,0.0,0.0,go_hand_up,500,500,500,500,500,820,740,350,500,500,500,500,500,180,260,650,6.0,0.0,373.0,70.0,173.3,319.7,70.0,29.3,319.7,9.6,6.1,167.9,squat,500,560,360,380,500,540,500,500,500,440,640,620,500,460,500,500,6.0,0.0,316.0,28.0,72.0,142.6,28.0,-72.0,142.6,50.8,0.0,125.7,,,,,,,,,,,,,,,,,,,,,,,,,,,,,
comfortX_squat_go_hand_up1,unhappy/不高兴/neutral/中性,comfort_request/安慰,low,2,squat > go_hand_up1,go_hand_up1,500,500,500,500,500,820,740,350,500,500,500,500,500,180,260,650,6.0,0.0,373.0,70.0,173.3,319.7,70.0,29.3,319.7,9.6,6.1,167.9,0.0,0.0,0.0,squat,500,560,360,380,500,540,500,500,500,440,640,620,500,460,500,500,6.0,0.0,316.0,28.0,72.0,142.6,28.0,-72.0,142.6,50.8,0.0,125.7,go_hand_up1,500,500,500,500,500,820,740,350,500,500,500,500,500,180,260,650,6.0,0.0,373.0,70.0,173.3,319.7,70.0,29.3,319.7,9.6,6.1,167.9,,,,,,,,,,,,,,,,,,,,,,,,,,,,,
comfortX_go_hand_up1_squat,unhappy/不高兴/neutral/中性,comfort_request/安慰,low,2,go_hand_up1 > squat,go_hand_up1,500,500,500,500,500,820,740,350,500,500,500,500,500,180,260,650,6.0,0.0,373.0,70.0,173.3,319.7,70.0,29.3,319.7,9.6,6.1,167.9,0.0,0.0,0.0,go_hand_up1,500,500,500,500,500,820,740,350,500,500,500,500,500,180,260,650,6.0,0.0,373.0,70.0,173.3,319.7,70.0,29.3,319.7,9.6,6.1,167.9,squat,500,560,360,380,500,540,500,500,500,440,640,620,500,460,500,500,6.0,0.0,316.0,28.0,72.0,142.6,28.0,-72.0,142.6,50.8,0.0,125.7,,,,,,,,,,,,,,,,,,,,,,,,,,,,,
comfortX_stand_slow_squat,unhappy/不高兴/neutral/中性,comfort_request/安慰,low,2,stand_slow > squat,squat,500,560,360,380,500,540,500,500,500,440,640,620,500,460,500,500,6.0,0.0,316.0,28.0,72.0,142.6,28.0,-72.0,142.6,50.8,0.0,125.7,0.0,0.0,0.0,stand_slow,500,500,500,500,500,500,500,500,500,500,500,500,500,500,500,500,6.0,0.0,373.0,8.0,72.0,198.0,8.0,-72.0,198.0,5.9,0.0,160.6,squat,500,560,360,380,500,540,500,500,500,440,640,620,500,460,500,500,6.0,0.0,316.0,28.0,72.0,142.6,28.0,-72.0,142.6,50.8,0.0,125.7,,,,,,,,,,,,,,,,,,,,,,,,,,,,,
comfortX_squat_twist,unhappy/不高兴/neutral/中性,comfort_request/安慰,low,2,squat > twist,squat,500,560,360,380,500,540,500,500,500,440,640,620,500,460,500,500,6.0,0.0,316.0,28.0,72.0,142.6,28.0,-72.0,142.6,50.8,0.0,125.7,0.0,0.0,0.0,squat,500,560,360,380,500,540,500,500,500,440,640,620,500,460,500,500,6.0,0.0,316.0,28.0,72.0,142.6,28.0,-72.0,142.6,50.8,0.0,125.7,twist,530,500,500,500,420,560,500,500,470,500,500,500,580,440,500,500,6.0,0.0,363.6,37.8,72.0,192.3,37.8,-72.0,192.3,7.7,-21.7,154.9,,,,,,,,,,,,,,,,,,,,,,,,,,,,,
comfortX_twist_squat,unhappy/不高兴/neutral/中性,comfort_request/安慰,low,2,twist > squat,squat,500,560,360,380,500,540,500,500,500,440,640,620,500,460,500,500,6.0,0.0,316.0,28.0,72.0,142.6,28.0,-72.0,142.6,50.8,0.0,125.7,0.0,0.0,0.0,twist,530,500,500,500,420,560,500,500,470,500,500,500,580,440,500,500,6.0,0.0,363.6,37.8,72.0,192.3,37.8,-72.0,192.3,7.7,-21.7,154.9,squat,500,560,360,380,500,540,500,500,500,440,640,620,500,460,500,500,6.0,0.0,316.0,28.0,72.0,142.6,28.0,-72.0,142.6,50.8,0.0,125.7,,,,,,,,,,,,,,,,,,,,,,,,,,,,,
comfortX_stepping_squat,unhappy/不高兴/neutral/中性,comfort_request/安慰,low,2,stepping > squat,squat,500,560,360,380,500,540,500,500,500,440,640,620,500,460,500,500,6.0,0.0,316.0,28.0,72.0,142.6,28.0,-72.0,142.6,50.8,0.0,125.7,0.0,0.0,0.0,stepping,500,500,522,518,500,500,500,500,500,530,590,455,500,500,500,500,14.0,0.0,373.5,16.0,72.0,198.5,16.0,-72.0,198.5,9.7,0.0,162.5,squat,500,560,360,380,500,540,500,500,500,440,640,620,500,460,500,500,6.0,0.0,316.0,28.0,72.0,142.6,28.0,-72.0,142.6,50.8,0.0,125.7,,,,,,,,,,,,,,,,,,,,,,,,,,,,,
comfortX_squat_left_move,unhappy/不高兴/neutral/中性,comfort_request/安慰,low,2,squat > left_move,squat,500,560,360,380,500,540,500,500,500,440,640,620,500,460,500,500,6.0,0.0,316.0,28.0,72.0,142.6,28.0,-72.0,142.6,50.8,0.0,125.7,0.0,0.0,0.0,squat,500,560,360,380,500,540,500,500,500,440,640,620,500,460,500,500,6.0,0.0,316.0,28.0,72.0,142.6,28.0,-72.0,142.6,50.8,0.0,125.7,left_move,518,500,500,500,472,500,500,500,481,500,500,500,527,500,500,500,6.0,7.5,372.0,8.0,79.5,197.0,8.0,-64.5,197.0,5.9,0.4,160.0,,,,,,,,,,,,,,,,,,,,,,,,,,,,,
comfortX_left_move_squat,unhappy/不高兴/neutral/中性,comfort_request/安慰,low,2,left_move > squat,squat,500,560,360,380,500,540,500,500,500,440,640,620,500,460,500,500,6.0,0.0,316.0,28.0,72.0,142.6,28.0,-72.0,142.6,50.8,0.0,125.7,0.0,0.0,0.0,left_move,518,500,500,500,472,500,500,500,481,500,500,500,527,500,500,500,6.0,7.5,372.0,8.0,79.5,197.0,8.0,-64.5,197.0,5.9,0.4,160.0,squat,500,560,360,380,500,540,500,500,500,440,640,620,500,460,500,500,6.0,0.0,316.0,28.0,72.0,142.6,28.0,-72.0,142.6,50.8,0.0,125.7,,,,,,,,,,,,,,,,,,,,,,,,,,,,,
comfortX_squat_right_move,unhappy/不高兴/neutral/中性,comfort_request/安慰,low,2,squat > right_move,squat,500,560,360,380,500,540,500,500,500,440,640,620,500,460,500,500,6.0,0.0,316.0,28.0,72.0,142.6,28.0,-72.0,142.6,50.8,0.0,125.7,0.0,0.0,0.0,squat,500,560,360,380,500,540,500,500,500,440,640,620,500,460,500,500,6.0,0.0,316.0,28.0,72.0,142.6,28.0,-72.0,142.6,50.8,0.0,125.7,right_move,481,500,500,500,527,500,500,500,518,500,500,500,472,500,500,500,6.0,-7.5,372.0,8.0,64.5,197.0,8.0,-79.5,197.0,5.9,-0.4,160.0,,,,,,,,,,,,,,,,,,,,,,,,,,,,,
comfortX_right_move_squat,unhappy/不高兴/neutral/中性,comfort_request/安慰,low,2,right_move > squat,squat,500,560,360,380,500,540,500,500,500,440,640,620,500,460,500,500,6.0,0.0,316.0,28.0,72.0,142.6,28.0,-72.0,142.6,50.8,0.0,125.7,0.0,0.0,0.0,right_move,481,500,500,500,527,500,500,500,518,500,500,500,472,500,500,500,6.0,-7.5,372.0,8.0,64.5,197.0,8.0,-79.5,197.0,5.9,-0.4,160.0,squat,500,560,360,380,500,540,500,500,500,440,640,620,500,460,500,500,6.0,0.0,316.0,28.0,72.0,142.6,28.0,-72.0,142.6,50.8,0.0,125.7,,,,,,,,,,,,,,,,,,,,,,,,,,,,,
comfortX_squat_left_move_10,unhappy/不高兴/neutral/中性,comfort_request/安慰,low,2,squat > left_move_10,squat,500,560,360,380,500,540,500,500,500,440,640,620,500,460,500,500,6.0,0.0,316.0,28.0,72.0,142.6,28.0,-72.0,142.6,50.8,0.0,125.7,0.0,0.0,0.0,squat,500,560,360,380,500,540,500,500,500,440,640,620,500,460,500,500,6.0,0.0,316.0,28.0,72.0,142.6,28.0,-72.0,142.6,50.8,0.0,125.7,left_move_10,518,500,500,500,472,500,500,500,481,500,500,500,527,500,500,500,6.0,5.0,372.0,8.0,77.0,197.0,8.0,-67.0,197.0,5.9,-2.1,160.0,,,,,,,,,,,,,,,,,,,,,,,,,,,,,
comfortX_left_move_10_squat,unhappy/不高兴/neutral/中性,comfort_request/安慰,low,2,left_move_10 > squat,squat,500,560,360,380,500,540,500,500,500,440,640,620,500,460,500,500,6.0,0.0,316.0,28.0,72.0,142.6,28.0,-72.0,142.6,50.8,0.0,125.7,0.0,0.0,0.0,left_move_10,518,500,500,500,472,500,500,500,481,500,500,500,527,500,500,500,6.0,5.0,372.0,8.0,77.0,197.0,8.0,-67.0,197.0,5.9,-2.1,160.0,squat,500,560,360,380,500,540,500,500,500,440,640,620,500,460,500,500,6.0,0.0,316.0,28.0,72.0,142.6,28.0,-72.0,142.6,50.8,0.0,125.7,,,,,,,,,,,,,,,,,,,,,,,,,,,,,
comfortX_squat_right_move_10,unhappy/不高兴/neutral/中性,comfort_request/安慰,low,2,squat > right_move_10,squat,500,560,360,380,500,540,500,500,500,440,640,620,500,460,500,500,6.0,0.0,316.0,28.0,72.0,142.6,28.0,-72.0,142.6,50.8,0.0,125.7,0.0,0.0,0.0,squat,500,560,360,380,500,540,500,500,500,440,640,620,500,460,500,500,6.0,0.0,316.0,28.0,72.0,142.6,28.0,-72.0,142.6,50.8,0.0,125.7,right_move_10,481,500,500,500,527,500,500,500,518,500,500,500,472,500,500,500,6.0,-5.0,372.0,8.0,67.0,197.0,8.0,-77.0,197.0,5.9,2.1,160.0,,,,,,,,,,,,,,,,,,,,,,,,,,,,,
comfortX_right_move_10_squat,unhappy/不高兴/neutral/中性,comfort_request/安慰,low,2,right_move_10 > squat,squat,500,560,360,380,500,540,500,500,500,440,640,620,500,460,500,500,6.0,0.0,316.0,28.0,72.0,142.6,28.0,-72.0,142.6,50.8,0.0,125.7,0.0,0.0,0.0,right_move_10,481,500,500,500,527,500,500,500,518,500,500,500,472,500,500,500,6.0,-5.0,372.0,8.0,67.0,197.0,8.0,-77.0,197.0,5.9,2.1,160.0,squat,500,560,360,380,500,540,500,500,500,440,640,620,500,460,500,500,6.0,0.0,316.0,28.0,72.0,142.6,28.0,-72.0,142.6,50.8,0.0,125.7,,,,,,,,,,,,,,,,,,,,,,,,,,,,,
comfortX_squat_left_move_20,unhappy/不高兴/neutral/中性,comfort_request/安慰,low,2,squat > left_move_20,squat,500,560,360,380,500,540,500,500,500,440,640,620,500,460,500,500,6.0,0.0,316.0,28.0,72.0,142.6,28.0,-72.0,142.6,50.8,0.0,125.7,0.0,0.0,0.0,squat,500,560,360,380,500,540,500,500,500,440,640,620,500,460,500,500,6.0,0.0,316.0,28.0,72.0,142.6,28.0,-72.0,142.6,50.8,0.0,125.7,left_move_20,518,500,500,500,472,500,500,500,481,500,500,500,527,500,500,500,6.0,10.0,372.0,8.0,82.0,197.0,8.0,-62.0,197.0,5.9,2.9,160.0,,,,,,,,,,,,,,,,,,,,,,,,,,,,,
comfortX_left_move_20_squat,unhappy/不高兴/neutral/中性,comfort_request/安慰,low,2,left_move_20 > squat,squat,500,560,360,380,500,540,500,500,500,440,640,620,500,460,500,500,6.0,0.0,316.0,28.0,72.0,142.6,28.0,-72.0,142.6,50.8,0.0,125.7,0.0,0.0,0.0,left_move_20,518,500,500,500,472,500,500,500,481,500,500,500,527,500,500,500,6.0,10.0,372.0,8.0,82.0,197.0,8.0,-62.0,197.0,5.9,2.9,160.0,squat,500,560,360,380,500,540,500,500,500,440,640,620,500,460,500,500,6.0,0.0,316.0,28.0,72.0,142.6,28.0,-72.0,142.6,50.8,0.0,125.7,,,,,,,,,,,,,,,,,,,,,,,,,,,,,
comfortX_squat_right_move_20,unhappy/不高兴/neutral/中性,comfort_request/安慰,low,2,squat > right_move_20,squat,500,560,360,380,500,540,500,500,500,440,640,620,500,460,500,500,6.0,0.0,316.0,28.0,72.0,142.6,28.0,-72.0,142.6,50.8,0.0,125.7,0.0,0.0,0.0,squat,500,560,360,380,500,540,500,500,500,440,640,620,500,460,500,500,6.0,0.0,316.0,28.0,72.0,142.6,28.0,-72.0,142.6,50.8,0.0,125.7,right_move_20,481,500,500,500,527,500,500,500,518,500,500,500,472,500,500,500,6.0,-10.0,372.0,8.0,62.0,197.0,8.0,-82.0,197.0,5.9,-2.9,160.0,,,,,,,,,,,,,,,,,,,,,,,,,,,,,
comfortX_right_move_20_squat,unhappy/不高兴/neutral/中性,comfort_request/安慰,low,2,right_move_20 > squat,squat,500,560,360,380,500,540,500,500,500,440,640,620,500,460,500,500,6.0,0.0,316.0,28.0,72.0,142.6,28.0,-72.0,142.6,50.8,0.0,125.7,0.0,0.0,0.0,right_move_20,481,500,500,500,527,500,500,500,518,500,500,500,472,500,500,500,6.0,-10.0,372.0,8.0,62.0,197.0,8.0,-82.0,197.0,5.9,-2.9,160.0,squat,500,560,360,380,500,540,500,500,500,440,640,620,500,460,500,500,6.0,0.0,316.0,28.0,72.0,142.6,28.0,-72.0,142.6,50.8,0.0,125.7,,,,,,,,,,,,,,,,,,,,,,,,,,,,,
comfortX_squat_turn_left_small_step,unhappy/不高兴/neutral/中性,comfort_request/安慰,low,2,squat > turn_left_small_step,squat,500,560,360,380,500,540,500,500,500,440,640,620,500,460,500,500,6.0,0.0,316.0,28.0,72.0,142.6,28.0,-72.0,142.6,50.8,0.0,125.7,0.0,0.0,0.0,squat,500,560,360,380,500,540,500,500,500,440,640,620,500,460,500,500,6.0,0.0,316.0,28.0,72.0,142.6,28.0,-72.0,142.6,50.8,0.0,125.7,turn_left_small_step,500,500,513,511,500,500,500,500,500,518,555,472,500,500,500,500,5.9,0.8,373.8,-1.5,72.4,198.8,17.3,-70.3,198.8,3.3,0.4,162.0,,,,,,,,,,,,,,,,,,,,,,,,,,,,,
comfortX_turn_left_small_step_squat,unhappy/不高兴/neutral/中性,comfort_request/安慰,low,2,turn_left_small_step > squat,squat,500,560,360,380,500,540,500,500,500,440,640,620,500,460,500,500,6.0,0.0,316.0,28.0,72.0,142.6,28.0,-72.0,142.6,50.8,0.0,125.7,0.0,0.0,0.0,turn_left_small_step,500,500,513,511,500,500,500,500,500,518,555,472,500,500,500,500,5.9,0.8,373.8,-1.5,72.4,198.8,17.3,-70.3,198.8,3.3,0.4,162.0,squat,500,560,360,380,500,540,500,500,500,440,640,620,500,460,500,500,6.0,0.0,316.0,28.0,72.0,142.6,28.0,-72.0,142.6,50.8,0.0,125.7,,,,,,,,,,,,,,,,,,,,,,,,,,,,,
comfortX_squat_turn_right_small_step,unhappy/不高兴/neutral/中性,comfort_request/安慰,low,2,squat > turn_right_small_step,squat,500,560,360,380,500,540,500,500,500,440,640,620,500,460,500,500,6.0,0.0,316.0,28.0,72.0,142.6,28.0,-72.0,142.6,50.8,0.0,125.7,0.0,0.0,0.0,squat,500,560,360,380,500,540,500,500,500,440,640,620,500,460,500,500,6.0,0.0,316.0,28.0,72.0,142.6,28.0,-72.0,142.6,50.8,0.0,125.7,turn_right_small_step,500,500,513,511,500,500,500,500,500,518,555,472,500,500,500,500,5.9,-0.8,373.8,17.3,70.3,198.8,-1.5,-72.4,198.8,3.3,-0.4,162.0,,,,,,,,,,,,,,,,,,,,,,,,,,,,,
comfortX_turn_right_small_step_squat,unhappy/不高兴/neutral/中性,comfort_request/安慰,low,2,turn_right_small_step > squat,squat,500,560,360,380,500,540,500,500,500,440,640,620,500,460,500,500,6.0,0.0,316.0,28.0,72.0,142.6,28.0,-72.0,142.6,50.8,0.0,125.7,0.0,0.0,0.0,turn_right_small_step,500,500,513,511,500,500,500,500,500,518,555,472,500,500,500,500,5.9,-0.8,373.8,17.3,70.3,198.8,-1.5,-72.4,198.8,3.3,-0.4,162.0,squat,500,560,360,380,500,540,500,500,500,440,640,620,500,460,500,500,6.0,0.0,316.0,28.0,72.0,142.6,28.0,-72.0,142.6,50.8,0.0,125.7,,,,,,,,,,,,,,,,,,,,,,,,,,,,,
comfortX_squat_turn_left_small_step_a,unhappy/不高兴/neutral/中性,comfort_request/安慰,low,2,squat > turn_left_small_step_a,squat,500,560,360,380,500,540,500,500,500,440,640,620,500,460,500,500,6.0,0.0,316.0,28.0,72.0,142.6,28.0,-72.0,142.6,50.8,0.0,125.7,0.0,0.0,0.0,squat,500,560,360,380,500,540,500,500,500,440,640,620,500,460,500,500,6.0,0.0,316.0,28.0,72.0,142.6,28.0,-72.0,142.6,50.8,0.0,125.7,turn_left_small_step_a,500,500,513,511,500,500,500,500,500,518,555,472,500,500,500,500,6.0,0.5,373.8,1.7,72.4,198.8,14.2,-71.0,198.8,3.3,0.3,162.0,,,,,,,,,,,,,,,,,,,,,,,,,,,,,
comfortX_turn_left_small_step_a_squat,unhappy/不高兴/neutral/中性,comfort_request/安慰,low,2,turn_left_small_step_a > squat,squat,500,560,360,380,500,540,500,500,500,440,640,620,500,460,500,500,6.0,0.0,316.0,28.0,72.0,142.6,28.0,-72.0,142.6,50.8,0.0,125.7,0.0,0.0,0.0,turn_left_small_step_a,500,500,513,511,500,500,500,500,500,518,555,472,500,500,500,500,6.0,0.5,373.8,1.7,72.4,198.8,14.2,-71.0,198.8,3.3,0.3,162.0,squat,500,560,360,380,500,540,500,500,500,440,640,620,500,460,500,500,6.0,0.0,316.0,28.0,72.0,142.6,28.0,-72.0,142.6,50.8,0.0,125.7,,,,,,,,,,,,,,,,,,,,,,,,,,,,,
comfortX_squat_turn_right_small_step_a,unhappy/不高兴/neutral/中性,comfort_request/安慰,low,2,squat > turn_right_small_step_a,squat,500,560,360,380,500,540,500,500,500,440,640,620,500,460,500,500,6.0,0.0,316.0,28.0,72.0,142.6,28.0,-72.0,142.6,50.8,0.0,125.7,0.0,0.0,0.0,squat,500,560,360,380,500,540,500,500,500,440,640,620,500,460,500,500,6.0,0.0,316.0,28.0,72.0,142.6,28.0,-72.0,142.6,50.8,0.0,125.7,turn_right_small_step_a,500,500,513,511,500,500,500,500,500,518,555,472,500,500,500,500,6.0,-0.5,373.8,14.2,71.0,198.8,1.7,-72.4,198.8,3.3,-0.3,162.0,,,,,,,,,,,,,,,,,,,,,,,,,,,,,
comfortX_turn_right_small_step_a_squat,unhappy/不高兴/neutral/中性,comfort_request/安慰,low,2,turn_right_small_step_a > squat,squat,500,560,360,380,500,540,500,500,500,440,640,620,500,460,500,500,6.0,0.0,316.0,28.0,72.0,142.6,28.0,-72.0,142.6,50.8,0.0,125.7,0.0,0.0,0.0,turn_right_small_step_a,500,500,513,511,500,500,500,500,500,518,555,472,500,500,500,500,6.0,-0.5,373.8,14.2,71.0,198.8,1.7,-72.4,198.8,3.3,-0.3,162.0,squat,500,560,360,380,500,540,500,500,500,440,640,620,500,460,500,500,6.0,0.0,316.0,28.0,72.0,142.6,28.0,-72.0,142.6,50.8,0.0,125.7,,,,,,,,,,,,,,,,,,,,,,,,,,,,,
comfort3_squat_squat_down_squat_up,unhappy/不高兴,comfort_request/安慰,low,3,squat > squat_down > squat_up,squat,500,560,360,380,500,540,500,500,500,440,640,620,500,460,500,500,6.0,0.0,316.0,28.0,72.0,142.6,28.0,-72.0,142.6,50.8,0.0,125.7,0.0,0.0,0.0,squat,500,560,360,380,500,540,500,500,500,440,640,620,500,460,500,500,6.0,0.0,316.0,28.0,72.0,142.6,28.0,-72.0,142.6,50.8,0.0,125.7,squat_down,500,560,360,380,500,540,500,500,500,440,640,620,500,460,500,500,6.0,0.0,316.0,28.0,72.0,142.6,28.0,-72.0,142.6,50.8,0.0,125.7,squat_up,500,560,360,380,500,540,500,500,500,440,640,620,500,460,500,500,6.0,0.0,316.0,28.0,72.0,142.6,28.0,-72.0,142.6,50.8,0.0,125.7
comfort3_left_hand_squat_stand_slow,unhappy/不高兴/neutral/中性,comfort_request/安慰,low,3,left_hand > squat > stand_slow,squat,500,560,360,380,500,540,500,500,500,440,640,620,500,460,500,500,6.0,0.0,316.0,28.0,72.0,142.6,28.0,-72.0,142.6,50.8,0.0,125.7,0.0,0.0,0.0,left_hand,500,500,500,500,500,500,500,500,500,500,500,500,500,340,380,580,6.0,0.0,373.0,83.2,129.8,246.1,8.0,-72.0,198.0,8.1,1.7,162.1,squat,500,560,360,380,500,540,500,500,500,440,640,620,500,460,500,500,6.0,0.0,316.0,28.0,72.0,142.6,28.0,-72.0,142.6,50.8,0.0,125.7,stand_slow,500,500,500,500,500,500,500,500,500,500,500,500,500,500,500,500,6.0,0.0,373.0,8.0,72.0,198.0,8.0,-72.0,198.0,5.9,0.0,160.6
comfort3_squat_left_hand_stepping,unhappy/不高兴/neutral/中性,comfort_request/安慰,low,3,squat > left_hand > stepping,squat,500,560,360,380,500,540,500,500,500,440,640,620,500,460,500,500,6.0,0.0,316.0,28.0,72.0,142.6,28.0,-72.0,142.6,50.8,0.0,125.7,0.0,0.0,0.0,squat,500,560,360,380,500,540,500,500,500,440,640,620,500,460,500,500,6.0,0.0,316.0,28.0,72.0,142.6,28.0,-72.0,142.6,50.8,0.0,125.7,left_hand,500,500,500,500,500,500,500,500,500,500,500,500,500,340,380,580,6.0,0.0,373.0,83.2,129.8,246.1,8.0,-72.0,198.0,8.1,1.7,162.1,stepping,500,500,522,518,500,500,500,500,500,530,590,455,500,500,500,500,14.0,0.0,373.5,16.0,72.0,198.5,16.0,-72.0,198.5,9.7,0.0,162.5
comfort3_right_hand_squat_stand_slow,unhappy/不高兴/neutral/中性,comfort_request/安慰,low,3,right_hand > squat > stand_slow,squat,500,560,360,380,500,540,500,500,500,440,640,620,500,460,500,500,6.0,0.0,316.0,28.0,72.0,142.6,28.0,-72.0,142.6,50.8,0.0,125.7,0.0,0.0,0.0,right_hand,500,500,500,500,500,660,620,420,500,500,500,500,500,500,500,500,6.0,0.0,373.0,8.0,72.0,198.0,83.2,-14.2,246.1,8.1,1.7,162.1,squat,500,560,360,380,500,540,500,500,500,440,640,620,500,460,500,500,6.0,0.0,316.0,28.0,72.0,142.6,28.0,-72.0,142.6,50.8,0.0,125.7,stand_slow,500,500,500,500,500,500,500,500,500,500,500,500,500,500,500,500,6.0,0.0,373.0,8.0,72.0,198.0,8.0,-72.0,198.0,5.9,0.0,160.6
comfort3_squat_right_hand_stepping,unhappy/不高兴/neutral/中性,comfort_request/安慰,low,3,squat > right_hand > stepping,squat,500,560,360,380,500,540,500,500,500,440,640,620,500,460,500,500,6.0,0.0,316.0,28.0,72.0,142.6,28.0,-72.0,142.6,50.8,0.0,125.7,0.0,0.0,0.0,squat,500,560,360,380,500,540,500,500,500,440,640,620,500,460,500,500,6.0,0.0,316.0,28.0,72.0,142.6,28.0,-72.0,142.6,50.8,0.0,125.7,right_hand,500,500,500,500,500,660,620,420,500,500,500,500,500,500,500,500,6.0,0.0,373.0,8.0,72.0,198.0,83.2,-14.2,246.1,8.1,1.7,162.1,stepping,500,500,522,518,500,500,500,500,500,530,590,455,500,500,500,500,14.0,0.0,373.5,16.0,72.0,198.5,16.0,-72.0,198.5,9.7,0.0,162.5
comfort3_wave_squat_stand_slow,unhappy/不高兴/neutral/中性,comfort_request/安慰,low,3,wave > squat > stand_slow,wave,500,500,500,500,500,820,740,220,500,500,500,500,500,500,500,500,6.0,0.0,373.0,8.0,72.0,198.0,62.7,29.3,332.0,7.5,3.0,164.6,0.0,0.0,0.0,wave,500,500,500,500,500,820,740,220,500,500,500,500,500,500,500,500,6.0,0.0,373.0,8.0,72.0,198.0,62.7,29.3,332.0,7.5,3.0,164.6,squat,500,560,360,380,500,540,500,500,500,440,640,620,500,460,500,500,6.0,0.0,316.0,28.0,72.0,142.6,28.0,-72.0,142.6,50.8,0.0,125.7,stand_slow,500,500,500,500,500,500,500,500,500,500,500,500,500,500,500,500,6.0,0.0,373.0,8.0,72.0,198.0,8.0,-72.0,198.0,5.9,0.0,160.6
comfort3_squat_wave_stepping,unhappy/不高兴/neutral/中性,comfort_request/安慰,low,3,squat > wave > stepping,wave,500,500,500,500,500,820,740,220,500,500,500,500,500,500,500,500,6.0,0.0,373.0,8.0,72.0,198.0,62.7,29.3,332.0,7.5,3.0,164.6,0.0,0.0,0.0,squat,500,560,360,380,500,540,500,500,500,440,640,620,500,460,500,500,6.0,0.0,316.0,28.0,72.0,142.6,28.0,-72.0,142.6,50.8,0.0,125.7,wave,500,500,500,500,500,820,740,220,500,500,500,500,500,500,500,500,6.0,0.0,373.0,8.0,72.0,198.0,62.7,29.3,332.0,7.5,3.0,164.6,stepping,500,500,522,518,500,500,500,500,500,530,590,455,500,500,500,500,14.0,0.0,373.5,16.0,72.0,198.5,16.0,-72.0,198.5,9.7,0.0,162.5
helpX_wave_go_hand_up,happy/高兴/neutral/中性,help/求助,mid,2,wave > go_hand_up,go_hand_up,500,500,500,500,500,820,740,350,500,500,500,500,500,180,260,650,6.0,0.0,373.0,70.0,173.3,319.7,70.0,29.3,319.7,9.6,6.1,167.9,0.0,0.0,0.0,wave,500,500,500,500,500,820,740,220,500,500,500,500,500,500,500,500,6.0,0.0,373.0,8.0,72.0,198.0,62.7,29.3,332.0,7.5,3.0,164.6,go_hand_up,500,500,500,500,500,820,740,350,500,500,500,500,500,180,260,650,6.0,0.0,373.0,70.0,173.3,319.7,70.0,29.3,319.7,9.6,6.1,167.9,,,,,,,,,,,,,,,,,,,,,,,,,,,,,
help3_wave_go_hand_up_stepping,happy/高兴/neutral/中性,help/求助,mid,3,wave > go_hand_up > stepping,go_hand_up,500,500,500,500,500,820,740,350,500,500,500,500,500,180,260,650,6.0,0.0,373.0,70.0,173.3,319.7,70.0,29.3,319.7,9.6,6.1,167.9,0.0,0.0,0.0,wave,500,500,500,500,500,820,740,220,500,500,500,500,500,500,500,500,6.0,0.0,373.0,8.0,72.0,198.0,62.7,29.3,332.0,7.5,3.0,164.6,go_hand_up,500,500,500,500,500,820,740,350,500,500,500,500,500,180,260,650,6.0,0.0,373.0,70.0,173.3,319.7,70.0,29.3,319.7,9.6,6.1,167.9,stepping,500,500,522,518,500,500,500,500,500,530,590,455,500,500,500,500,14.0,0.0,373.5,16.0,72.0,198.5,16.0,-72.0,198.5,9.7,0.0,162.5
help3_wave_go_hand_up_stand_slow,happy/高兴/neutral/中性/unhappy/不高兴,help/求助,low,3,wave > go_hand_up > stand_slow,go_hand_up,500,500,500,500,500,820,740,350,500,500,500,500,500,180,260,650,6.0,0.0,373.0,70.0,173.3,319.7,70.0,29.3,319.7,9.6,6.1,167.9,0.0,0.0,0.0,wave,500,500,500,500,500,820,740,220,500,500,500,500,500,500,500,500,6.0,0.0,373.0,8.0,72.0,198.0,62.7,29.3,332.0,7.5,3.0,164.6,go_hand_up,500,500,500,500,500,820,740,350,500,500,500,500,500,180,260,650,6.0,0.0,373.0,70.0,173.3,319.7,70.0,29.3,319.7,9.6,6.1,167.9,stand_slow,500,500,500,500,500,500,500,500,500,500,500,500,500,500,500,500,6.0,0.0,373.0,8.0,72.0,198.0,8.0,-72.0,198.0,5.9,0.0,160.6
help3_wave_go_hand_up_go_forward_one_small_step,happy/高兴/neutral/中性,help/求助,mid,3,wave > go_hand_up > go_forward_one_small_step,go_hand_up,500,500,500,500,500,820,740,350,500,500,500,500,500,180,260,650,6.0,0.0,373.0,70.0,173.3,319.7,70.0,29.3,319.7,9.6,6.1,167.9,0.0,0.0,0.0,wave,500,500,500,500,500,820,740,220,500,500,500,500,500,500,500,500,6.0,0.0,373.0,8.0,72.0,198.0,62.7,29.3,332.0,7.5,3.0,164.6,go_hand_up,500,500,500,500,500,820,740,350,500,500,500,500,500,180,260,650,6.0,0.0,373.0,70.0,173.3,319.7,70.0,29.3,319.7,9.6,6.1,167.9,go_forward_one_small_step,500,500,520,516,500,500,500,500,500,526,580,460,500,500,500,500,18.5,0.0,373.6,20.5,72.0,198.6,20.5,-72.0,198.6,14.7,0.0,162.4
helpX_wave_go_hand_up1,happy/高兴/neutral/中性,help/求助,mid,2,wave > go_hand_up1,go_hand_up1,500,500,500,500,500,820,740,350,500,500,500,500,500,180,260,650,6.0,0.0,373.0,70.0,173.3,319.7,70.0,29.3,319.7,9.6,6.1,167.9,0.0,0.0,0.0,wave,500,500,500,500,500,820,740,220,500,500,500,500,500,500,500,500,6.0,0.0,373.0,8.0,72.0,198.0,62.7,29.3,332.0,7.5,3.0,164.6,go_hand_up1,500,500,500,500,500,820,740,350,500,500,500,500,500,180,260,650,6.0,0.0,373.0,70.0,173.3,319.7,70.0,29.3,319.7,9.6,6.1,167.9,,,,,,,,,,,,,,,,,,,,,,,,,,,,,
help3_wave_go_hand_up1_stepping,happy/高兴/neutral/中性,help/求助,mid,3,wave > go_hand_up1 > stepping,go_hand_up1,500,500,500,500,500,820,740,350,500,500,500,500,500,180,260,650,6.0,0.0,373.0,70.0,173.3,319.7,70.0,29.3,319.7,9.6,6.1,167.9,0.0,0.0,0.0,wave,500,500,500,500,500,820,740,220,500,500,500,500,500,500,500,500,6.0,0.0,373.0,8.0,72.0,198.0,62.7,29.3,332.0,7.5,3.0,164.6,go_hand_up1,500,500,500,500,500,820,740,350,500,500,500,500,500,180,260,650,6.0,0.0,373.0,70.0,173.3,319.7,70.0,29.3,319.7,9.6,6.1,167.9,stepping,500,500,522,518,500,500,500,500,500,530,590,455,500,500,500,500,14.0,0.0,373.5,16.0,72.0,198.5,16.0,-72.0,198.5,9.7,0.0,162.5
help3_wave_go_hand_up1_stand_slow,happy/高兴/neutral/中性/unhappy/不高兴,help/求助,low,3,wave > go_hand_up1 > stand_slow,go_hand_up1,500,500,500,500,500,820,740,350,500,500,500,500,500,180,260,650,6.0,0.0,373.0,70.0,173.3,319.7,70.0,29.3,319.7,9.6,6.1,167.9,0.0,0.0,0.0,wave,500,500,500,500,500,820,740,220,500,500,500,500,500,500,500,500,6.0,0.0,373.0,8.0,72.0,198.0,62.7,29.3,332.0,7.5,3.0,164.6,go_hand_up1,500,500,500,500,500,820,740,350,500,500,500,500,500,180,260,650,6.0,0.0,373.0,70.0,173.3,319.7,70.0,29.3,319.7,9.6,6.1,167.9,stand_slow,500,500,500,500,500,500,500,500,500,500,500,500,500,500,500,500,6.0,0.0,373.0,8.0,72.0,198.0,8.0,-72.0,198.0,5.9,0.0,160.6
help3_wave_go_hand_up1_go_forward_one_small_step,happy/高兴/neutral/中性,help/求助,mid,3,wave > go_hand_up1 > go_forward_one_small_step,go_hand_up1,500,500,500,500,500,820,740,350,500,500,500,500,500,180,260,650,6.0,0.0,373.0,70.0,173.3,319.7,70.0,29.3,319.7,9.6,6.1,167.9,0.0,0.0,0.0,wave,500,500,500,500,500,820,740,220,500,500,500,500,500,500,500,500,6.0,0.0,373.0,8.0,72.0,198.0,62.7,29.3,332.0,7.5,3.0,164.6,go_hand_up1,500,500,500,500,500,820,740,350,500,500,500,500,500,180,260,650,6.0,0.0,373.0,70.0,173.3,319.7,70.0,29.3,319.7,9.6,6.1,167.9,go_forward_one_small_step,500,500,520,516,500,500,500,500,500,526,580,460,500,500,500,500,18.5,0.0,373.6,20.5,72.0,198.6,20.5,-72.0,198.6,14.7,0.0,162.4
helpX_wave_lift_left_hand,happy/高兴/neutral/中性,help/求助,mid,2,wave > lift_left_hand,wave,500,500,500,500,500,820,740,220,500,500,500,500,500,500,500,500,6.0,0.0,373.0,8.0,72.0,198.0,62.7,29.3,332.0,7.5,3.0,164.6,0.0,0.0,0.0,wave,500,500,500,500,500,820,740,220,500,500,500,500,500,500,500,500,6.0,0.0,373.0,8.0,72.0,198.0,62.7,29.3,332.0,7.5,3.0,164.6,lift_left_hand,500,500,500,500,500,500,500,500,500,500,500,500,500,180,260,650,6.0,0.0,373.0,70.0,173.3,319.7,8.0,-72.0,198.0,7.7,3.0,164.3,,,,,,,,,,,,,,,,,,,,,,,,,,,,,
help3_wave_lift_left_hand_stepping,happy/高兴/neutral/中性,help/求助,mid,3,wave > lift_left_hand > stepping,wave,500,500,500,500,500,820,740,220,500,500,500,500,500,500,500,500,6.0,0.0,373.0,8.0,72.0,198.0,62.7,29.3,332.0,7.5,3.0,164.6,0.0,0.0,0.0,wave,500,500,500,500,500,820,740,220,500,500,500,500,500,500,500,500,6.0,0.0,373.0,8.0,72.0,198.0,62.7,29.3,332.0,7.5,3.0,164.6,lift_left_hand,500,500,500,500,500,500,500,500,500,500,500,500,500,180,260,650,6.0,0.0,373.0,70.0,173.3,319.7,8.0,-72.0,198.0,7.7,3.0,164.3,stepping,500,500,522,518,500,500,500,500,500,530,590,455,500,500,500,500,14.0,0.0,373.5,16.0,72.0,198.5,16.0,-72.0,198.5,9.7,0.0,162.5
help3_wave_lift_left_hand_stand_slow,happy/高兴/neutral/中性/unhappy/不高兴,help/求助,low,3,wave > lift_left_hand > stand_slow,wave,500,500,500,500,500,820,740,220,500,500,500,500,500,500,500,500,6.0,0.0,373.0,8.0,72.0,198.0,62.7,29.3,332.0,7.5,3.0,164.6,0.0,0.0,0.0,wave,500,500,500,500,500,820,740,220,500,500,500,500,500,500,500,500,6.0,0.0,373.0,8.0,72.0,198.0,62.7,29.3,332.0,7.5,3.0,164.6,lift_left_hand,500,500,500,500,500,500,500,500,500,500,500,500,500,180,260,650,6.0,0.0,373.0,70.0,173.3,319.7,8.0,-72.0,198.0,7.7,3.0,164.3,stand_slow,500,500,500,500,500,500,500,500,500,500,500,500,500,500,500,500,6.0,0.0,373.0,8.0,72.0,198.0,8.0,-72.0,198.0,5.9,0.0,160.6
help3_wave_lift_left_hand_go_forward_one_small_step,happy/高兴/neutral/中性,help/求助,mid,3,wave > lift_left_hand > go_forward_one_small_step,wave,500,500,500,500,500,820,740,220,500,500,500,500,500,500,500,500,6.0,0.0,373.0,8.0,72.0,198.0,62.7,29.3,332.0,7.5,3.0,164.6,0.0,0.0,0.0,wave,500,500,500,500,500,820,740,220,500,500,500,500,500,500,500,500,6.0,0.0,373.0,8.0,72.0,198.0,62.7,29.3,332.0,7.5,3.0,164.6,lift_left_hand,500,500,500,500,500,500,500,500,500,500,500,500,500,180,260,650,6.0,0.0,373.0,70.0,173.3,319.7,8.0,-72.0,198.0,7.7,3.0,164.3,go_forward_one_small_step,500,500,520,516,500,500,500,500,500,526,580,460,500,500,500,500,18.5,0.0,373.6,20.5,72.0,198.6,20.5,-72.0,198.6,14.7,0.0,162.4
helpX_wave_right_hand,happy/高兴/neutral/中性,help/求助,mid,2,wave > right_hand,wave,500,500,500,500,500,820,740,220,500,500,500,500,500,500,500,500,6.0,0.0,373.0,8.0,72.0,198.0,62.7,29.3,332.0,7.5,3.0,164.6,0.0,0.0,0.0,wave,500,500,500,500,500,820,740,220,500,500,500,500,500,500,500,500,6.0,0.0,373.0,8.0,72.0,198.0,62.7,29.3,332.0,7.5,3.0,164.6,right_hand,500,500,500,500,500,660,620,420,500,500,500,500,500,500,500,500,6.0,0.0,373.0,8.0,72.0,198.0,83.2,-14.2,246.1,8.1,1.7,162.1,,,,,,,,,,,,,,,,,,,,,,,,,,,,,
help3_wave_right_hand_stepping,happy/高兴/neutral/中性,help/求助,mid,3,wave > right_hand > stepping,wave,500,500,500,500,500,820,740,220,500,500,500,500,500,500,500,500,6.0,0.0,373.0,8.0,72.0,198.0,62.7,29.3,332.0,7.5,3.0,164.6,0.0,0.0,0.0,wave,500,500,500,500,500,820,740,220,500,500,500,500,500,500,500,500,6.0,0.0,373.0,8.0,72.0,198.0,62.7,29.3,332.0,7.5,3.0,164.6,right_hand,500,500,500,500,500,660,620,420,500,500,500,500,500,500,500,500,6.0,0.0,373.0,8.0,72.0,198.0,83.2,-14.2,246.1,8.1,1.7,162.1,stepping,500,500,522,518,500,500,500,500,500,530,590,455,500,500,500,500,14.0,0.0,373.5,16.0,72.0,198.5,16.0,-72.0,198.5,9.7,0.0,162.5
help3_wave_right_hand_stand_slow,happy/高兴/neutral/中性/unhappy/不高兴,help/求助,low,3,wave > right_hand > stand_slow,wave,500,500,500,500,500,820,740,220,500,500,500,500,500,500,500,500,6.0,0.0,373.0,8.0,72.0,198.0,62.7,29.3,332.0,7.5,3.0,164.6,0.0,0.0,0.0,wave,500,500,500,500,500,820,740,220,500,500,500,500,500,500,500,500,6.0,0.0,373.0,8.0,72.0,198.0,62.7,29.3,332.0,7.5,3.0,164.6,right_hand,500,500,500,500,500,660,620,420,500,500,500,500,500,500,500,500,6.0,0.0,373.0,8.0,72.0,198.0,83.2,-14.2,246.1,8.1,1.7,162.1,stand_slow,500,500,500,500,500,500,500,500,500,500,500,500,500,500,500,500,6.0,0.0,373.0,8.0,72.0,198.0,8.0,-72.0,198.0,5.9,0.0,160.6
help3_wave_right_hand_go_forward_one_small_step,happy/高兴/neutral/中性,help/求助,mid,3,wave > right_hand > go_forward_one_small_step,wave,500,500,500,500,500,820,740,220,500,500,500,500,500,500,500,500,6.0,0.0,373.0,8.0,72.0,198.0,62.7,29.3,332.0,7.5,3.0,164.6,0.0,0.0,0.0,wave,500,500,500,500,500,820,740,220,500,500,500,500,500,500,500,500,6.0,0.0,373.0,8.0,72.0,198.0,62.7,29.3,332.0,7.5,3.0,164.6,right_hand,500,500,500,500,500,660,620,420,500,500,500,500,500,500,500,500,6.0,0.0,373.0,8.0,72.0,198.0,83.2,-14.2,246.1,8.1,1.7,162.1,go_forward_one_small_step,500,500,520,516,500,500,500,500,500,526,580,460,500,500,500,500,18.5,0.0,373.6,20.5,72.0,198.6,20.5,-72.0,198.6,14.7,0.0,162.4
helpX_wave_left_hand,happy/高兴/neutral/中性,help/求助,mid,2,wave > left_hand,wave,500,500,500,500,500,820,740,220,500,500,500,500,500,500,500,500,6.0,0.0,373.0,8.0,72.0,198.0,62.7,29.3,332.0,7.5,3.0,164.6,0.0,0.0,0.0,wave,500,500,500,500,500,820,740,220,500,500,500,500,500,500,500,500,6.0,0.0,373.0,8.0,72.0,198.0,62.7,29.3,332.0,7.5,3.0,164.6,left_hand,500,500,500,500,500,500,500,500,500,500,500,500,500,340,380,580,6.0,0.0,373.0,83.2,129.8,246.1,8.0,-72.0,198.0,8.1,1.7,162.1,,,,,,,,,,,,,,,,,,,,,,,,,,,,,
help3_wave_left_hand_stepping,happy/高兴/neutral/中性,help/求助,mid,3,wave > left_hand > stepping,wave,500,500,500,500,500,820,740,220,500,500,500,500,500,500,500,500,6.0,0.0,373.0,8.0,72.0,198.0,62.7,29.3,332.0,7.5,3.0,164.6,0.0,0.0,0.0,wave,500,500,500,500,500,820,740,220,500,500,500,500,500,500,500,500,6.0,0.0,373.0,8.0,72.0,198.0,62.7,29.3,332.0,7.5,3.0,164.6,left_hand,500,500,500,500,500,500,500,500,500,500,500,500,500,340,380,580,6.0,0.0,373.0,83.2,129.8,246.1,8.0,-72.0,198.0,8.1,1.7,162.1,stepping,500,500,522,518,500,500,500,500,500,530,590,455,500,500,500,500,14.0,0.0,373.5,16.0,72.0,198.5,16.0,-72.0,198.5,9.7,0.0,162.5
help3_wave_left_hand_stand_slow,happy/高兴/neutral/中性/unhappy/不高兴,help/求助,low,3,wave > left_hand > stand_slow,wave,500,500,500,500,500,820,740,220,500,500,500,500,500,500,500,500,6.0,0.0,373.0,8.0,72.0,198.0,62.7,29.3,332.0,7.5,3.0,164.6,0.0,0.0,0.0,wave,500,500,500,500,500,820,740,220,500,500,500,500,500,500,500,500,6.0,0.0,373.0,8.0,72.0,198.0,62.7,29.3,332.0,7.5,3.0,164.6,left_hand,500,500,500,500,500,500,500,500,500,500,500,500,500,340,380,580,6.0,0.0,373.0,83.2,129.8,246.1,8.0,-72.0,198.0,8.1,1.7,162.1,stand_slow,500,500,500,500,500,500,500,500,500,500,500,500,500,500,500,500,6.0,0.0,373.0,8.0,72.0,198.0,8.0,-72.0,198.0,5.9,0.0,160.6
help3_wave_left_hand_go_forward_one_small_step,happy/高兴/neutral/中性,help/求助,mid,3,wave > left_hand > go_forward_one_small_step,wave,500,500,500,500,500,820,740,220,500,500,500,500,500,500,500,500,6.0,0.0,373.0,8.0,72.0,198.0,62.7,29.3,332.0,7.5,3.0,164.6,0.0,0.0,0.0,wave,500,500,500,500,500,820,740,220,500,500,500,500,500,500,500,500,6.0,0.0,373.0,8.0,72.0,198.0,62.7,29.3,332.0,7.5,3.0,164.6,left_hand,500,500,500,500,500,500,500,500,500,500,500,500,500,340,380,580,6.0,0.0,373.0,83.2,129.8,246.1,8.0,-72.0,198.0,8.1,1.7,162.1,go_forward_one_small_step,500,500,520,516,500,500,500,500,500,526,580,460,500,500,500,500,18.5,0.0,373.6,20.5,72.0,198.6,20.5,-72.0,198.6,14.7,0.0,162.4
helpX_go_hand_up_go_hand_up1,happy/高兴/neutral/中性,help/求助,mid,2,go_hand_up > go_hand_up1,go_hand_up,500,500,500,500,500,820,740,350,500,500,500,500,500,180,260,650,6.0,0.0,373.0,70.0,173.3,319.7,70.0,29.3,319.7,9.6,6.1,167.9,0.0,0.0,0.0,go_hand_up,500,500,500,500,500,820,740,350,500,500,500,500,500,180,260,650,6.0,0.0,373.0,70.0,173.3,319.7,70.0,29.3,319.7,9.6,6.1,167.9,go_hand_up1,500,500,500,500,500,820,740,350,500,500,500,500,500,180,260,650,6.0,0.0,373.0,70.0,173.3,319.7,70.0,29.3,319.7,9.6,6.1,167.9,,,,,,,,,,,,,,,,,,,,,,,,,,,,,
help3_go_hand_up_go_hand_up1_stepping,happy/高兴/neutral/中性,help/求助,mid,3,go_hand_up > go_hand_up1 > stepping,go_hand_up,500,500,500,500,500,820,740,350,500,500,500,500,500,180,260,650,6.0,0.0,373.0,70.0,173.3,319.7,70.0,29.3,319.7,9.6,6.1,167.9,0.0,0.0,0.0,go_hand_up,500,500,500,500,500,820,740,350,500,500,500,500,500,180,260,650,6.0,0.0,373.0,70.0,173.3,319.7,70.0,29.3,319.7,9.6,6.1,167.9,go_hand_up1,500,500,500,500,500,820,740,350,500,500,500,500,500,180,260,650,6.0,0.0,373.0,70.0,173.3,319.7,70.0,29.3,319.7,9.6,6.1,167.9,stepping,500,500,522,518,500,500,500,500,500,530,590,455,500,500,500,500,14.0,0.0,373.5,16.0,72.0,198.5,16.0,-72.0,198.5,9.7,0.0,162.5
help3_go_hand_up_go_hand_up1_stand_slow,happy/高兴/neutral/中性/unhappy/不高兴,help/求助,low,3,go_hand_up > go_hand_up1 > stand_slow,go_hand_up,500,500,500,500,500,820,740,350,500,500,500,500,500,180,260,650,6.0,0.0,373.0,70.0,173.3,319.7,70.0,29.3,319.7,9.6,6.1,167.9,0.0,0.0,0.0,go_hand_up,500,500,500,500,500,820,740,350,500,500,500,500,500,180,260,650,6.0,0.0,373.0,70.0,173.3,319.7,70.0,29.3,319.7,9.6,6.1,167.9,go_hand_up1,500,500,500,500,500,820,740,350,500,500,500,500,500,180,260,650,6.0,0.0,373.0,70.0,173.3,319.7,70.0,29.3,319.7,9.6,6.1,167.9,stand_slow,500,500,500,500,500,500,500,500,500,500,500,500,500,500,500,500,6.0,0.0,373.0,8.0,72.0,198.0,8.0,-72.0,198.0,5.9,0.0,160.6
help3_go_hand_up_go_hand_up1_go_forward_one_small_step,happy/高兴/neutral/中性,help/求助,mid,3,go_hand_up > go_hand_up1 > go_forward_one_small_step,go_hand_up,500,500,500,500,500,820,740,350,500,500,500,500,500,180,260,650,6.0,0.0,373.0,70.0,173.3,319.7,70.0,29.3,319.7,9.6,6.1,167.9,0.0,0.0,0.0,go_hand_up,500,500,500,500,500,820,740,350,500,500,500,500,500,180,260,650,6.0,0.0,373.0,70.0,173.3,319.7,70.0,29.3,319.7,9.6,6.1,167.9,go_hand_up1,500,500,500,500,500,820,740,350,500,500,500,500,500,180,260,650,6.0,0.0,373.0,70.0,173.3,319.7,70.0,29.3,319.7,9.6,6.1,167.9,go_forward_one_small_step,500,500,520,516,500,500,500,500,500,526,580,460,500,500,500,500,18.5,0.0,373.6,20.5,72.0,198.6,20.5,-72.0,198.6,14.7,0.0,162.4
helpX_go_hand_up_lift_left_hand,happy/高兴/neutral/中性,help/求助,mid,2,go_hand_up > lift_left_hand,go_hand_up,500,500,500,500,500,820,740,350,500,500,500,500,500,180,260,650,6.0,0.0,373.0,70.0,173.3,319.7,70.0,29.3,319.7,9.6,6.1,167.9,0.0,0.0,0.0,go_hand_up,500,500,500,500,500,820,740,350,500,500,500,500,500,180,260,650,6.0,0.0,373.0,70.0,173.3,319.7,70.0,29.3,319.7,9.6,6.1,167.9,lift_left_hand,500,500,500,500,500,500,500,500,500,500,500,500,500,180,260,650,6.0,0.0,373.0,70.0,173.3,319.7,8.0,-72.0,198.0,7.7,3.0,164.3,,,,,,,,,,,,,,,,,,,,,,,,,,,,,
help3_go_hand_up_lift_left_hand_stepping,happy/高兴/neutral/中性,help/求助,mid,3,go_hand_up > lift_left_hand > stepping,go_hand_up,500,500,500,500,500,820,740,350,500,500,500,500,500,180,260,650,6.0,0.0,373.0,70.0,173.3,319.7,70.0,29.3,319.7,9.6,6.1,167.9,0.0,0.0,0.0,go_hand_up,500,500,500,500,500,820,740,350,500,500,500,500,500,180,260,650,6.0,0.0,373.0,70.0,173.3,319.7,70.0,29.3,319.7,9.6,6.1,167.9,lift_left_hand,500,500,500,500,500,500,500,500,500,500,500,500,500,180,260,650,6.0,0.0,373.0,70.0,173.3,319.7,8.0,-72.0,198.0,7.7,3.0,164.3,stepping,500,500,522,518,500,500,500,500,500,530,590,455,500,500,500,500,14.0,0.0,373.5,16.0,72.0,198.5,16.0,-72.0,198.5,9.7,0.0,162.5
help3_go_hand_up_lift_left_hand_stand_slow,happy/高兴/neutral/中性/unhappy/不高兴,help/求助,low,3,go_hand_up > lift_left_hand > stand_slow,go_hand_up,500,500,500,500,500,820,740,350,500,500,500,500,500,180,260,650,6.0,0.0,373.0,70.0,173.3,319.7,70.0,29.3,319.7,9.6,6.1,167.9,0.0,0.0,0.0,go_hand_up,500,500,500,500,500,820,740,350,500,500,500,500,500,180,260,650,6.0,0.0,373.0,70.0,173.3,319.7,70.0,29.3,319.7,9.6,6.1,167.9,lift_left_hand,500,500,500,500,500,500,500,500,500,500,500,500,500,180,260,650,6.0,0.0,373.0,70.0,173.3,319.7,8.0,-72.0,198.0,7.7,3.0,164.3,stand_slow,500,500,500,500,500,500,500,500,500,500,500,500,500,500,500,500,6.0,0.0,373.0,8.0,72.0,198.0,8.0,-72.0,198.0,5.9,0.0,160.6
help3_go_hand_up_lift_left_hand_go_forward_one_small_step,happy/高兴/neutral/中性,help/求助,mid,3,go_hand_up > lift_left_hand > go_forward_one_small_step,go_hand_up,500,500,500,500,500,820,740,350,500,500,500,500,500,180,260,650,6.0,0.0,373.0,70.0,173.3,319.7,70.0,29.3,319.7,9.6,6.1,167.9,0.0,0.0,0.0,go_hand_up,500,500,500,500,500,820,740,350,500,500,500,500,500,180,260,650,6.0,0.0,373.0,70.0,173.3,319.7,70.0,29.3,319.7,9.6,6.1,167.9,lift_left_hand,500,500,500,500,500,500,500,500,500,500,500,500,500,180,260,650,6.0,0.0,373.0,70.0,173.3,319.7,8.0,-72.0,198.0,7.7,3.0,164.3,go_forward_one_small_step,500,500,520,516,500,500,500,500,500,526,580,460,500,500,500,500,18.5,0.0,373.6,20.5,72.0,198.6,20.5,-72.0,198.6,14.7,0.0,162.4
helpX_go_hand_up_right_hand,happy/高兴/neutral/中性,help/求助,mid,2,go_hand_up > right_hand,go_hand_up,500,500,500,500,500,820,740,350,500,500,500,500,500,180,260,650,6.0,0.0,373.0,70.0,173.3,319.7,70.0,29.3,319.7,9.6,6.1,167.9,0.0,0.0,0.0,go_hand_up,500,500,500,500,500,820,740,350,500,500,500,500,500,180,260,650,6.0,0.0,373.0,70.0,173.3,319.7,70.0,29.3,319.7,9.6,6.1,167.9,right_hand,500,500,500,500,500,660,620,420,500,500,500,500,500,500,500,500,6.0,0.0,373.0,8.0,72.0,198.0,83.2,-14.2,246.1,8.1,1.7,162.1,,,,,,,,,,,,,,,,,,,,,,,,,,,,,
help3_go_hand_up_right_hand_stepping,happy/高兴/neutral/中性,help/求助,mid,3,go_hand_up > right_hand > stepping,go_hand_up,500,500,500,500,500,820,740,350,500,500,500,500,500,180,260,650,6.0,0.0,373.0,70.0,173.3,319.7,70.0,29.3,319.7,9.6,6.1,167.9,0.0,0.0,0.0,go_hand_up,500,500,500,500,500,820,740,350,500,500,500,500,500,180,260,650,6.0,0.0,373.0,70.0,173.3,319.7,70.0,29.3,319.7,9.6,6.1,167.9,right_hand,500,500,500,500,500,660,620,420,500,500,500,500,500,500,500,500,6.0,0.0,373.0,8.0,72.0,198.0,83.2,-14.2,246.1,8.1,1.7,162.1,stepping,500,500,522,518,500,500,500,500,500,530,590,455,500,500,500,500,14.0,0.0,373.5,16.0,72.0,198.5,16.0,-72.0,198.5,9.7,0.0,162.5
help3_go_hand_up_right_hand_stand_slow,happy/高兴/neutral/中性/unhappy/不高兴,help/求助,low,3,go_hand_up > right_hand > stand_slow,go_hand_up,500,500,500,500,500,820,740,350,500,500,500,500,500,180,260,650,6.0,0.0,373.0,70.0,173.3,319.7,70.0,29.3,319.7,9.6,6.1,167.9,0.0,0.0,0.0,go_hand_up,500,500,500,500,500,820,740,350,500,500,500,500,500,180,260,650,6.0,0.0,373.0,70.0,173.3,319.7,70.0,29.3,319.7,9.6,6.1,167.9,right_hand,500,500,500,500,500,660,620,420,500,500,500,500,500,500,500,500,6.0,0.0,373.0,8.0,72.0,198.0,83.2,-14.2,246.1,8.1,1.7,162.1,stand_slow,500,500,500,500,500,500,500,500,500,500,500,500,500,500,500,500,6.0,0.0,373.0,8.0,72.0,198.0,8.0,-72.0,198.0,5.9,0.0,160.6
help3_go_hand_up_right_hand_go_forward_one_small_step,happy/高兴/neutral/中性,help/求助,mid,3,go_hand_up > right_hand > go_forward_one_small_step,go_hand_up,500,500,500,500,500,820,740,350,500,500,500,500,500,180,260,650,6.0,0.0,373.0,70.0,173.3,319.7,70.0,29.3,319.7,9.6,6.1,167.9,0.0,0.0,0.0,go_hand_up,500,500,500,500,500,820,740,350,500,500,500,500,500,180,260,650,6.0,0.0,373.0,70.0,173.3,319.7,70.0,29.3,319.7,9.6,6.1,167.9,right_hand,500,500,500,500,500,660,620,420,500,500,500,500,500,500,500,500,6.0,0.0,373.0,8.0,72.0,198.0,83.2,-14.2,246.1,8.1,1.7,162.1,go_forward_one_small_step,500,500,520,516,500,500,500,500,500,526,580,460,500,500,500,500,18.5,0.0,373.6,20.5,72.0,198.6,20.5,-72.0,198.6,14.7,0.0,162.4
helpX_go_hand_up_left_hand,happy/高兴/neutral/中性,help/求助,mid,2,go_hand_up > left_hand,go_hand_up,500,500,500,500,500,820,740,350,500,500,500,500,500,180,260,650,6.0,0.0,373.0,70.0,173.3,319.7,70.0,29.3,319.7,9.6,6.1,167.9,0.0,0.0,0.0,go_hand_up,500,500,500,500,500,820,740,350,500,500,500,500,500,180,260,650,6.0,0.0,373.0,70.0,173.3,319.7,70.0,29.3,319.7,9.6,6.1,167.9,left_hand,500,500,500,500,500,500,500,500,500,500,500,500,500,340,380,580,6.0,0.0,373.0,83.2,129.8,246.1,8.0,-72.0,198.0,8.1,1.7,162.1,,,,,,,,,,,,,,,,,,,,,,,,,,,,,
help3_go_hand_up_left_hand_stepping,happy/高兴/neutral/中性,help/求助,mid,3,go_hand_up > left_hand > stepping,go_hand_up,500,500,500,500,500,820,740,350,500,500,500,500,500,180,260,650,6.0,0.0,373.0,70.0,173.3,319.7,70.0,29.3,319.7,9.6,6.1,167.9,0.0,0.0,0.0,go_hand_up,500,500,500,500,500,820,740,350,500,500,500,500,500,180,260,650,6.0,0.0,373.0,70.0,173.3,319.7,70.0,29.3,319.7,9.6,6.1,167.9,left_hand,500,500,500,500,500,500,500,500,500,500,500,500,500,340,380,580,6.0,0.0,373.0,83.2,129.8,246.1,8.0,-72.0,198.0,8.1,1.7,162.1,stepping,500,500,522,518,500,500,500,500,500,530,590,455,500,500,500,500,14.0,0.0,373.5,16.0,72.0,198.5,16.0,-72.0,198.5,9.7,0.0,162.5
help3_go_hand_up_left_hand_stand_slow,happy/高兴/neutral/中性/unhappy/不高兴,help/求助,low,3,go_hand_up > left_hand > stand_slow,go_hand_up,500,500,500,500,500,820,740,350,500,500,500,500,500,180,260,650,6.0,0.0,373.0,70.0,173.3,319.7,70.0,29.3,319.7,9.6,6.1,167.9,0.0,0.0,0.0,go_hand_up,500,500,500,500,500,820,740,350,500,500,500,500,500,180,260,650,6.0,0.0,373.0,70.0,173.3,319.7,70.0,29.3,319.7,9.6,6.1,167.9,left_hand,500,500,500,500,500,500,500,500,500,500,500,500,500,340,380,580,6.0,0.0,373.0,83.2,129.8,246.1,8.0,-72.0,198.0,8.1,1.7,162.1,stand_slow,500,500,500,500,500,500,500,500,500,500,500,500,500,500,500,500,6.0,0.0,373.0,8.0,72.0,198.0,8.0,-72.0,198.0,5.9,0.0,160.6
help3_go_hand_up_left_hand_go_forward_one_small_step,happy/高兴/neutral/中性,help/求助,mid,3,go_hand_up > left_hand > go_forward_one_small_step,go_hand_up,500,500,500,500,500,820,740,350,500,500,500,500,500,180,260,650,6.0,0.0,373.0,70.0,173.3,319.7,70.0,29.3,319.7,9.6,6.1,167.9,0.0,0.0,0.0,go_hand_up,500,500,500,500,500,820,740,350,500,500,500,500,500,180,260,650,6.0,0.0,373.0,70.0,173.3,319.7,70.0,29.3,319.7,9.6,6.1,167.9,left_hand,500,500,500,500,500,500,500,500,500,500,500,500,500,340,380,580,6.0,0.0,373.0,83.2,129.8,246.1,8.0,-72.0,198.0,8.1,1.7,162.1,go_forward_one_small_step,500,500,520,516,500,500,500,500,500,526,580,460,500,500,500,500,18.5,0.0,373.6,20.5,72.0,198.6,20.5,-72.0,198.6,14.7,0.0,162.4
helpX_go_hand_up1_lift_left_hand,happy/高兴/neutral/中性,help/求助,mid,2,go_hand_up1 > lift_left_hand,go_hand_up1,500,500,500,500,500,820,740,350,500,500,500,500,500,180,260,650,6.0,0.0,373.0,70.0,173.3,319.7,70.0,29.3,319.7,9.6,6.1,167.9,0.0,0.0,0.0,go_hand_up1,500,500,500,500,500,820,740,350,500,500,500,500,500,180,260,650,6.0,0.0,373.0,70.0,173.3,319.7,70.0,29.3,319.7,9.6,6.1,167.9,lift_left_hand,500,500,500,500,500,500,500,500,500,500,500,500,500,180,260,650,6.0,0.0,373.0,70.0,173.3,319.7,8.0,-72.0,198.0,7.7,3.0,164.3,,,,,,,,,,,,,,,,,,,,,,,,,,,,,
help3_go_hand_up1_lift_left_hand_stepping,happy/高兴/neutral/中性,help/求助,mid,3,go_hand_up1 > lift_left_hand > stepping,go_hand_up1,500,500,500,500,500,820,740,350,500,500,500,500,500,180,260,650,6.0,0.0,373.0,70.0,173.3,319.7,70.0,29.3,319.7,9.6,6.1,167.9,0.0,0.0,0.0,go_hand_up1,500,500,500,500,500,820,740,350,500,500,500,500,500,180,260,650,6.0,0.0,373.0,70.0,173.3,319.7,70.0,29.3,319.7,9.6,6.1,167.9,lift_left_hand,500,500,500,500,500,500,500,500,500,500,500,500,500,180,260,650,6.0,0.0,373.0,70.0,173.3,319.7,8.0,-72.0,198.0,7.7,3.0,164.3,stepping,500,500,522,518,500,500,500,500,500,530,590,455,500,500,500,500,14.0,0.0,373.5,16.0,72.0,198.5,16.0,-72.0,198.5,9.7,0.0,162.5
help3_go_hand_up1_lift_left_hand_stand_slow,happy/高兴/neutral/中性/unhappy/不高兴,help/求助,low,3,go_hand_up1 > lift_left_hand > stand_slow,go_hand_up1,500,500,500,500,500,820,740,350,500,500,500,500,500,180,260,650,6.0,0.0,373.0,70.0,173.3,319.7,70.0,29.3,319.7,9.6,6.1,167.9,0.0,0.0,0.0,go_hand_up1,500,500,500,500,500,820,740,350,500,500,500,500,500,180,260,650,6.0,0.0,373.0,70.0,173.3,319.7,70.0,29.3,319.7,9.6,6.1,167.9,lift_left_hand,500,500,500,500,500,500,500,500,500,500,500,500,500,180,260,650,6.0,0.0,373.0,70.0,173.3,319.7,8.0,-72.0,198.0,7.7,3.0,164.3,stand_slow,500,500,500,500,500,500,500,500,500,500,500,500,500,500,500,500,6.0,0.0,373.0,8.0,72.0,198.0,8.0,-72.0,198.0,5.9,0.0,160.6
help3_go_hand_up1_lift_left_hand_go_forward_one_small_step,happy/高兴/neutral/中性,help/求助,mid,3,go_hand_up1 > lift_left_hand > go_forward_one_small_step,go_hand_up1,500,500,500,500,500,820,740,350,500,500,500,500,500,180,260,650,6.0,0.0,373.0,70.0,173.3,319.7,70.0,29.3,319.7,9.6,6.1,167.9,0.0,0.0,0.0,go_hand_up1,500,500,500,500,500,820,740,350,500,500,500,500,500,180,260,650,6.0,0.0,373.0,70.0,173.3,319.7,70.0,29.3,319.7,9.6,6.1,167.9,lift_left_hand,500,500,500,500,500,500,500,500,500,500,500,500,500,180,260,650,6.0,0.0,373.0,70.0,173.3,319.7,8.0,-72.0,198.0,7.7,3.0,164.3,go_forward_one_small_step,500,500,520,516,500,500,500,500,500,526,580,460,500,500,500,500,18.5,0.0,373.6,20.5,72.0,198.6,20.5,-72.0,198.6,14.7,0.0,162.4
helpX_go_hand_up1_right_hand,happy/高兴/neutral/中性,help/求助,mid,2,go_hand_up1 > right_hand,go_hand_up1,500,500,500,500,500,820,740,350,500,500,500,500,500,180,260,650,6.0,0.0,373.0,70.0,173.3,319.7,70.0,29.3,319.7,9.6,6.1,167.9,0.0,0.0,0.0,go_hand_up1,500,500,500,500,500,820,740,350,500,500,500,500,500,180,260,650,6.0,0.0,373.0,70.0,173.3,319.7,70.0,29.3,319.7,9.6,6.1,167.9,right_hand,500,500,500,500,500,660,620,420,500,500,500,500,500,500,500,500,6.0,0.0,373.0,8.0,72.0,198.0,83.2,-14.2,246.1,8.1,1.7,162.1,,,,,,,,,,,,,,,,,,,,,,,,,,,,,
help3_go_hand_up1_right_hand_stepping,happy/高兴/neutral/中性,help/求助,mid,3,go_hand_up1 > right_hand > stepping,go_hand_up1,500,500,500,500,500,820,740,350,500,500,500,500,500,180,260,650,6.0,0.0,373.0,70.0,173.3,319.7,70.0,29.3,319.7,9.6,6.1,167.9,0.0,0.0,0.0,go_hand_up1,500,500,500,500,500,820,740,350,500,500,500,500,500,180,260,650,6.0,0.0,373.0,70.0,173.3,319.7,70.0,29.3,319.7,9.6,6.1,167.9,right_hand,500,500,500,500,500,660,620,420,500,500,500,500,500,500,500,500,6.0,0.0,373.0,8.0,72.0,198.0,83.2,-14.2,246.1,8.1,1.7,162.1,stepping,500,500,522,518,500,500,500,500,500,530,590,455,500,500,500,500,14.0,0.0,373.5,16.0,72.0,198.5,16.0,-72.0,198.5,9.7,0.0,162.5
help3_go_hand_up1_right_hand_stand_slow,happy/高兴/neutral/中性/unhappy/不高兴,help/求助,low,3,go_hand_up1 > right_hand > stand_slow,go_hand_up1,500,500,500,500,500,820,740,350,500,500,500,500,500,180,260,650,6.0,0.0,373.0,70.0,173.3,319.7,70.0,29.3,319.7,9.6,6.1,167.9,0.0,0.0,0.0,go_hand_up1,500,500,500,500,500,820,740,350,500,500,500,500,500,180,260,650,6.0,0.0,373.0,70.0,173.3,319.7,70.0,29.3,319.7,9.6,6.1,167.9,right_hand,500,500,500,500,500,660,620,420,500,500,500,500,500,500,500,500,6.0,0.0,373.0,8.0,72.0,198.0,83.2,-14.2,246.1,8.1,1.7,162.1,stand_slow,500,500,500,500,500,500,500,500,500,500,500,500,500,500,500,500,6.0,0.0,373.0,8.0,72.0,198.0,8.0,-72.0,198.0,5.9,0.0,160.6
help3_go_hand_up1_right_hand_go_forward_one_small_step,happy/高兴/neutral/中性,help/求助,mid,3,go_hand_up1 > right_hand > go_forward_one_small_step,go_hand_up1,500,500,500,500,500,820,740,350,500,500,500,500,500,180,260,650,6.0,0.0,373.0,70.0,173.3,319.7,70.0,29.3,319.7,9.6,6.1,167.9,0.0,0.0,0.0,go_hand_up1,500,500,500,500,500,820,740,350,500,500,500,500,500,180,260,650,6.0,0.0,373.0,70.0,173.3,319.7,70.0,29.3,319.7,9.6,6.1,167.9,right_hand,500,500,500,500,500,660,620,420,500,500,500,500,500,500,500,500,6.0,0.0,373.0,8.0,72.0,198.0,83.2,-14.2,246.1,8.1,1.7,162.1,go_forward_one_small_step,500,500,520,516,500,500,500,500,500,526,580,460,500,500,500,500,18.5,0.0,373.6,20.5,72.0,198.6,20.5,-72.0,198.6,14.7,0.0,162.4
helpX_go_hand_up1_left_hand,happy/高兴/neutral/中性,help/求助,mid,2,go_hand_up1 > left_hand,go_hand_up1,500,500,500,500,500,820,740,350,500,500,500,500,500,180,260,650,6.0,0.0,373.0,70.0,173.3,319.7,70.0,29.3,319.7,9.6,6.1,167.9,0.0,0.0,0.0,go_hand_up1,500,500,500,500,500,820,740,350,500,500,500,500,500,180,260,650,6.0,0.0,373.0,70.0,173.3,319.7,70.0,29.3,319.7,9.6,6.1,167.9,left_hand,500,500,500,500,500,500,500,500,500,500,500,500,500,340,380,580,6.0,0.0,373.0,83.2,129.8,246.1,8.0,-72.0,198.0,8.1,1.7,162.1,,,,,,,,,,,,,,,,,,,,,,,,,,,,,
help3_go_hand_up1_left_hand_stepping,happy/高兴/neutral/中性,help/求助,mid,3,go_hand_up1 > left_hand > stepping,go_hand_up1,500,500,500,500,500,820,740,350,500,500,500,500,500,180,260,650,6.0,0.0,373.0,70.0,173.3,319.7,70.0,29.3,319.7,9.6,6.1,167.9,0.0,0.0,0.0,go_hand_up1,500,500,500,500,500,820,740,350,500,500,500,500,500,180,260,650,6.0,0.0,373.0,70.0,173.3,319.7,70.0,29.3,319.7,9.6,6.1,167.9,left_hand,500,500,500,500,500,500,500,500,500,500,500,500,500,340,380,580,6.0,0.0,373.0,83.2,129.8,246.1,8.0,-72.0,198.0,8.1,1.7,162.1,stepping,500,500,522,518,500,500,500,500,500,530,590,455,500,500,500,500,14.0,0.0,373.5,16.0,72.0,198.5,16.0,-72.0,198.5,9.7,0.0,162.5
help3_go_hand_up1_left_hand_stand_slow,happy/高兴/neutral/中性/unhappy/不高兴,help/求助,low,3,go_hand_up1 > left_hand > stand_slow,go_hand_up1,500,500,500,500,500,820,740,350,500,500,500,500,500,180,260,650,6.0,0.0,373.0,70.0,173.3,319.7,70.0,29.3,319.7,9.6,6.1,167.9,0.0,0.0,0.0,go_hand_up1,500,500,500,500,500,820,740,350,500,500,500,500,500,180,260,650,6.0,0.0,373.0,70.0,173.3,319.7,70.0,29.3,319.7,9.6,6.1,167.9,left_hand,500,500,500,500,500,500,500,500,500,500,500,500,500,340,380,580,6.0,0.0,373.0,83.2,129.8,246.1,8.0,-72.0,198.0,8.1,1.7,162.1,stand_slow,500,500,500,500,500,500,500,500,500,500,500,500,500,500,500,500,6.0,0.0,373.0,8.0,72.0,198.0,8.0,-72.0,198.0,5.9,0.0,160.6
help3_go_hand_up1_left_hand_go_forward_one_small_step,happy/高兴/neutral/中性,help/求助,mid,3,go_hand_up1 > left_hand > go_forward_one_small_step,go_hand_up1,500,500,500,500,500,820,740,350,500,500,500,500,500,180,260,650,6.0,0.0,373.0,70.0,173.3,319.7,70.0,29.3,319.7,9.6,6.1,167.9,0.0,0.0,0.0,go_hand_up1,500,500,500,500,500,820,740,350,500,500,500,500,500,180,260,650,6.0,0.0,373.0,70.0,173.3,319.7,70.0,29.3,319.7,9.6,6.1,167.9,left_hand,500,500,500,500,500,500,500,500,500,500,500,500,500,340,380,580,6.0,0.0,373.0,83.2,129.8,246.1,8.0,-72.0,198.0,8.1,1.7,162.1,go_forward_one_small_step,500,500,520,516,500,500,500,500,500,526,580,460,500,500,500,500,18.5,0.0,373.6,20.5,72.0,198.6,20.5,-72.0,198.6,14.7,0.0,162.4
helpX_lift_left_hand_right_hand,happy/高兴/neutral/中性,help/求助,mid,2,lift_left_hand > right_hand,lift_left_hand,500,500,500,500,500,500,500,500,500,500,500,500,500,180,260,650,6.0,0.0,373.0,70.0,173.3,319.7,8.0,-72.0,198.0,7.7,3.0,164.3,0.0,0.0,0.0,lift_left_hand,500,500,500,500,500,500,500,500,500,500,500,500,500,180,260,650,6.0,0.0,373.0,70.0,173.3,319.7,8.0,-72.0,198.0,7.7,3.0,164.3,right_hand,500,500,500,500,500,660,620,420,500,500,500,500,500,500,500,500,6.0,0.0,373.0,8.0,72.0,198.0,83.2,-14.2,246.1,8.1,1.7,162.1,,,,,,,,,,,,,,,,,,,,,,,,,,,,,
help3_lift_left_hand_right_hand_stepping,happy/高兴/neutral/中性,help/求助,mid,3,lift_left_hand > right_hand > stepping,lift_left_hand,500,500,500,500,500,500,500,500,500,500,500,500,500,180,260,650,6.0,0.0,373.0,70.0,173.3,319.7,8.0,-72.0,198.0,7.7,3.0,164.3,0.0,0.0,0.0,lift_left_hand,500,500,500,500,500,500,500,500,500,500,500,500,500,180,260,650,6.0,0.0,373.0,70.0,173.3,319.7,8.0,-72.0,198.0,7.7,3.0,164.3,right_hand,500,500,500,500,500,660,620,420,500,500,500,500,500,500,500,500,6.0,0.0,373.0,8.0,72.0,198.0,83.2,-14.2,246.1,8.1,1.7,162.1,stepping,500,500,522,518,500,500,500,500,500,530,590,455,500,500,500,500,14.0,0.0,373.5,16.0,72.0,198.5,16.0,-72.0,198.5,9.7,0.0,162.5
help3_lift_left_hand_right_hand_stand_slow,happy/高兴/neutral/中性/unhappy/不高兴,help/求助,low,3,lift_left_hand > right_hand > stand_slow,lift_left_hand,500,500,500,500,500,500,500,500,500,500,500,500,500,180,260,650,6.0,0.0,373.0,70.0,173.3,319.7,8.0,-72.0,198.0,7.7,3.0,164.3,0.0,0.0,0.0,lift_left_hand,500,500,500,500,500,500,500,500,500,500,500,500,500,180,260,650,6.0,0.0,373.0,70.0,173.3,319.7,8.0,-72.0,198.0,7.7,3.0,164.3,right_hand,500,500,500,500,500,660,620,420,500,500,500,500,500,500,500,500,6.0,0.0,373.0,8.0,72.0,198.0,83.2,-14.2,246.1,8.1,1.7,162.1,stand_slow,500,500,500,500,500,500,500,500,500,500,500,500,500,500,500,500,6.0,0.0,373.0,8.0,72.0,198.0,8.0,-72.0,198.0,5.9,0.0,160.6
help3_lift_left_hand_right_hand_go_forward_one_small_step,happy/高兴/neutral/中性,help/求助,mid,3,lift_left_hand > right_hand > go_forward_one_small_step,lift_left_hand,500,500,500,500,500,500,500,500,500,500,500,500,500,180,260,650,6.0,0.0,373.0,70.0,173.3,319.7,8.0,-72.0,198.0,7.7,3.0,164.3,0.0,0.0,0.0,lift_left_hand,500,500,500,500,500,500,500,500,500,500,500,500,500,180,260,650,6.0,0.0,373.0,70.0,173.3,319.7,8.0,-72.0,198.0,7.7,3.0,164.3,right_hand,500,500,500,500,500,660,620,420,500,500,500,500,500,500,500,500,6.0,0.0,373.0,8.0,72.0,198.0,83.2,-14.2,246.1,8.1,1.7,162.1,go_forward_one_small_step,500,500,520,516,500,500,500,500,500,526,580,460,500,500,500,500,18.5,0.0,373.6,20.5,72.0,198.6,20.5,-72.0,198.6,14.7,0.0,162.4
helpX_lift_left_hand_left_hand,happy/高兴/neutral/中性,help/求助,mid,2,lift_left_hand > left_hand,lift_left_hand,500,500,500,500,500,500,500,500,500,500,500,500,500,180,260,650,6.0,0.0,373.0,70.0,173.3,319.7,8.0,-72.0,198.0,7.7,3.0,164.3,0.0,0.0,0.0,lift_left_hand,500,500,500,500,500,500,500,500,500,500,500,500,500,180,260,650,6.0,0.0,373.0,70.0,173.3,319.7,8.0,-72.0,198.0,7.7,3.0,164.3,left_hand,500,500,500,500,500,500,500,500,500,500,500,500,500,340,380,580,6.0,0.0,373.0,83.2,129.8,246.1,8.0,-72.0,198.0,8.1,1.7,162.1,,,,,,,,,,,,,,,,,,,,,,,,,,,,,
help3_lift_left_hand_left_hand_stepping,happy/高兴/neutral/中性,help/求助,mid,3,lift_left_hand > left_hand > stepping,lift_left_hand,500,500,500,500,500,500,500,500,500,500,500,500,500,180,260,650,6.0,0.0,373.0,70.0,173.3,319.7,8.0,-72.0,198.0,7.7,3.0,164.3,0.0,0.0,0.0,lift_left_hand,500,500,500,500,500,500,500,500,500,500,500,500,500,180,260,650,6.0,0.0,373.0,70.0,173.3,319.7,8.0,-72.0,198.0,7.7,3.0,164.3,left_hand,500,500,500,500,500,500,500,500,500,500,500,500,500,340,380,580,6.0,0.0,373.0,83.2,129.8,246.1,8.0,-72.0,198.0,8.1,1.7,162.1,stepping,500,500,522,518,500,500,500,500,500,530,590,455,500,500,500,500,14.0,0.0,373.5,16.0,72.0,198.5,16.0,-72.0,198.5,9.7,0.0,162.5
help3_lift_left_hand_left_hand_stand_slow,happy/高兴/neutral/中性/unhappy/不高兴,help/求助,low,3,lift_left_hand > left_hand > stand_slow,lift_left_hand,500,500,500,500,500,500,500,500,500,500,500,500,500,180,260,650,6.0,0.0,373.0,70.0,173.3,319.7,8.0,-72.0,198.0,7.7,3.0,164.3,0.0,0.0,0.0,lift_left_hand,500,500,500,500,500,500,500,500,500,500,500,500,500,180,260,650,6.0,0.0,373.0,70.0,173.3,319.7,8.0,-72.0,198.0,7.7,3.0,164.3,left_hand,500,500,500,500,500,500,500,500,500,500,500,500,500,340,380,580,6.0,0.0,373.0,83.2,129.8,246.1,8.0,-72.0,198.0,8.1,1.7,162.1,stand_slow,500,500,500,500,500,500,500,500,500,500,500,500,500,500,500,500,6.0,0.0,373.0,8.0,72.0,198.0,8.0,-72.0,198.0,5.9,0.0,160.6
help3_lift_left_hand_left_hand_go_forward_one_small_step,happy/高兴/neutral/中性,help/求助,mid,3,lift_left_hand > left_hand > go_forward_one_small_step,lift_left_hand,500,500,500,500,500,500,500,500,500,500,500,500,500,180,260,650,6.0,0.0,373.0,70.0,173.3,319.7,8.0,-72.0,198.0,7.7,3.0,164.3,0.0,0.0,0.0,lift_left_hand,500,500,500,500,500,500,500,500,500,500,500,500,500,180,260,650,6.0,0.0,373.0,70.0,173.3,319.7,8.0,-72.0,198.0,7.7,3.0,164.3,left_hand,500,500,500,500,500,500,500,500,500,500,500,500,500,340,380,580,6.0,0.0,373.0,83.2,129.8,246.1,8.0,-72.0,198.0,8.1,1.7,162.1,go_forward_one_small_step,500,500,520,516,500,500,500,500,500,526,580,460,500,500,500,500,18.5,0.0,373.6,20.5,72.0,198.6,20.5,-72.0,198.6,14.7,0.0,162.4
helpX_right_hand_left_hand,happy/高兴/neutral/中性,help/求助,mid,2,right_hand > left_hand,right_hand,500,500,500,500,500,660,620,420,500,500,500,500,500,500,500,500,6.0,0.0,373.0,8.0,72.0,198.0,83.2,-14.2,246.1,8.1,1.7,162.1,0.0,0.0,0.0,right_hand,500,500,500,500,500,660,620,420,500,500,500,500,500,500,500,500,6.0,0.0,373.0,8.0,72.0,198.0,83.2,-14.2,246.1,8.1,1.7,162.1,left_hand,500,500,500,500,500,500,500,500,500,500,500,500,500,340,380,580,6.0,0.0,373.0,83.2,129.8,246.1,8.0,-72.0,198.0,8.1,1.7,162.1,,,,,,,,,,,,,,,,,,,,,,,,,,,,,
help3_right_hand_left_hand_stepping,happy/高兴/neutral/中性,help/求助,mid,3,right_hand > left_hand > stepping,right_hand,500,500,500,500,500,660,620,420,500,500,500,500,500,500,500,500,6.0,0.0,373.0,8.0,72.0,198.0,83.2,-14.2,246.1,8.1,1.7,162.1,0.0,0.0,0.0,right_hand,500,500,500,500,500,660,620,420,500,500,500,500,500,500,500,500,6.0,0.0,373.0,8.0,72.0,198.0,83.2,-14.2,246.1,8.1,1.7,162.1,left_hand,500,500,500,500,500,500,500,500,500,500,500,500,500,340,380,580,6.0,0.0,373.0,83.2,129.8,246.1,8.0,-72.0,198.0,8.1,1.7,162.1,stepping,500,500,522,518,500,500,500,500,500,530,590,455,500,500,500,500,14.0,0.0,373.5,16.0,72.0,198.5,16.0,-72.0,198.5,9.7,0.0,162.5
help3_right_hand_left_hand_stand_slow,happy/高兴/neutral/中性/unhappy/不高兴,help/求助,low,3,right_hand > left_hand > stand_slow,right_hand,500,500,500,500,500,660,620,420,500,500,500,500,500,500,500,500,6.0,0.0,373.0,8.0,72.0,198.0,83.2,-14.2,246.1,8.1,1.7,162.1,0.0,0.0,0.0,right_hand,500,500,500,500,500,660,620,420,500,500,500,500,500,500,500,500,6.0,0.0,373.0,8.0,72.0,198.0,83.2,-14.2,246.1,8.1,1.7,162.1,left_hand,500,500,500,500,500,500,500,500,500,500,500,500,500,340,380,580,6.0,0.0,373.0,83.2,129.8,246.1,8.0,-72.0,198.0,8.1,1.7,162.1,stand_slow,500,500,500,500,500,500,500,500,500,500,500,500,500,500,500,500,6.0,0.0,373.0,8.0,72.0,198.0,8.0,-72.0,198.0,5.9,0.0,160.6
help3_right_hand_left_hand_go_forward_one_small_step,happy/高兴/neutral/中性,help/求助,mid,3,right_hand > left_hand > go_forward_one_small_step,right_hand,500,500,500,500,500,660,620,420,500,500,500,500,500,500,500,500,6.0,0.0,373.0,8.0,72.0,198.0,83.2,-14.2,246.1,8.1,1.7,162.1,0.0,0.0,0.0,right_hand,500,500,500,500,500,660,620,420,500,500,500,500,500,500,500,500,6.0,0.0,373.0,8.0,72.0,198.0,83.2,-14.2,246.1,8.1,1.7,162.1,left_hand,500,500,500,500,500,500,500,500,500,500,500,500,500,340,380,580,6.0,0.0,373.0,83.2,129.8,246.1,8.0,-72.0,198.0,8.1,1.7,162.1,go_forward_one_small_step,500,500,520,516,500,500,500,500,500,526,580,460,500,500,500,500,18.5,0.0,373.6,20.5,72.0,198.6,20.5,-72.0,198.6,14.7,0.0,162.4
help3_wave_go_hand_up_turn_left_small_step,happy/高兴/neutral/中性,help/求助,mid,3,wave > go_hand_up > turn_left_small_step,go_hand_up,500,500,500,500,500,820,740,350,500,500,500,500,500,180,260,650,6.0,0.0,373.0,70.0,173.3,319.7,70.0,29.3,319.7,9.6,6.1,167.9,0.0,0.0,0.0,wave,500,500,500,500,500,820,740,220,500,500,500,500,500,500,500,500,6.0,0.0,373.0,8.0,72.0,198.0,62.7,29.3,332.0,7.5,3.0,164.6,go_hand_up,500,500,500,500,500,820,740,350,500,500,500,500,500,180,260,650,6.0,0.0,373.0,70.0,173.3,319.7,70.0,29.3,319.7,9.6,6.1,167.9,turn_left_small_step,500,500,513,511,500,500,500,500,500,518,555,472,500,500,500,500,5.9,0.8,373.8,-1.5,72.4,198.8,17.3,-70.3,198.8,3.3,0.4,162.0
help3_wave_go_hand_up_turn_right_small_step,happy/高兴/neutral/中性,help/求助,mid,3,wave > go_hand_up > turn_right_small_step,go_hand_up,500,500,500,500,500,820,740,350,500,500,500,500,500,180,260,650,6.0,0.0,373.0,70.0,173.3,319.7,70.0,29.3,319.7,9.6,6.1,167.9,0.0,0.0,0.0,wave,500,500,500,500,500,820,740,220,500,500,500,500,500,500,500,500,6.0,0.0,373.0,8.0,72.0,198.0,62.7,29.3,332.0,7.5,3.0,164.6,go_hand_up,500,500,500,500,500,820,740,350,500,500,500,500,500,180,260,650,6.0,0.0,373.0,70.0,173.3,319.7,70.0,29.3,319.7,9.6,6.1,167.9,turn_right_small_step,500,500,513,511,500,500,500,500,500,518,555,472,500,500,500,500,5.9,-0.8,373.8,17.3,70.3,198.8,-1.5,-72.4,198.8,3.3,-0.4,162.0
help3_wave_go_hand_up_turn_left_small_step_a,happy/高兴/neutral/中性,help/求助,mid,3,wave > go_hand_up > turn_left_small_step_a,go_hand_up,500,500,500,500,500,820,740,350,500,500,500,500,500,180,260,650,6.0,0.0,373.0,70.0,173.3,319.7,70.0,29.3,319.7,9.6,6.1,167.9,0.0,0.0,0.0,wave,500,500,500,500,500,820,740,220,500,500,500,500,500,500,500,500,6.0,0.0,373.0,8.0,72.0,198.0,62.7,29.3,332.0,7.5,3.0,164.6,go_hand_up,500,500,500,500,500,820,740,350,500,500,500,500,500,180,260,650,6.0,0.0,373.0,70.0,173.3,319.7,70.0,29.3,319.7,9.6,6.1,167.9,turn_left_small_step_a,500,500,513,511,500,500,500,500,500,518,555,472,500,500,500,500,6.0,0.5,373.8,1.7,72.4,198.8,14.2,-71.0,198.8,3.3,0.3,162.0
help3_wave_go_hand_up_turn_right_small_step_a,happy/高兴/neutral/中性,help/求助,mid,3,wave > go_hand_up > turn_right_small_step_a,go_hand_up,500,500,500,500,500,820,740,350,500,500,500,500,500,180,260,650,6.0,0.0,373.0,70.0,173.3,319.7,70.0,29.3,319.7,9.6,6.1,167.9,0.0,0.0,0.0,wave,500,500,500,500,500,820,740,220,500,500,500,500,500,500,500,500,6.0,0.0,373.0,8.0,72.0,198.0,62.7,29.3,332.0,7.5,3.0,164.6,go_hand_up,500,500,500,500,500,820,740,350,500,500,500,500,500,180,260,650,6.0,0.0,373.0,70.0,173.3,319.7,70.0,29.3,319.7,9.6,6.1,167.9,turn_right_small_step_a,500,500,513,511,500,500,500,500,500,518,555,472,500,500,500,500,6.0,-0.5,373.8,14.2,71.0,198.8,1.7,-72.4,198.8,3.3,-0.3,162.0
help3_go_hand_up_wave_turn_left_small_step,happy/高兴/neutral/中性,help/求助,mid,3,go_hand_up > wave > turn_left_small_step,go_hand_up,500,500,500,500,500,820,740,350,500,500,500,500,500,180,260,650,6.0,0.0,373.0,70.0,173.3,319.7,70.0,29.3,319.7,9.6,6.1,167.9,0.0,0.0,0.0,go_hand_up,500,500,500,500,500,820,740,350,500,500,500,500,500,180,260,650,6.0,0.0,373.0,70.0,173.3,319.7,70.0,29.3,319.7,9.6,6.1,167.9,wave,500,500,500,500,500,820,740,220,500,500,500,500,500,500,500,500,6.0,0.0,373.0,8.0,72.0,198.0,62.7,29.3,332.0,7.5,3.0,164.6,turn_left_small_step,500,500,513,511,500,500,500,500,500,518,555,472,500,500,500,500,5.9,0.8,373.8,-1.5,72.4,198.8,17.3,-70.3,198.8,3.3,0.4,162.0
help3_go_hand_up_wave_turn_right_small_step,happy/高兴/neutral/中性,help/求助,mid,3,go_hand_up > wave > turn_right_small_step,go_hand_up,500,500,500,500,500,820,740,350,500,500,500,500,500,180,260,650,6.0,0.0,373.0,70.0,173.3,319.7,70.0,29.3,319.7,9.6,6.1,167.9,0.0,0.0,0.0,go_hand_up,500,500,500,500,500,820,740,350,500,500,500,500,500,180,260,650,6.0,0.0,373.0,70.0,173.3,319.7,70.0,29.3,319.7,9.6,6.1,167.9,wave,500,500,500,500,500,820,740,220,500,500,500,500,500,500,500,500,6.0,0.0,373.0,8.0,72.0,198.0,62.7,29.3,332.0,7.5,3.0,164.6,turn_right_small_step,500,500,513,511,500,500,500,500,500,518,555,472,500,500,500,500,5.9,-0.8,373.8,17.3,70.3,198.8,-1.5,-72.4,198.8,3.3,-0.4,162.0
help3_go_hand_up_wave_turn_left_small_step_a,happy/高兴/neutral/中性,help/求助,mid,3,go_hand_up > wave > turn_left_small_step_a,go_hand_up,500,500,500,500,500,820,740,350,500,500,500,500,500,180,260,650,6.0,0.0,373.0,70.0,173.3,319.7,70.0,29.3,319.7,9.6,6.1,167.9,0.0,0.0,0.0,go_hand_up,500,500,500,500,500,820,740,350,500,500,500,500,500,180,260,650,6.0,0.0,373.0,70.0,173.3,319.7,70.0,29.3,319.7,9.6,6.1,167.9,wave,500,500,500,500,500,820,740,220,500,500,500,500,500,500,500,500,6.0,0.0,373.0,8.0,72.0,198.0,62.7,29.3,332.0,7.5,3.0,164.6,turn_left_small_step_a,500,500,513,511,500,500,500,500,500,518,555,472,500,500,500,500,6.0,0.5,373.8,1.7,72.4,198.8,14.2,-71.0,198.8,3.3,0.3,162.0
help3_go_hand_up_wave_turn_right_small_step_a,happy/高兴/neutral/中性,help/求助,mid,3,go_hand_up > wave > turn_right_small_step_a,go_hand_up,500,500,500,500,500,820,740,350,500,500,500,500,500,180,260,650,6.0,0.0,373.0,70.0,173.3,319.7,70.0,29.3,319.7,9.6,6.1,167.9,0.0,0.0,0.0,go_hand_up,500,500,500,500,500,820,740,350,500,500,500,500,500,180,260,650,6.0,0.0,373.0,70.0,173.3,319.7,70.0,29.3,319.7,9.6,6.1,167.9,wave,500,500,500,500,500,820,740,220,500,500,500,500,500,500,500,500,6.0,0.0,373.0,8.0,72.0,198.0,62.7,29.3,332.0,7.5,3.0,164.6,turn_right_small_step_a,500,500,513,511,500,500,500,500,500,518,555,472,500,500,500,500,6.0,-0.5,373.8,14.2,71.0,198.8,1.7,-72.4,198.8,3.3,-0.3,162.0
help3_go_hand_up1_wave_turn_left_small_step,happy/高兴/neutral/中性,help/求助,mid,3,go_hand_up1 > wave > turn_left_small_step,go_hand_up1,500,500,500,500,500,820,740,350,500,500,500,500,500,180,260,650,6.0,0.0,373.0,70.0,173.3,319.7,70.0,29.3,319.7,9.6,6.1,167.9,0.0,0.0,0.0,go_hand_up1,500,500,500,500,500,820,740,350,500,500,500,500,500,180,260,650,6.0,0.0,373.0,70.0,173.3,319.7,70.0,29.3,319.7,9.6,6.1,167.9,wave,500,500,500,500,500,820,740,220,500,500,500,500,500,500,500,500,6.0,0.0,373.0,8.0,72.0,198.0,62.7,29.3,332.0,7.5,3.0,164.6,turn_left_small_step,500,500,513,511,500,500,500,500,500,518,555,472,500,500,500,500,5.9,0.8,373.8,-1.5,72.4,198.8,17.3,-70.3,198.8,3.3,0.4,162.0
help3_go_hand_up1_wave_turn_right_small_step,happy/高兴/neutral/中性,help/求助,mid,3,go_hand_up1 > wave > turn_right_small_step,go_hand_up1,500,500,500,500,500,820,740,350,500,500,500,500,500,180,260,650,6.0,0.0,373.0,70.0,173.3,319.7,70.0,29.3,319.7,9.6,6.1,167.9,0.0,0.0,0.0,go_hand_up1,500,500,500,500,500,820,740,350,500,500,500,500,500,180,260,650,6.0,0.0,373.0,70.0,173.3,319.7,70.0,29.3,319.7,9.6,6.1,167.9,wave,500,500,500,500,500,820,740,220,500,500,500,500,500,500,500,500,6.0,0.0,373.0,8.0,72.0,198.0,62.7,29.3,332.0,7.5,3.0,164.6,turn_right_small_step,500,500,513,511,500,500,500,500,500,518,555,472,500,500,500,500,5.9,-0.8,373.8,17.3,70.3,198.8,-1.5,-72.4,198.8,3.3,-0.4,162.0
help3_go_hand_up1_wave_turn_left_small_step_a,happy/高兴/neutral/中性,help/求助,mid,3,go_hand_up1 > wave > turn_left_small_step_a,go_hand_up1,500,500,500,500,500,820,740,350,500,500,500,500,500,180,260,650,6.0,0.0,373.0,70.0,173.3,319.7,70.0,29.3,319.7,9.6,6.1,167.9,0.0,0.0,0.0,go_hand_up1,500,500,500,500,500,820,740,350,500,500,500,500,500,180,260,650,6.0,0.0,373.0,70.0,173.3,319.7,70.0,29.3,319.7,9.6,6.1,167.9,wave,500,500,500,500,500,820,740,220,500,500,500,500,500,500,500,500,6.0,0.0,373.0,8.0,72.0,198.0,62.7,29.3,332.0,7.5,3.0,164.6,turn_left_small_step_a,500,500,513,511,500,500,500,500,500,518,555,472,500,500,500,500,6.0,0.5,373.8,1.7,72.4,198.8,14.2,-71.0,198.8,3.3,0.3,162.0
help3_go_hand_up1_wave_turn_right_small_step_a,happy/高兴/neutral/中性,help/求助,mid,3,go_hand_up1 > wave > turn_right_small_step_a,go_hand_up1,500,500,500,500,500,820,740,350,500,500,500,500,500,180,260,650,6.0,0.0,373.0,70.0,173.3,319.7,70.0,29.3,319.7,9.6,6.1,167.9,0.0,0.0,0.0,go_hand_up1,500,500,500,500,500,820,740,350,500,500,500,500,500,180,260,650,6.0,0.0,373.0,70.0,173.3,319.7,70.0,29.3,319.7,9.6,6.1,167.9,wave,500,500,500,500,500,820,740,220,500,500,500,500,500,500,500,500,6.0,0.0,373.0,8.0,72.0,198.0,62.7,29.3,332.0,7.5,3.0,164.6,turn_right_small_step_a,500,500,513,511,500,500,500,500,500,518,555,472,500,500,500,500,6.0,-0.5,373.8,14.2,71.0,198.8,1.7,-72.4,198.8,3.3,-0.3,162.0
help3_lift_left_hand_wave_turn_left_small_step,happy/高兴/neutral/中性,help/求助,mid,3,lift_left_hand > wave > turn_left_small_step,wave,500,500,500,500,500,820,740,220,500,500,500,500,500,500,500,500,6.0,0.0,373.0,8.0,72.0,198.0,62.7,29.3,332.0,7.5,3.0,164.6,0.0,0.0,0.0,lift_left_hand,500,500,500,500,500,500,500,500,500,500,500,500,500,180,260,650,6.0,0.0,373.0,70.0,173.3,319.7,8.0,-72.0,198.0,7.7,3.0,164.3,wave,500,500,500,500,500,820,740,220,500,500,500,500,500,500,500,500,6.0,0.0,373.0,8.0,72.0,198.0,62.7,29.3,332.0,7.5,3.0,164.6,turn_left_small_step,500,500,513,511,500,500,500,500,500,518,555,472,500,500,500,500,5.9,0.8,373.8,-1.5,72.4,198.8,17.3,-70.3,198.8,3.3,0.4,162.0
help3_lift_left_hand_wave_turn_right_small_step,happy/高兴/neutral/中性,help/求助,mid,3,lift_left_hand > wave > turn_right_small_step,wave,500,500,500,500,500,820,740,220,500,500,500,500,500,500,500,500,6.0,0.0,373.0,8.0,72.0,198.0,62.7,29.3,332.0,7.5,3.0,164.6,0.0,0.0,0.0,lift_left_hand,500,500,500,500,500,500,500,500,500,500,500,500,500,180,260,650,6.0,0.0,373.0,70.0,173.3,319.7,8.0,-72.0,198.0,7.7,3.0,164.3,wave,500,500,500,500,500,820,740,220,500,500,500,500,500,500,500,500,6.0,0.0,373.0,8.0,72.0,198.0,62.7,29.3,332.0,7.5,3.0,164.6,turn_right_small_step,500,500,513,511,500,500,500,500,500,518,555,472,500,500,500,500,5.9,-0.8,373.8,17.3,70.3,198.8,-1.5,-72.4,198.8,3.3,-0.4,162.0
help3_lift_left_hand_wave_turn_left_small_step_a,happy/高兴/neutral/中性,help/求助,mid,3,lift_left_hand > wave > turn_left_small_step_a,wave,500,500,500,500,500,820,740,220,500,500,500,500,500,500,500,500,6.0,0.0,373.0,8.0,72.0,198.0,62.7,29.3,332.0,7.5,3.0,164.6,0.0,0.0,0.0,lift_left_hand,500,500,500,500,500,500,500,500,500,500,500,500,500,180,260,650,6.0,0.0,373.0,70.0,173.3,319.7,8.0,-72.0,198.0,7.7,3.0,164.3,wave,500,500,500,500,500,820,740,220,500,500,500,500,500,500,500,500,6.0,0.0,373.0,8.0,72.0,198.0,62.7,29.3,332.0,7.5,3.0,164.6,turn_left_small_step_a,500,500,513,511,500,500,500,500,500,518,555,472,500,500,500,500,6.0,0.5,373.8,1.7,72.4,198.8,14.2,-71.0,198.8,3.3,0.3,162.0
help3_lift_left_hand_wave_turn_right_small_step_a,happy/高兴/neutral/中性,help/求助,mid,3,lift_left_hand > wave > turn_right_small_step_a,wave,500,500,500,500,500,820,740,220,500,500,500,500,500,500,500,500,6.0,0.0,373.0,8.0,72.0,198.0,62.7,29.3,332.0,7.5,3.0,164.6,0.0,0.0,0.0,lift_left_hand,500,500,500,500,500,500,500,500,500,500,500,500,500,180,260,650,6.0,0.0,373.0,70.0,173.3,319.7,8.0,-72.0,198.0,7.7,3.0,164.3,wave,500,500,500,500,500,820,740,220,500,500,500,500,500,500,500,500,6.0,0.0,373.0,8.0,72.0,198.0,62.7,29.3,332.0,7.5,3.0,164.6,turn_right_small_step_a,500,500,513,511,500,500,500,500,500,518,555,472,500,500,500,500,6.0,-0.5,373.8,14.2,71.0,198.8,1.7,-72.4,198.8,3.3,-0.3,162.0
help3_right_hand_wave_turn_left_small_step,happy/高兴/neutral/中性,help/求助,mid,3,right_hand > wave > turn_left_small_step,wave,500,500,500,500,500,820,740,220,500,500,500,500,500,500,500,500,6.0,0.0,373.0,8.0,72.0,198.0,62.7,29.3,332.0,7.5,3.0,164.6,0.0,0.0,0.0,right_hand,500,500,500,500,500,660,620,420,500,500,500,500,500,500,500,500,6.0,0.0,373.0,8.0,72.0,198.0,83.2,-14.2,246.1,8.1,1.7,162.1,wave,500,500,500,500,500,820,740,220,500,500,500,500,500,500,500,500,6.0,0.0,373.0,8.0,72.0,198.0,62.7,29.3,332.0,7.5,3.0,164.6,turn_left_small_step,500,500,513,511,500,500,500,500,500,518,555,472,500,500,500,500,5.9,0.8,373.8,-1.5,72.4,198.8,17.3,-70.3,198.8,3.3,0.4,162.0
help3_right_hand_wave_turn_right_small_step,happy/高兴/neutral/中性,help/求助,mid,3,right_hand > wave > turn_right_small_step,wave,500,500,500,500,500,820,740,220,500,500,500,500,500,500,500,500,6.0,0.0,373.0,8.0,72.0,198.0,62.7,29.3,332.0,7.5,3.0,164.6,0.0,0.0,0.0,right_hand,500,500,500,500,500,660,620,420,500,500,500,500,500,500,500,500,6.0,0.0,373.0,8.0,72.0,198.0,83.2,-14.2,246.1,8.1,1.7,162.1,wave,500,500,500,500,500,820,740,220,500,500,500,500,500,500,500,500,6.0,0.0,373.0,8.0,72.0,198.0,62.7,29.3,332.0,7.5,3.0,164.6,turn_right_small_step,500,500,513,511,500,500,500,500,500,518,555,472,500,500,500,500,5.9,-0.8,373.8,17.3,70.3,198.8,-1.5,-72.4,198.8,3.3,-0.4,162.0
help3_right_hand_wave_turn_left_small_step_a,happy/高兴/neutral/中性,help/求助,mid,3,right_hand > wave > turn_left_small_step_a,wave,500,500,500,500,500,820,740,220,500,500,500,500,500,500,500,500,6.0,0.0,373.0,8.0,72.0,198.0,62.7,29.3,332.0,7.5,3.0,164.6,0.0,0.0,0.0,right_hand,500,500,500,500,500,660,620,420,500,500,500,500,500,500,500,500,6.0,0.0,373.0,8.0,72.0,198.0,83.2,-14.2,246.1,8.1,1.7,162.1,wave,500,500,500,500,500,820,740,220,500,500,500,500,500,500,500,500,6.0,0.0,373.0,8.0,72.0,198.0,62.7,29.3,332.0,7.5,3.0,164.6,turn_left_small_step_a,500,500,513,511,500,500,500,500,500,518,555,472,500,500,500,500,6.0,0.5,373.8,1.7,72.4,198.8,14.2,-71.0,198.8,3.3,0.3,162.0
help3_right_hand_wave_turn_right_small_step_a,happy/高兴/neutral/中性,help/求助,mid,3,right_hand > wave > turn_right_small_step_a,wave,500,500,500,500,500,820,740,220,500,500,500,500,500,500,500,500,6.0,0.0,373.0,8.0,72.0,198.0,62.7,29.3,332.0,7.5,3.0,164.6,0.0,0.0,0.0,right_hand,500,500,500,500,500,660,620,420,500,500,500,500,500,500,500,500,6.0,0.0,373.0,8.0,72.0,198.0,83.2,-14.2,246.1,8.1,1.7,162.1,wave,500,500,500,500,500,820,740,220,500,500,500,500,500,500,500,500,6.0,0.0,373.0,8.0,72.0,198.0,62.7,29.3,332.0,7.5,3.0,164.6,turn_right_small_step_a,500,500,513,511,500,500,500,500,500,518,555,472,500,500,500,500,6.0,-0.5,373.8,14.2,71.0,198.8,1.7,-72.4,198.8,3.3,-0.3,162.0
help3_left_hand_wave_turn_left_small_step,happy/高兴/neutral/中性,help/求助,mid,3,left_hand > wave > turn_left_small_step,wave,500,500,500,500,500,820,740,220,500,500,500,500,500,500,500,500,6.0,0.0,373.0,8.0,72.0,198.0,62.7,29.3,332.0,7.5,3.0,164.6,0.0,0.0,0.0,left_hand,500,500,500,500,500,500,500,500,500,500,500,500,500,340,380,580,6.0,0.0,373.0,83.2,129.8,246.1,8.0,-72.0,198.0,8.1,1.7,162.1,wave,500,500,500,500,500,820,740,220,500,500,500,500,500,500,500,500,6.0,0.0,373.0,8.0,72.0,198.0,62.7,29.3,332.0,7.5,3.0,164.6,turn_left_small_step,500,500,513,511,500,500,500,500,500,518,555,472,500,500,500,500,5.9,0.8,373.8,-1.5,72.4,198.8,17.3,-70.3,198.8,3.3,0.4,162.0
help3_left_hand_wave_turn_right_small_step,happy/高兴/neutral/中性,help/求助,mid,3,left_hand > wave > turn_right_small_step,wave,500,500,500,500,500,820,740,220,500,500,500,500,500,500,500,500,6.0,0.0,373.0,8.0,72.0,198.0,62.7,29.3,332.0,7.5,3.0,164.6,0.0,0.0,0.0,left_hand,500,500,500,500,500,500,500,500,500,500,500,500,500,340,380,580,6.0,0.0,373.0,83.2,129.8,246.1,8.0,-72.0,198.0,8.1,1.7,162.1,wave,500,500,500,500,500,820,740,220,500,500,500,500,500,500,500,500,6.0,0.0,373.0,8.0,72.0,198.0,62.7,29.3,332.0,7.5,3.0,164.6,turn_right_small_step,500,500,513,511,500,500,500,500,500,518,555,472,500,500,500,500,5.9,-0.8,373.8,17.3,70.3,198.8,-1.5,-72.4,198.8,3.3,-0.4,162.0
help3_left_hand_wave_turn_left_small_step_a,happy/高兴/neutral/中性,help/求助,mid,3,left_hand > wave > turn_left_small_step_a,wave,500,500,500,500,500,820,740,220,500,500,500,500,500,500,500,500,6.0,0.0,373.0,8.0,72.0,198.0,62.7,29.3,332.0,7.5,3.0,164.6,0.0,0.0,0.0,left_hand,500,500,500,500,500,500,500,500,500,500,500,500,500,340,380,580,6.0,0.0,373.0,83.2,129.8,246.1,8.0,-72.0,198.0,8.1,1.7,162.1,wave,500,500,500,500,500,820,740,220,500,500,500,500,500,500,500,500,6.0,0.0,373.0,8.0,72.0,198.0,62.7,29.3,332.0,7.5,3.0,164.6,turn_left_small_step_a,500,500,513,511,500,500,500,500,500,518,555,472,500,500,500,500,6.0,0.5,373.8,1.7,72.4,198.8,14.2,-71.0,198.8,3.3,0.3,162.0
help3_left_hand_wave_turn_right_small_step_a,happy/高兴/neutral/中性,help/求助,mid,3,left_hand > wave > turn_right_small_step_a,wave,500,500,500,500,500,820,740,220,500,500,500,500,500,500,500,500,6.0,0.0,373.0,8.0,72.0,198.0,62.7,29.3,332.0,7.5,3.0,164.6,0.0,0.0,0.0,left_hand,500,500,500,500,500,500,500,500,500,500,500,500,500,340,380,580,6.0,0.0,373.0,83.2,129.8,246.1,8.0,-72.0,198.0,8.1,1.7,162.1,wave,500,500,500,500,500,820,740,220,500,500,500,500,500,500,500,500,6.0,0.0,373.0,8.0,72.0,198.0,62.7,29.3,332.0,7.5,3.0,164.6,turn_right_small_step_a,500,500,513,511,500,500,500,500,500,518,555,472,500,500,500,500,6.0,-0.5,373.8,14.2,71.0,198.8,1.7,-72.4,198.8,3.3,-0.3,162.0
startleX_twist_left_move,surprised/惊讶,unknown/其他,mid,2,twist > left_move,twist,530,500,500,500,420,560,500,500,470,500,500,500,580,440,500,500,6.0,0.0,363.6,37.8,72.0,192.3,37.8,-72.0,192.3,7.7,-21.7,154.9,0.0,0.0,0.0,twist,530,500,500,500,420,560,500,500,470,500,500,500,580,440,500,500,6.0,0.0,363.6,37.8,72.0,192.3,37.8,-72.0,192.3,7.7,-21.7,154.9,left_move,518,500,500,500,472,500,500,500,481,500,500,500,527,500,500,500,6.0,7.5,372.0,8.0,79.5,197.0,8.0,-64.5,197.0,5.9,0.4,160.0,,,,,,,,,,,,,,,,,,,,,,,,,,,,,
startleX_twist_right_move,surprised/惊讶,unknown/其他,mid,2,twist > right_move,twist,530,500,500,500,420,560,500,500,470,500,500,500,580,440,500,500,6.0,0.0,363.6,37.8,72.0,192.3,37.8,-72.0,192.3,7.7,-21.7,154.9,0.0,0.0,0.0,twist,530,500,500,500,420,560,500,500,470,500,500,500,580,440,500,500,6.0,0.0,363.6,37.8,72.0,192.3,37.8,-72.0,192.3,7.7,-21.7,154.9,right_move,481,500,500,500,527,500,500,500,518,500,500,500,472,500,500,500,6.0,-7.5,372.0,8.0,64.5,197.0,8.0,-79.5,197.0,5.9,-0.4,160.0,,,,,,,,,,,,,,,,,,,,,,,,,,,,,
startleX_twist_right_move_10,surprised/惊讶,unknown/其他,mid,2,twist > right_move_10,twist,530,500,500,500,420,560,500,500,470,500,500,500,580,440,500,500,6.0,0.0,363.6,37.8,72.0,192.3,37.8,-72.0,192.3,7.7,-21.7,154.9,0.0,0.0,0.0,twist,530,500,500,500,420,560,500,500,470,500,500,500,580,440,500,500,6.0,0.0,363.6,37.8,72.0,192.3,37.8,-72.0,192.3,7.7,-21.7,154.9,right_move_10,481,500,500,500,527,500,500,500,518,500,500,500,472,500,500,500,6.0,-5.0,372.0,8.0,67.0,197.0,8.0,-77.0,197.0,5.9,2.1,160.0,,,,,,,,,,,,,,,,,,,,,,,,,,,,,
startleX_twist_left_move_20,surprised/惊讶,unknown/其他,mid,2,twist > left_move_20,twist,530,500,500,500,420,560,500,500,470,500,500,500,580,440,500,500,6.0,0.0,363.6,37.8,72.0,192.3,37.8,-72.0,192.3,7.7,-21.7,154.9,0.0,0.0,0.0,twist,530,500,500,500,420,560,500,500,470,500,500,500,580,440,500,500,6.0,0.0,363.6,37.8,72.0,192.3,37.8,-72.0,192.3,7.7,-21.7,154.9,left_move_20,518,500,500,500,472,500,500,500,481,500,500,500,527,500,500,500,6.0,10.0,372.0,8.0,82.0,197.0,8.0,-62.0,197.0,5.9,2.9,160.0,,,,,,,,,,,,,,,,,,,,,,,,,,,,,
startleX_twist_right_move_20,surprised/惊讶,unknown/其他,mid,2,twist > right_move_20,twist,530,500,500,500,420,560,500,500,470,500,500,500,580,440,500,500,6.0,0.0,363.6,37.8,72.0,192.3,37.8,-72.0,192.3,7.7,-21.7,154.9,0.0,0.0,0.0,twist,530,500,500,500,420,560,500,500,470,500,500,500,580,440,500,500,6.0,0.0,363.6,37.8,72.0,192.3,37.8,-72.0,192.3,7.7,-21.7,154.9,right_move_20,481,500,500,500,527,500,500,500,518,500,500,500,472,500,500,500,6.0,-10.0,372.0,8.0,62.0,197.0,8.0,-82.0,197.0,5.9,-2.9,160.0,,,,,,,,,,,,,,,,,,,,,,,,,,,,,
startleX_twist_turn_left_small_step,surprised/惊讶,unknown/其他,mid,2,twist > turn_left_small_step,twist,530,500,500,500,420,560,500,500,470,500,500,500,580,440,500,500,6.0,0.0,363.6,37.8,72.0,192.3,37.8,-72.0,192.3,7.7,-21.7,154.9,0.0,0.0,0.0,twist,530,500,500,500,420,560,500,500,470,500,500,500,580,440,500,500,6.0,0.0,363.6,37.8,72.0,192.3,37.8,-72.0,192.3,7.7,-21.7,154.9,turn_left_small_step,500,500,513,511,500,500,500,500,500,518,555,472,500,500,500,500,5.9,0.8,373.8,-1.5,72.4,198.8,17.3,-70.3,198.8,3.3,0.4,162.0,,,,,,,,,,,,,,,,,,,,,,,,,,,,,
startleX_twist_turn_right_small_step,surprised/惊讶,unknown/其他,mid,2,twist > turn_right_small_step,twist,530,500,500,500,420,560,500,500,470,500,500,500,580,440,500,500,6.0,0.0,363.6,37.8,72.0,192.3,37.8,-72.0,192.3,7.7,-21.7,154.9,0.0,0.0,0.0,twist,530,500,500,500,420,560,500,500,470,500,500,500,580,440,500,500,6.0,0.0,363.6,37.8,72.0,192.3,37.8,-72.0,192.3,7.7,-21.7,154.9,turn_right_small_step,500,500,513,511,500,500,500,500,500,518,555,472,500,500,500,500,5.9,-0.8,373.8,17.3,70.3,198.8,-1.5,-72.4,198.8,3.3,-0.4,162.0,,,,,,,,,,,,,,,,,,,,,,,,,,,,,
startleX_twist_turn_left_small_step_a,surprised/惊讶,unknown/其他,mid,2,twist > turn_left_small_step_a,twist,530,500,500,500,420,560,500,500,470,500,500,500,580,440,500,500,6.0,0.0,363.6,37.8,72.0,192.3,37.8,-72.0,192.3,7.7,-21.7,154.9,0.0,0.0,0.0,twist,530,500,500,500,420,560,500,500,470,500,500,500,580,440,500,500,6.0,0.0,363.6,37.8,72.0,192.3,37.8,-72.0,192.3,7.7,-21.7,154.9,turn_left_small_step_a,500,500,513,511,500,500,500,500,500,518,555,472,500,500,500,500,6.0,0.5,373.8,1.7,72.4,198.8,14.2,-71.0,198.8,3.3,0.3,162.0,,,,,,,,,,,,,,,,,,,,,,,,,,,,,
startleX_twist_turn_right_small_step_a,surprised/惊讶,unknown/其他,mid,2,twist > turn_right_small_step_a,twist,530,500,500,500,420,560,500,500,470,500,500,500,580,440,500,500,6.0,0.0,363.6,37.8,72.0,192.3,37.8,-72.0,192.3,7.7,-21.7,154.9,0.0,0.0,0.0,twist,530,500,500,500,420,560,500,500,470,500,500,500,580,440,500,500,6.0,0.0,363.6,37.8,72.0,192.3,37.8,-72.0,192.3,7.7,-21.7,154.9,turn_right_small_step_a,500,500,513,511,500,500,500,500,500,518,555,472,500,500,500,500,6.0,-0.5,373.8,14.2,71.0,198.8,1.7,-72.4,198.8,3.3,-0.3,162.0,,,,,,,,,,,,,,,,,,,,,,,,,,,,,
startleX_back_one_step_left_move,surprised/惊讶,unknown/其他,high,2,back_one_step > left_move,back_one_step,500,500,520,516,500,500,500,500,500,526,580,460,500,500,500,500,-16.5,0.0,373.6,-14.5,72.0,198.6,-14.5,-72.0,198.6,-20.3,0.0,162.4,-22.5,0.0,0.0,back_one_step,500,500,520,516,500,500,500,500,500,526,580,460,500,500,500,500,-16.5,0.0,373.6,-14.5,72.0,198.6,-14.5,-72.0,198.6,-20.3,0.0,162.4,left_move,518,500,500,500,472,500,500,500,481,500,500,500,527,500,500,500,6.0,7.5,372.0,8.0,79.5,197.0,8.0,-64.5,197.0,5.9,0.4,160.0,,,,,,,,,,,,,,,,,,,,,,,,,,,,,
startleX_back_one_step_right_move,surprised/惊讶,unknown/其他,high,2,back_one_step > right_move,back_one_step,500,500,520,516,500,500,500,500,500,526,580,460,500,500,500,500,-16.5,0.0,373.6,-14.5,72.0,198.6,-14.5,-72.0,198.6,-20.3,0.0,162.4,-22.5,0.0,0.0,back_one_step,500,500,520,516,500,500,500,500,500,526,580,460,500,500,500,500,-16.5,0.0,373.6,-14.5,72.0,198.6,-14.5,-72.0,198.6,-20.3,0.0,162.4,right_move,481,500,500,500,527,500,500,500,518,500,500,500,472,500,500,500,6.0,-7.5,372.0,8.0,64.5,197.0,8.0,-79.5,197.0,5.9,-0.4,160.0,,,,,,,,,,,,,,,,,,,,,,,,,,,,,
startleX_back_one_step_left_move_10,surprised/惊讶,unknown/其他,high,2,back_one_step > left_move_10,back_one_step,500,500,520,516,500,500,500,500,500,526,580,460,500,500,500,500,-16.5,0.0,373.6,-14.5,72.0,198.6,-14.5,-72.0,198.6,-20.3,0.0,162.4,-22.5,0.0,0.0,back_one_step,500,500,520,516,500,500,500,500,500,526,580,460,500,500,500,500,-16.5,0.0,373.6,-14.5,72.0,198.6,-14.5,-72.0,198.6,-20.3,0.0,162.4,left_move_10,518,500,500,500,472,500,500,500,481,500,500,500,527,500,500,500,6.0,5.0,372.0,8.0,77.0,197.0,8.0,-67.0,197.0,5.9,-2.1,160.0,,,,,,,,,,,,,,,,,,,,,,,,,,,,,
startleX_back_one_step_right_move_10,surprised/惊讶,unknown/其他,high,2,back_one_step > right_move_10,back_one_step,500,500,520,516,500,500,500,500,500,526,580,460,500,500,500,500,-16.5,0.0,373.6,-14.5,72.0,198.6,-14.5,-72.0,198.6,-20.3,0.0,162.4,-22.5,0.0,0.0,back_one_step,500,500,520,516,500,500,500,500,500,526,580,460,500,500,500,500,-16.5,0.0,373.6,-14.5,72.0,198.6,-14.5,-72.0,198.6,-20.3,0.0,162.4,right_move_10,481,500,500,500,527,500,500,500,518,500,500,500,472,500,500,500,6.0,-5.0,372.0,8.0,67.0,197.0,8.0,-77.0,197.0,5.9,2.1,160.0,,,,,,,,,,,,,,,,,,,,,,,,,,,,,
startleX_back_one_step_left_move_20,surprised/惊讶,unknown/其他,high,2,back_one_step > left_move_20,back_one_step,500,500,520,516,500,500,500,500,500,526,580,460,500,500,500,500,-16.5,0.0,373.6,-14.5,72.0,198.6,-14.5,-72.0,198.6,-20.3,0.0,162.4,-22.5,0.0,0.0,back_one_step,500,500,520,516,500,500,500,500,500,526,580,460,500,500,500,500,-16.5,0.0,373.6,-14.5,72.0,198.6,-14.5,-72.0,198.6,-20.3,0.0,162.4,left_move_20,518,500,500,500,472,500,500,500,481,500,500,500,527,500,500,500,6.0,10.0,372.0,8.0,82.0,197.0,8.0,-62.0,197.0,5.9,2.9,160.0,,,,,,,,,,,,,,,,,,,,,,,,,,,,,
startleX_back_one_step_right_move_20,surprised/惊讶,unknown/其他,high,2,back_one_step > right_move_20,back_one_step,500,500,520,516,500,500,500,500,500,526,580,460,500,500,500,500,-16.5,0.0,373.6,-14.5,72.0,198.6,-14.5,-72.0,198.6,-20.3,0.0,162.4,-22.5,0.0,0.0,back_one_step,500,500,520,516,500,500,500,500,500,526,580,460,500,500,500,500,-16.5,0.0,373.6,-14.5,72.0,198.6,-14.5,-72.0,198.6,-20.3,0.0,162.4,right_move_20,481,500,500,500,527,500,500,500,518,500,500,500,472,500,500,500,6.0,-10.0,372.0,8.0,62.0,197.0,8.0,-82.0,197.0,5.9,-2.9,160.0,,,,,,,,,,,,,,,,,,,,,,,,,,,,,
startleX_back_one_step_turn_left_small_step,surprised/惊讶,unknown/其他,high,2,back_one_step > turn_left_small_step,back_one_step,500,500,520,516,500,500,500,500,500,526,580,460,500,500,500,500,-16.5,0.0,373.6,-14.5,72.0,198.6,-14.5,-72.0,198.6,-20.3,0.0,162.4,-22.5,0.0,0.0,back_one_step,500,500,520,516,500,500,500,500,500,526,580,460,500,500,500,500,-16.5,0.0,373.6,-14.5,72.0,198.6,-14.5,-72.0,198.6,-20.3,0.0,162.4,turn_left_small_step,500,500,513,511,500,500,500,500,500,518,555,472,500,500,500,500,5.9,0.8,373.8,-1.5,72.4,198.8,17.3,-70.3,198.8,3.3,0.4,162.0,,,,,,,,,,,,,,,,,,,,,,,,,,,,,
startleX_back_one_step_turn_right_small_step,surprised/惊讶,unknown/其他,high,2,back_one_step > turn_right_small_step,back_one_step,500,500,520,516,500,500,500,500,500,526,580,460,500,500,500,500,-16.5,0.0,373.6,-14.5,72.0,198.6,-14.5,-72.0,198.6,-20.3,0.0,162.4,-22.5,0.0,0.0,back_one_step,500,500,520,516,500,500,500,500,500,526,580,460,500,500,500,500,-16.5,0.0,373.6,-14.5,72.0,198.6,-14.5,-72.0,198.6,-20.3,0.0,162.4,turn_right_small_step,500,500,513,511,500,500,500,500,500,518,555,472,500,500,500,500,5.9,-0.8,373.8,17.3,70.3,198.8,-1.5,-72.4,198.8,3.3,-0.4,162.0,,,,,,,,,,,,,,,,,,,,,,,,,,,,,
startleX_back_one_step_turn_left_small_step_a,surprised/惊讶,unknown/其他,high,2,back_one_step > turn_left_small_step_a,back_one_step,500,500,520,516,500,500,500,500,500,526,580,460,500,500,500,500,-16.5,0.0,373.6,-14.5,72.0,198.6,-14.5,-72.0,198.6,-20.3,0.0,162.4,-22.5,0.0,0.0,back_one_step,500,500,520,516,500,500,500,500,500,526,580,460,500,500,500,500,-16.5,0.0,373.6,-14.5,72.0,198.6,-14.5,-72.0,198.6,-20.3,0.0,162.4,turn_left_small_step_a,500,500,513,511,500,500,500,500,500,518,555,472,500,500,500,500,6.0,0.5,373.8,1.7,72.4,198.8,14.2,-71.0,198.8,3.3,0.3,162.0,,,,,,,,,,,,,,,,,,,,,,,,,,,,,
startleX_back_one_step_turn_right_small_step_a,surprised/惊讶,unknown/其他,high,2,back_one_step > turn_right_small_step_a,back_one_step,500,500,520,516,500,500,500,500,500,526,580,460,500,500,500,500,-16.5,0.0,373.6,-14.5,72.0,198.6,-14.5,-72.0,198.6,-20.3,0.0,162.4,-22.5,0.0,0.0,back_one_step,500,500,520,516,500,500,500,500,500,526,580,460,500,500,500,500,-16.5,0.0,373.6,-14.5,72.0,198.6,-14.5,-72.0,198.6,-20.3,0.0,162.4,turn_right_small_step_a,500,500,513,511,500,500,500,500,500,518,555,472,500,500,500,500,6.0,-0.5,373.8,14.2,71.0,198.8,1.7,-72.4,198.8,3.3,-0.3,162.0,,,,,,,,,,,,,,,,,,,,,,,,,,,,,
startleX_stepping_left_move,surprised/惊讶,unknown/其他,mid,2,stepping > left_move,stepping,500,500,522,518,500,500,500,500,500,530,590,455,500,500,500,500,14.0,0.0,373.5,16.0,72.0,198.5,16.0,-72.0,198.5,9.7,0.0,162.5,8.0,0.0,0.0,stepping,500,500,522,518,500,500,500,500,500,530,590,455,500,500,500,500,14.0,0.0,373.5,16.0,72.0,198.5,16.0,-72.0,198.5,9.7,0.0,162.5,left_move,518,500,500,500,472,500,500,500,481,500,500,500,527,500,500,500,6.0,7.5,372.0,8.0,79.5,197.0,8.0,-64.5,197.0,5.9,0.4,160.0,,,,,,,,,,,,,,,,,,,,,,,,,,,,,
startleX_stepping_right_move,surprised/惊讶,unknown/其他,mid,2,stepping > right_move,stepping,500,500,522,518,500,500,500,500,500,530,590,455,500,500,500,500,14.0,0.0,373.5,16.0,72.0,198.5,16.0,-72.0,198.5,9.7,0.0,162.5,8.0,0.0,0.0,stepping,500,500,522,518,500,500,500,500,500,530,590,455,500,500,500,500,14.0,0.0,373.5,16.0,72.0,198.5,16.0,-72.0,198.5,9.7,0.0,162.5,right_move,481,500,500,500,527,500,500,500,518,500,500,500,472,500,500,500,6.0,-7.5,372.0,8.0,64.5,197.0,8.0,-79.5,197.0,5.9,-0.4,160.0,,,,,,,,,,,,,,,,,,,,,,,,,,,,,
startleX_stepping_left_move_10,surprised/惊讶,unknown/其他,mid,2,stepping > left_move_10,stepping,500,500,522,518,500,500,500,500,500,530,590,455,500,500,500,500,14.0,0.0,373.5,16.0,72.0,198.5,16.0,-72.0,198.5,9.7,0.0,162.5,8.0,0.0,0.0,stepping,500,500,522,518,500,500,500,500,500,530,590,455,500,500,500,500,14.0,0.0,373.5,16.0,72.0,198.5,16.0,-72.0,198.5,9.7,0.0,162.5,left_move_10,518,500,500,500,472,500,500,500,481,500,500,500,527,500,500,500,6.0,5.0,372.0,8.0,77.0,197.0,8.0,-67.0,197.0,5.9,-2.1,160.0,,,,,,,,,,,,,,,,,,,,,,,,,,,,,
startleX_stepping_right_move_10,surprised/惊讶,unknown/其他,mid,2,stepping > right_move_10,stepping,500,500,522,518,500,500,500,500,500,530,590,455,500,500,500,500,14.0,0.0,373.5,16.0,72.0,198.5,16.0,-72.0,198.5,9.7,0.0,162.5,8.0,0.0,0.0,stepping,500,500,522,518,500,500,500,500,500,530,590,455,500,500,500,500,14.0,0.0,373.5,16.0,72.0,198.5,16.0,-72.0,198.5,9.7,0.0,162.5,right_move_10,481,500,500,500,527,500,500,500,518,500,500,500,472,500,500,500,6.0,-5.0,372.0,8.0,67.0,197.0,8.0,-77.0,197.0,5.9,2.1,160.0,,,,,,,,,,,,,,,,,,,,,,,,,,,,,
startleX_stepping_left_move_20,surprised/惊讶,unknown/其他,mid,2,stepping > left_move_20,stepping,500,500,522,518,500,500,500,500,500,530,590,455,500,500,500,500,14.0,0.0,373.5,16.0,72.0,198.5,16.0,-72.0,198.5,9.7,0.0,162.5,8.0,0.0,0.0,stepping,500,500,522,518,500,500,500,500,500,530,590,455,500,500,500,500,14.0,0.0,373.5,16.0,72.0,198.5,16.0,-72.0,198.5,9.7,0.0,162.5,left_move_20,518,500,500,500,472,500,500,500,481,500,500,500,527,500,500,500,6.0,10.0,372.0,8.0,82.0,197.0,8.0,-62.0,197.0,5.9,2.9,160.0,,,,,,,,,,,,,,,,,,,,,,,,,,,,,
startleX_stepping_right_move_20,surprised/惊讶,unknown/其他,mid,2,stepping > right_move_20,stepping,500,500,522,518,500,500,500,500,500,530,590,455,500,500,500,500,14.0,0.0,373.5,16.0,72.0,198.5,16.0,-72.0,198.5,9.7,0.0,162.5,8.0,0.0,0.0,stepping,500,500,522,518,500,500,500,500,500,530,590,455,500,500,500,500,14.0,0.0,373.5,16.0,72.0,198.5,16.0,-72.0,198.5,9.7,0.0,162.5,right_move_20,481,500,500,500,527,500,500,500,518,500,500,500,472,500,500,500,6.0,-10.0,372.0,8.0,62.0,197.0,8.0,-82.0,197.0,5.9,-2.9,160.0,,,,,,,,,,,,,,,,,,,,,,,,,,,,,
startleX_stepping_turn_left_small_step,surprised/惊讶,unknown/其他,mid,2,stepping > turn_left_small_step,stepping,500,500,522,518,500,500,500,500,500,530,590,455,500,500,500,500,14.0,0.0,373.5,16.0,72.0,198.5,16.0,-72.0,198.5,9.7,0.0,162.5,8.0,0.0,0.0,stepping,500,500,522,518,500,500,500,500,500,530,590,455,500,500,500,500,14.0,0.0,373.5,16.0,72.0,198.5,16.0,-72.0,198.5,9.7,0.0,162.5,turn_left_small_step,500,500,513,511,500,500,500,500,500,518,555,472,500,500,500,500,5.9,0.8,373.8,-1.5,72.4,198.8,17.3,-70.3,198.8,3.3,0.4,162.0,,,,,,,,,,,,,,,,,,,,,,,,,,,,,
startleX_stepping_turn_right_small_step,surprised/惊讶,unknown/其他,mid,2,stepping > turn_right_small_step,stepping,500,500,522,518,500,500,500,500,500,530,590,455,500,500,500,500,14.0,0.0,373.5,16.0,72.0,198.5,16.0,-72.0,198.5,9.7,0.0,162.5,8.0,0.0,0.0,stepping,500,500,522,518,500,500,500,500,500,530,590,455,500,500,500,500,14.0,0.0,373.5,16.0,72.0,198.5,16.0,-72.0,198.5,9.7,0.0,162.5,turn_right_small_step,500,500,513,511,500,500,500,500,500,518,555,472,500,500,500,500,5.9,-0.8,373.8,17.3,70.3,198.8,-1.5,-72.4,198.8,3.3,-0.4,162.0,,,,,,,,,,,,,,,,,,,,,,,,,,,,,
startleX_stepping_turn_left_small_step_a,surprised/惊讶,unknown/其他,mid,2,stepping > turn_left_small_step_a,stepping,500,500,522,518,500,500,500,500,500,530,590,455,500,500,500,500,14.0,0.0,373.5,16.0,72.0,198.5,16.0,-72.0,198.5,9.7,0.0,162.5,8.0,0.0,0.0,stepping,500,500,522,518,500,500,500,500,500,530,590,455,500,500,500,500,14.0,0.0,373.5,16.0,72.0,198.5,16.0,-72.0,198.5,9.7,0.0,162.5,turn_left_small_step_a,500,500,513,511,500,500,500,500,500,518,555,472,500,500,500,500,6.0,0.5,373.8,1.7,72.4,198.8,14.2,-71.0,198.8,3.3,0.3,162.0,,,,,,,,,,,,,,,,,,,,,,,,,,,,,
startleX_stepping_turn_right_small_step_a,surprised/惊讶,unknown/其他,mid,2,stepping > turn_right_small_step_a,stepping,500,500,522,518,500,500,500,500,500,530,590,455,500,500,500,500,14.0,0.0,373.5,16.0,72.0,198.5,16.0,-72.0,198.5,9.7,0.0,162.5,8.0,0.0,0.0,stepping,500,500,522,518,500,500,500,500,500,530,590,455,500,500,500,500,14.0,0.0,373.5,16.0,72.0,198.5,16.0,-72.0,198.5,9.7,0.0,162.5,turn_right_small_step_a,500,500,513,511,500,500,500,500,500,518,555,472,500,500,500,500,6.0,-0.5,373.8,14.2,71.0,198.8,1.7,-72.4,198.8,3.3,-0.3,162.0,,,,,,,,,,,,,,,,,,,,,,,,,,,,,
startleX_stepping_back_one_step,surprised/惊讶,unknown/其他,high,2,stepping > back_one_step,stepping,500,500,522,518,500,500,500,500,500,530,590,455,500,500,500,500,14.0,0.0,373.5,16.0,72.0,198.5,16.0,-72.0,198.5,9.7,0.0,162.5,8.0,0.0,0.0,stepping,500,500,522,518,500,500,500,500,500,530,590,455,500,500,500,500,14.0,0.0,373.5,16.0,72.0,198.5,16.0,-72.0,198.5,9.7,0.0,162.5,back_one_step,500,500,520,516,500,500,500,500,500,526,580,460,500,500,500,500,-16.5,0.0,373.6,-14.5,72.0,198.6,-14.5,-72.0,198.6,-20.3,0.0,162.4,,,,,,,,,,,,,,,,,,,,,,,,,,,,,
startle3_left_move_twist_stand_slow,surprised/惊讶,unknown/其他,low,3,left_move > twist > stand_slow,twist,530,500,500,500,420,560,500,500,470,500,500,500,580,440,500,500,6.0,0.0,363.6,37.8,72.0,192.3,37.8,-72.0,192.3,7.7,-21.7,154.9,0.0,0.0,0.0,left_move,518,500,500,500,472,500,500,500,481,500,500,500,527,500,500,500,6.0,7.5,372.0,8.0,79.5,197.0,8.0,-64.5,197.0,5.9,0.4,160.0,twist,530,500,500,500,420,560,500,500,470,500,500,500,580,440,500,500,6.0,0.0,363.6,37.8,72.0,192.3,37.8,-72.0,192.3,7.7,-21.7,154.9,stand_slow,500,500,500,500,500,500,500,500,500,500,500,500,500,500,500,500,6.0,0.0,373.0,8.0,72.0,198.0,8.0,-72.0,198.0,5.9,0.0,160.6
startle3_twist_right_move_stand_slow,surprised/惊讶/neutral/中性,unknown/其他,low,3,twist > right_move > stand_slow,twist,530,500,500,500,420,560,500,500,470,500,500,500,580,440,500,500,6.0,0.0,363.6,37.8,72.0,192.3,37.8,-72.0,192.3,7.7,-21.7,154.9,0.0,0.0,0.0,twist,530,500,500,500,420,560,500,500,470,500,500,500,580,440,500,500,6.0,0.0,363.6,37.8,72.0,192.3,37.8,-72.0,192.3,7.7,-21.7,154.9,right_move,481,500,500,500,527,500,500,500,518,500,500,500,472,500,500,500,6.0,-7.5,372.0,8.0,64.5,197.0,8.0,-79.5,197.0,5.9,-0.4,160.0,stand_slow,500,500,500,500,500,500,500,500,500,500,500,500,500,500,500,500,6.0,0.0,373.0,8.0,72.0,198.0,8.0,-72.0,198.0,5.9,0.0,160.6
startle3_right_move_twist_stand_slow,surprised/惊讶,unknown/其他,low,3,right_move > twist > stand_slow,twist,530,500,500,500,420,560,500,500,470,500,500,500,580,440,500,500,6.0,0.0,363.6,37.8,72.0,192.3,37.8,-72.0,192.3,7.7,-21.7,154.9,0.0,0.0,0.0,right_move,481,500,500,500,527,500,500,500,518,500,500,500,472,500,500,500,6.0,-7.5,372.0,8.0,64.5,197.0,8.0,-79.5,197.0,5.9,-0.4,160.0,twist,530,500,500,500,420,560,500,500,470,500,500,500,580,440,500,500,6.0,0.0,363.6,37.8,72.0,192.3,37.8,-72.0,192.3,7.7,-21.7,154.9,stand_slow,500,500,500,500,500,500,500,500,500,500,500,500,500,500,500,500,6.0,0.0,373.0,8.0,72.0,198.0,8.0,-72.0,198.0,5.9,0.0,160.6
startle3_twist_left_move_10_stand_slow,surprised/惊讶/neutral/中性,unknown/其他,low,3,twist > left_move_10 > stand_slow,twist,530,500,500,500,420,560,500,500,470,500,500,500,580,440,500,500,6.0,0.0,363.6,37.8,72.0,192.3,37.8,-72.0,192.3,7.7,-21.7,154.9,0.0,0.0,0.0,twist,530,500,500,500,420,560,500,500,470,500,500,500,580,440,500,500,6.0,0.0,363.6,37.8,72.0,192.3,37.8,-72.0,192.3,7.7,-21.7,154.9,left_move_10,518,500,500,500,472,500,500,500,481,500,500,500,527,500,500,500,6.0,5.0,372.0,8.0,77.0,197.0,8.0,-67.0,197.0,5.9,-2.1,160.0,stand_slow,500,500,500,500,500,500,500,500,500,500,500,500,500,500,500,500,6.0,0.0,373.0,8.0,72.0,198.0,8.0,-72.0,198.0,5.9,0.0,160.6
startle3_left_move_10_twist_stand_slow,surprised/惊讶,unknown/其他,low,3,left_move_10 > twist > stand_slow,twist,530,500,500,500,420,560,500,500,470,500,500,500,580,440,500,500,6.0,0.0,363.6,37.8,72.0,192.3,37.8,-72.0,192.3,7.7,-21.7,154.9,0.0,0.0,0.0,left_move_10,518,500,500,500,472,500,500,500,481,500,500,500,527,500,500,500,6.0,5.0,372.0,8.0,77.0,197.0,8.0,-67.0,197.0,5.9,-2.1,160.0,twist,530,500,500,500,420,560,500,500,470,500,500,500,580,440,500,500,6.0,0.0,363.6,37.8,72.0,192.3,37.8,-72.0,192.3,7.7,-21.7,154.9,stand_slow,500,500,500,500,500,500,500,500,500,500,500,500,500,500,500,500,6.0,0.0,373.0,8.0,72.0,198.0,8.0,-72.0,198.0,5.9,0.0,160.6
startle3_twist_right_move_10_stand_slow,surprised/惊讶/neutral/中性,unknown/其他,low,3,twist > right_move_10 > stand_slow,twist,530,500,500,500,420,560,500,500,470,500,500,500,580,440,500,500,6.0,0.0,363.6,37.8,72.0,192.3,37.8,-72.0,192.3,7.7,-21.7,154.9,0.0,0.0,0.0,twist,530,500,500,500,420,560,500,500,470,500,500,500,580,440,500,500,6.0,0.0,363.6,37.8,72.0,192.3,37.8,-72.0,192.3,7.7,-21.7,154.9,right_move_10,481,500,500,500,527,500,500,500,518,500,500,500,472,500,500,500,6.0,-5.0,372.0,8.0,67.0,197.0,8.0,-77.0,197.0,5.9,2.1,160.0,stand_slow,500,500,500,500,500,500,500,500,500,500,500,500,500,500,500,500,6.0,0.0,373.0,8.0,72.0,198.0,8.0,-72.0,198.0,5.9,0.0,160.6
startle3_right_move_10_twist_stand_slow,surprised/惊讶,unknown/其他,low,3,right_move_10 > twist > stand_slow,twist,530,500,500,500,420,560,500,500,470,500,500,500,580,440,500,500,6.0,0.0,363.6,37.8,72.0,192.3,37.8,-72.0,192.3,7.7,-21.7,154.9,0.0,0.0,0.0,right_move_10,481,500,500,500,527,500,500,500,518,500,500,500,472,500,500,500,6.0,-5.0,372.0,8.0,67.0,197.0,8.0,-77.0,197.0,5.9,2.1,160.0,twist,530,500,500,500,420,560,500,500,470,500,500,500,580,440,500,500,6.0,0.0,363.6,37.8,72.0,192.3,37.8,-72.0,192.3,7.7,-21.7,154.9,stand_slow,500,500,500,500,500,500,500,500,500,500,500,500,500,500,500,500,6.0,0.0,373.0,8.0,72.0,198.0,8.0,-72.0,198.0,5.9,0.0,160.6
startle3_twist_left_move_20_stand_slow,surprised/惊讶/neutral/中性,unknown/其他,low,3,twist > left_move_20 > stand_slow,twist,530,500,500,500,420,560,500,500,470,500,500,500,580,440,500,500,6.0,0.0,363.6,37.8,72.0,192.3,37.8,-72.0,192.3,7.7,-21.7,154.9,0.0,0.0,0.0,twist,530,500,500,500,420,560,500,500,470,500,500,500,580,440,500,500,6.0,0.0,363.6,37.8,72.0,192.3,37.8,-72.0,192.3,7.7,-21.7,154.9,left_move_20,518,500,500,500,472,500,500,500,481,500,500,500,527,500,500,500,6.0,10.0,372.0,8.0,82.0,197.0,8.0,-62.0,197.0,5.9,2.9,160.0,stand_slow,500,500,500,500,500,500,500,500,500,500,500,500,500,500,500,500,6.0,0.0,373.0,8.0,72.0,198.0,8.0,-72.0,198.0,5.9,0.0,160.6
startle3_left_move_20_twist_stand_slow,surprised/惊讶,unknown/其他,low,3,left_move_20 > twist > stand_slow,twist,530,500,500,500,420,560,500,500,470,500,500,500,580,440,500,500,6.0,0.0,363.6,37.8,72.0,192.3,37.8,-72.0,192.3,7.7,-21.7,154.9,0.0,0.0,0.0,left_move_20,518,500,500,500,472,500,500,500,481,500,500,500,527,500,500,500,6.0,10.0,372.0,8.0,82.0,197.0,8.0,-62.0,197.0,5.9,2.9,160.0,twist,530,500,500,500,420,560,500,500,470,500,500,500,580,440,500,500,6.0,0.0,363.6,37.8,72.0,192.3,37.8,-72.0,192.3,7.7,-21.7,154.9,stand_slow,500,500,500,500,500,500,500,500,500,500,500,500,500,500,500,500,6.0,0.0,373.0,8.0,72.0,198.0,8.0,-72.0,198.0,5.9,0.0,160.6
startle3_twist_right_move_20_stand_slow,surprised/惊讶/neutral/中性,unknown/其他,low,3,twist > right_move_20 > stand_slow,twist,530,500,500,500,420,560,500,500,470,500,500,500,580,440,500,500,6.0,0.0,363.6,37.8,72.0,192.3,37.8,-72.0,192.3,7.7,-21.7,154.9,0.0,0.0,0.0,twist,530,500,500,500,420,560,500,500,470,500,500,500,580,440,500,500,6.0,0.0,363.6,37.8,72.0,192.3,37.8,-72.0,192.3,7.7,-21.7,154.9,right_move_20,481,500,500,500,527,500,500,500,518,500,500,500,472,500,500,500,6.0,-10.0,372.0,8.0,62.0,197.0,8.0,-82.0,197.0,5.9,-2.9,160.0,stand_slow,500,500,500,500,500,500,500,500,500,500,500,500,500,500,500,500,6.0,0.0,373.0,8.0,72.0,198.0,8.0,-72.0,198.0,5.9,0.0,160.6
startle3_right_move_20_twist_stand_slow,surprised/惊讶,unknown/其他,low,3,right_move_20 > twist > stand_slow,twist,530,500,500,500,420,560,500,500,470,500,500,500,580,440,500,500,6.0,0.0,363.6,37.8,72.0,192.3,37.8,-72.0,192.3,7.7,-21.7,154.9,0.0,0.0,0.0,right_move_20,481,500,500,500,527,500,500,500,518,500,500,500,472,500,500,500,6.0,-10.0,372.0,8.0,62.0,197.0,8.0,-82.0,197.0,5.9,-2.9,160.0,twist,530,500,500,500,420,560,500,500,470,500,500,500,580,440,500,500,6.0,0.0,363.6,37.8,72.0,192.3,37.8,-72.0,192.3,7.7,-21.7,154.9,stand_slow,500,500,500,500,500,500,500,500,500,500,500,500,500,500,500,500,6.0,0.0,373.0,8.0,72.0,198.0,8.0,-72.0,198.0,5.9,0.0,160.6
startle3_twist_turn_left_small_step_stand_slow,surprised/惊讶/neutral/中性,unknown/其他,low,3,twist > turn_left_small_step > stand_slow,twist,530,500,500,500,420,560,500,500,470,500,500,500,580,440,500,500,6.0,0.0,363.6,37.8,72.0,192.3,37.8,-72.0,192.3,7.7,-21.7,154.9,0.0,0.0,0.0,twist,530,500,500,500,420,560,500,500,470,500,500,500,580,440,500,500,6.0,0.0,363.6,37.8,72.0,192.3,37.8,-72.0,192.3,7.7,-21.7,154.9,turn_left_small_step,500,500,513,511,500,500,500,500,500,518,555,472,500,500,500,500,5.9,0.8,373.8,-1.5,72.4,198.8,17.3,-70.3,198.8,3.3,0.4,162.0,stand_slow,500,500,500,500,500,500,500,500,500,500,500,500,500,500,500,500,6.0,0.0,373.0,8.0,72.0,198.0,8.0,-72.0,198.0,5.9,0.0,160.6
startle3_turn_left_small_step_twist_stand_slow,surprised/惊讶,unknown/其他,low,3,turn_left_small_step > twist > stand_slow,twist,530,500,500,500,420,560,500,500,470,500,500,500,580,440,500,500,6.0,0.0,363.6,37.8,72.0,192.3,37.8,-72.0,192.3,7.7,-21.7,154.9,0.0,0.0,0.0,turn_left_small_step,500,500,513,511,500,500,500,500,500,518,555,472,500,500,500,500,5.9,0.8,373.8,-1.5,72.4,198.8,17.3,-70.3,198.8,3.3,0.4,162.0,twist,530,500,500,500,420,560,500,500,470,500,500,500,580,440,500,500,6.0,0.0,363.6,37.8,72.0,192.3,37.8,-72.0,192.3,7.7,-21.7,154.9,stand_slow,500,500,500,500,500,500,500,500,500,500,500,500,500,500,500,500,6.0,0.0,373.0,8.0,72.0,198.0,8.0,-72.0,198.0,5.9,0.0,160.6
startle3_twist_turn_right_small_step_stand_slow,surprised/惊讶/neutral/中性,unknown/其他,low,3,twist > turn_right_small_step > stand_slow,twist,530,500,500,500,420,560,500,500,470,500,500,500,580,440,500,500,6.0,0.0,363.6,37.8,72.0,192.3,37.8,-72.0,192.3,7.7,-21.7,154.9,0.0,0.0,0.0,twist,530,500,500,500,420,560,500,500,470,500,500,500,580,440,500,500,6.0,0.0,363.6,37.8,72.0,192.3,37.8,-72.0,192.3,7.7,-21.7,154.9,turn_right_small_step,500,500,513,511,500,500,500,500,500,518,555,472,500,500,500,500,5.9,-0.8,373.8,17.3,70.3,198.8,-1.5,-72.4,198.8,3.3,-0.4,162.0,stand_slow,500,500,500,500,500,500,500,500,500,500,500,500,500,500,500,500,6.0,0.0,373.0,8.0,72.0,198.0,8.0,-72.0,198.0,5.9,0.0,160.6
startle3_turn_right_small_step_twist_stand_slow,surprised/惊讶,unknown/其他,low,3,turn_right_small_step > twist > stand_slow,twist,530,500,500,500,420,560,500,500,470,500,500,500,580,440,500,500,6.0,0.0,363.6,37.8,72.0,192.3,37.8,-72.0,192.3,7.7,-21.7,154.9,0.0,0.0,0.0,turn_right_small_step,500,500,513,511,500,500,500,500,500,518,555,472,500,500,500,500,5.9,-0.8,373.8,17.3,70.3,198.8,-1.5,-72.4,198.8,3.3,-0.4,162.0,twist,530,500,500,500,420,560,500,500,470,500,500,500,580,440,500,500,6.0,0.0,363.6,37.8,72.0,192.3,37.8,-72.0,192.3,7.7,-21.7,154.9,stand_slow,500,500,500,500,500,500,500,500,500,500,500,500,500,500,500,500,6.0,0.0,373.0,8.0,72.0,198.0,8.0,-72.0,198.0,5.9,0.0,160.6
startle3_twist_turn_left_small_step_a_stand_slow,surprised/惊讶/neutral/中性,unknown/其他,low,3,twist > turn_left_small_step_a > stand_slow,twist,530,500,500,500,420,560,500,500,470,500,500,500,580,440,500,500,6.0,0.0,363.6,37.8,72.0,192.3,37.8,-72.0,192.3,7.7,-21.7,154.9,0.0,0.0,0.0,twist,530,500,500,500,420,560,500,500,470,500,500,500,580,440,500,500,6.0,0.0,363.6,37.8,72.0,192.3,37.8,-72.0,192.3,7.7,-21.7,154.9,turn_left_small_step_a,500,500,513,511,500,500,500,500,500,518,555,472,500,500,500,500,6.0,0.5,373.8,1.7,72.4,198.8,14.2,-71.0,198.8,3.3,0.3,162.0,stand_slow,500,500,500,500,500,500,500,500,500,500,500,500,500,500,500,500,6.0,0.0,373.0,8.0,72.0,198.0,8.0,-72.0,198.0,5.9,0.0,160.6
startle3_turn_left_small_step_a_twist_stand_slow,surprised/惊讶,unknown/其他,low,3,turn_left_small_step_a > twist > stand_slow,twist,530,500,500,500,420,560,500,500,470,500,500,500,580,440,500,500,6.0,0.0,363.6,37.8,72.0,192.3,37.8,-72.0,192.3,7.7,-21.7,154.9,0.0,0.0,0.0,turn_left_small_step_a,500,500,513,511,500,500,500,500,500,518,555,472,500,500,500,500,6.0,0.5,373.8,1.7,72.4,198.8,14.2,-71.0,198.8,3.3,0.3,162.0,twist,530,500,500,500,420,560,500,500,470,500,500,500,580,440,500,500,6.0,0.0,363.6,37.8,72.0,192.3,37.8,-72.0,192.3,7.7,-21.7,154.9,stand_slow,500,500,500,500,500,500,500,500,500,500,500,500,500,500,500,500,6.0,0.0,373.0,8.0,72.0,198.0,8.0,-72.0,198.0,5.9,0.0,160.6
startle3_twist_turn_right_small_step_a_stand_slow,surprised/惊讶/neutral/中性,unknown/其他,low,3,twist > turn_right_small_step_a > stand_slow,twist,530,500,500,500,420,560,500,500,470,500,500,500,580,440,500,500,6.0,0.0,363.6,37.8,72.0,192.3,37.8,-72.0,192.3,7.7,-21.7,154.9,0.0,0.0,0.0,twist,530,500,500,500,420,560,500,500,470,500,500,500,580,440,500,500,6.0,0.0,363.6,37.8,72.0,192.3,37.8,-72.0,192.3,7.7,-21.7,154.9,turn_right_small_step_a,500,500,513,511,500,500,500,500,500,518,555,472,500,500,500,500,6.0,-0.5,373.8,14.2,71.0,198.8,1.7,-72.4,198.8,3.3,-0.3,162.0,stand_slow,500,500,500,500,500,500,500,500,500,500,500,500,500,500,500,500,6.0,0.0,373.0,8.0,72.0,198.0,8.0,-72.0,198.0,5.9,0.0,160.6
startle3_turn_right_small_step_a_twist_stand_slow,surprised/惊讶,unknown/其他,low,3,turn_right_small_step_a > twist > stand_slow,twist,530,500,500,500,420,560,500,500,470,500,500,500,580,440,500,500,6.0,0.0,363.6,37.8,72.0,192.3,37.8,-72.0,192.3,7.7,-21.7,154.9,0.0,0.0,0.0,turn_right_small_step_a,500,500,513,511,500,500,500,500,500,518,555,472,500,500,500,500,6.0,-0.5,373.8,14.2,71.0,198.8,1.7,-72.4,198.8,3.3,-0.3,162.0,twist,530,500,500,500,420,560,500,500,470,500,500,500,580,440,500,500,6.0,0.0,363.6,37.8,72.0,192.3,37.8,-72.0,192.3,7.7,-21.7,154.9,stand_slow,500,500,500,500,500,500,500,500,500,500,500,500,500,500,500,500,6.0,0.0,373.0,8.0,72.0,198.0,8.0,-72.0,198.0,5.9,0.0,160.6
startle3_go_hand_up_twist_back_one_step,surprised/惊讶,unknown/其他,high,3,go_hand_up > twist > back_one_step,go_hand_up,500,500,500,500,500,820,740,350,500,500,500,500,500,180,260,650,6.0,0.0,373.0,70.0,173.3,319.7,70.0,29.3,319.7,9.6,6.1,167.9,0.0,0.0,0.0,go_hand_up,500,500,500,500,500,820,740,350,500,500,500,500,500,180,260,650,6.0,0.0,373.0,70.0,173.3,319.7,70.0,29.3,319.7,9.6,6.1,167.9,twist,530,500,500,500,420,560,500,500,470,500,500,500,580,440,500,500,6.0,0.0,363.6,37.8,72.0,192.3,37.8,-72.0,192.3,7.7,-21.7,154.9,back_one_step,500,500,520,516,500,500,500,500,500,526,580,460,500,500,500,500,-16.5,0.0,373.6,-14.5,72.0,198.6,-14.5,-72.0,198.6,-20.3,0.0,162.4
startle3_go_hand_up1_twist_back_one_step,surprised/惊讶,unknown/其他,high,3,go_hand_up1 > twist > back_one_step,go_hand_up1,500,500,500,500,500,820,740,350,500,500,500,500,500,180,260,650,6.0,0.0,373.0,70.0,173.3,319.7,70.0,29.3,319.7,9.6,6.1,167.9,0.0,0.0,0.0,go_hand_up1,500,500,500,500,500,820,740,350,500,500,500,500,500,180,260,650,6.0,0.0,373.0,70.0,173.3,319.7,70.0,29.3,319.7,9.6,6.1,167.9,twist,530,500,500,500,420,560,500,500,470,500,500,500,580,440,500,500,6.0,0.0,363.6,37.8,72.0,192.3,37.8,-72.0,192.3,7.7,-21.7,154.9,back_one_step,500,500,520,516,500,500,500,500,500,526,580,460,500,500,500,500,-16.5,0.0,373.6,-14.5,72.0,198.6,-14.5,-72.0,198.6,-20.3,0.0,162.4
startle3_left_hand_twist_back_one_step,surprised/惊讶,unknown/其他,high,3,left_hand > twist > back_one_step,left_hand,500,500,500,500,500,500,500,500,500,500,500,500,500,340,380,580,6.0,0.0,373.0,83.2,129.8,246.1,8.0,-72.0,198.0,8.1,1.7,162.1,0.0,0.0,0.0,left_hand,500,500,500,500,500,500,500,500,500,500,500,500,500,340,380,580,6.0,0.0,373.0,83.2,129.8,246.1,8.0,-72.0,198.0,8.1,1.7,162.1,twist,530,500,500,500,420,560,500,500,470,500,500,500,580,440,500,500,6.0,0.0,363.6,37.8,72.0,192.3,37.8,-72.0,192.3,7.7,-21.7,154.9,back_one_step,500,500,520,516,500,500,500,500,500,526,580,460,500,500,500,500,-16.5,0.0,373.6,-14.5,72.0,198.6,-14.5,-72.0,198.6,-20.3,0.0,162.4
idleX_left_move_stand_slow,neutral/中性,unknown/其他,low,2,left_move > stand_slow,left_move,518,500,500,500,472,500,500,500,481,500,500,500,527,500,500,500,6.0,7.5,372.0,8.0,79.5,197.0,8.0,-64.5,197.0,5.9,0.4,160.0,0.0,7.5,0.0,left_move,518,500,500,500,472,500,500,500,481,500,500,500,527,500,500,500,6.0,7.5,372.0,8.0,79.5,197.0,8.0,-64.5,197.0,5.9,0.4,160.0,stand_slow,500,500,500,500,500,500,500,500,500,500,500,500,500,500,500,500,6.0,0.0,373.0,8.0,72.0,198.0,8.0,-72.0,198.0,5.9,0.0,160.6,,,,,,,,,,,,,,,,,,,,,,,,,,,,,
idleX_left_move_twist,neutral/中性/happy/高兴,unknown/其他,low,2,left_move > twist,twist,530,500,500,500,420,560,500,500,470,500,500,500,580,440,500,500,6.0,0.0,363.6,37.8,72.0,192.3,37.8,-72.0,192.3,7.7,-21.7,154.9,0.0,0.0,0.0,left_move,518,500,500,500,472,500,500,500,481,500,500,500,527,500,500,500,6.0,7.5,372.0,8.0,79.5,197.0,8.0,-64.5,197.0,5.9,0.4,160.0,twist,530,500,500,500,420,560,500,500,470,500,500,500,580,440,500,500,6.0,0.0,363.6,37.8,72.0,192.3,37.8,-72.0,192.3,7.7,-21.7,154.9,,,,,,,,,,,,,,,,,,,,,,,,,,,,,
idleX_right_move_stand_slow,neutral/中性,unknown/其他,low,2,right_move > stand_slow,right_move,481,500,500,500,527,500,500,500,518,500,500,500,472,500,500,500,6.0,-7.5,372.0,8.0,64.5,197.0,8.0,-79.5,197.0,5.9,-0.4,160.0,0.0,-7.5,0.0,right_move,481,500,500,500,527,500,500,500,518,500,500,500,472,500,500,500,6.0,-7.5,372.0,8.0,64.5,197.0,8.0,-79.5,197.0,5.9,-0.4,160.0,stand_slow,500,500,500,500,500,500,500,500,500,500,500,500,500,500,500,500,6.0,0.0,373.0,8.0,72.0,198.0,8.0,-72.0,198.0,5.9,0.0,160.6,,,,,,,,,,,,,,,,,,,,,,,,,,,,,
idleX_right_move_twist,neutral/中性/happy/高兴,unknown/其他,low,2,right_move > twist,twist,530,500,500,500,420,560,500,500,470,500,500,500,580,440,500,500,6.0,0.0,363.6,37.8,72.0,192.3,37.8,-72.0,192.3,7.7,-21.7,154.9,0.0,0.0,0.0,right_move,481,500,500,500,527,500,500,500,518,500,500,500,472,500,500,500,6.0,-7.5,372.0,8.0,64.5,197.0,8.0,-79.5,197.0,5.9,-0.4,160.0,twist,530,500,500,500,420,560,500,500,470,500,500,500,580,440,500,500,6.0,0.0,363.6,37.8,72.0,192.3,37.8,-72.0,192.3,7.7,-21.7,154.9,,,,,,,,,,,,,,,,,,,,,,,,,,,,,
idleX_left_move_10_twist,neutral/中性/happy/高兴,unknown/其他,low,2,left_move_10 > twist,twist,530,500,500,500,420,560,500,500,470,500,500,500,580,440,500,500,6.0,0.0,363.6,37.8,72.0,192.3,37.8,-72.0,192.3,7.7,-21.7,154.9,0.0,0.0,0.0,left_move_10,518,500,500,500,472,500,500,500,481,500,500,500,527,500,500,500,6.0,5.0,372.0,8.0,77.0,197.0,8.0,-67.0,197.0,5.9,-2.1,160.0,twist,530,500,500,500,420,560,500,500,470,500,500,500,580,440,500,500,6.0,0.0,363.6,37.8,72.0,192.3,37.8,-72.0,192.3,7.7,-21.7,154.9,,,,,,,,,,,,,,,,,,,,,,,,,,,,,
idleX_left_move_20_stand_slow,neutral/中性,unknown/其他,low,2,left_move_20 > stand_slow,left_move_20,518,500,500,500,472,500,500,500,481,500,500,500,527,500,500,500,6.0,10.0,372.0,8.0,82.0,197.0,8.0,-62.0,197.0,5.9,2.9,160.0,0.0,10.0,0.0,left_move_20,518,500,500,500,472,500,500,500,481,500,500,500,527,500,500,500,6.0,10.0,372.0,8.0,82.0,197.0,8.0,-62.0,197.0,5.9,2.9,160.0,stand_slow,500,500,500,500,500,500,500,500,500,500,500,500,500,500,500,500,6.0,0.0,373.0,8.0,72.0,198.0,8.0,-72.0,198.0,5.9,0.0,160.6,,,,,,,,,,,,,,,,,,,,,,,,,,,,,
idleX_left_move_20_twist,neutral/中性/happy/高兴,unknown/其他,low,2,left_move_20 > twist,twist,530,500,500,500,420,560,500,500,470,500,500,500,580,440,500,500,6.0,0.0,363.6,37.8,72.0,192.3,37.8,-72.0,192.3,7.7,-21.7,154.9,0.0,0.0,0.0,left_move_20,518,500,500,500,472,500,500,500,481,500,500,500,527,500,500,500,6.0,10.0,372.0,8.0,82.0,197.0,8.0,-62.0,197.0,5.9,2.9,160.0,twist,530,500,500,500,420,560,500,500,470,500,500,500,580,440,500,500,6.0,0.0,363.6,37.8,72.0,192.3,37.8,-72.0,192.3,7.7,-21.7,154.9,,,,,,,,,,,,,,,,,,,,,,,,,,,,,
idleX_right_move_20_stand_slow,neutral/中性,unknown/其他,low,2,right_move_20 > stand_slow,right_move_20,481,500,500,500,527,500,500,500,518,500,500,500,472,500,500,500,6.0,-10.0,372.0,8.0,62.0,197.0,8.0,-82.0,197.0,5.9,-2.9,160.0,0.0,-10.0,0.0,right_move_20,481,500,500,500,527,500,500,500,518,500,500,500,472,500,500,500,6.0,-10.0,372.0,8.0,62.0,197.0,8.0,-82.0,197.0,5.9,-2.9,160.0,stand_slow,500,500,500,500,500,500,500,500,500,500,500,500,500,500,500,500,6.0,0.0,373.0,8.0,72.0,198.0,8.0,-72.0,198.0,5.9,0.0,160.6,,,,,,,,,,,,,,,,,,,,,,,,,,,,,
idleX_right_move_20_twist,neutral/中性/happy/高兴,unknown/其他,low,2,right_move_20 > twist,twist,530,500,500,500,420,560,500,500,470,500,500,500,580,440,500,500,6.0,0.0,363.6,37.8,72.0,192.3,37.8,-72.0,192.3,7.7,-21.7,154.9,0.0,0.0,0.0,right_move_20,481,500,500,500,527,500,500,500,518,500,500,500,472,500,500,500,6.0,-10.0,372.0,8.0,62.0,197.0,8.0,-82.0,197.0,5.9,-2.9,160.0,twist,530,500,500,500,420,560,500,500,470,500,500,500,580,440,500,500,6.0,0.0,363.6,37.8,72.0,192.3,37.8,-72.0,192.3,7.7,-21.7,154.9,,,,,,,,,,,,,,,,,,,,,,,,,,,,,
idleX_turn_right_small_step_twist,neutral/中性/happy/高兴,unknown/其他,low,2,turn_right_small_step > twist,twist,530,500,500,500,420,560,500,500,470,500,500,500,580,440,500,500,6.0,0.0,363.6,37.8,72.0,192.3,37.8,-72.0,192.3,7.7,-21.7,154.9,0.0,0.0,0.0,turn_right_small_step,500,500,513,511,500,500,500,500,500,518,555,472,500,500,500,500,5.9,-0.8,373.8,17.3,70.3,198.8,-1.5,-72.4,198.8,3.3,-0.4,162.0,twist,530,500,500,500,420,560,500,500,470,500,500,500,580,440,500,500,6.0,0.0,363.6,37.8,72.0,192.3,37.8,-72.0,192.3,7.7,-21.7,154.9,,,,,,,,,,,,,,,,,,,,,,,,,,,,,
idleX_turn_left_small_step_a_stand_slow,neutral/中性,unknown/其他,low,2,turn_left_small_step_a > stand_slow,turn_left_small_step_a,500,500,513,511,500,500,500,500,500,518,555,472,500,500,500,500,6.0,0.5,373.8,1.7,72.4,198.8,14.2,-71.0,198.8,3.3,0.3,162.0,0.0,0.0,5.0,turn_left_small_step_a,500,500,513,511,500,500,500,500,500,518,555,472,500,500,500,500,6.0,0.5,373.8,1.7,72.4,198.8,14.2,-71.0,198.8,3.3,0.3,162.0,stand_slow,500,500,500,500,500,500,500,500,500,500,500,500,500,500,500,500,6.0,0.0,373.0,8.0,72.0,198.0,8.0,-72.0,198.0,5.9,0.0,160.6,,,,,,,,,,,,,,,,,,,,,,,,,,,,,
idleX_turn_left_small_step_a_twist,neutral/中性/happy/高兴,unknown/其他,low,2,turn_left_small_step_a > twist,twist,530,500,500,500,420,560,500,500,470,500,500,500,580,440,500,500,6.0,0.0,363.6,37.8,72.0,192.3,37.8,-72.0,192.3,7.7,-21.7,154.9,0.0,0.0,0.0,turn_left_small_step_a,500,500,513,511,500,500,500,500,500,518,555,472,500,500,500,500,6.0,0.5,373.8,1.7,72.4,198.8,14.2,-71.0,198.8,3.3,0.3,162.0,twist,530,500,500,500,420,560,500,500,470,500,500,500,580,440,500,500,6.0,0.0,363.6,37.8,72.0,192.3,37.8,-72.0,192.3,7.7,-21.7,154.9,,,,,,,,,,,,,,,,,,,,,,,,,,,,,
idleX_turn_right_small_step_a_stand_slow,neutral/中性,unknown/其他,low,2,turn_right_small_step_a > stand_slow,turn_right_small_step_a,500,500,513,511,500,500,500,500,500,518,555,472,500,500,500,500,6.0,-0.5,373.8,14.2,71.0,198.8,1.7,-72.4,198.8,3.3,-0.3,162.0,0.0,0.0,-5.0,turn_right_small_step_a,500,500,513,511,500,500,500,500,500,518,555,472,500,500,500,500,6.0,-0.5,373.8,14.2,71.0,198.8,1.7,-72.4,198.8,3.3,-0.3,162.0,stand_slow,500,500,500,500,500,500,500,500,500,500,500,500,500,500,500,500,6.0,0.0,373.0,8.0,72.0,198.0,8.0,-72.0,198.0,5.9,0.0,160.6,,,,,,,,,,,,,,,,,,,,,,,,,,,,,
idleX_turn_right_small_step_a_twist,neutral/中性/happy/高兴,unknown/其他,low,2,turn_right_small_step_a > twist,twist,530,500,500,500,420,560,500,500,470,500,500,500,580,440,500,500,6.0,0.0,363.6,37.8,72.0,192.3,37.8,-72.0,192.3,7.7,-21.7,154.9,0.0,0.0,0.0,turn_right_small_step_a,500,500,513,511,500,500,500,500,500,518,555,472,500,500,500,500,6.0,-0.5,373.8,14.2,71.0,198.8,1.7,-72.4,198.8,3.3,-0.3,162.0,twist,530,500,500,500,420,560,500,500,470,500,500,500,580,440,500,500,6.0,0.0,363.6,37.8,72.0,192.3,37.8,-72.0,192.3,7.7,-21.7,154.9,,,,,,,,,,,,,,,,,,,,,,,,,,,,,
idleX_go_forward_one_small_step_stand_slow,neutral/中性,unknown/其他,low,2,go_forward_one_small_step > stand_slow,go_forward_one_small_step,500,500,520,516,500,500,500,500,500,526,580,460,500,500,500,500,18.5,0.0,373.6,20.5,72.0,198.6,20.5,-72.0,198.6,14.7,0.0,162.4,12.5,0.0,0.0,go_forward_one_small_step,500,500,520,516,500,500,500,500,500,526,580,460,500,500,500,500,18.5,0.0,373.6,20.5,72.0,198.6,20.5,-72.0,198.6,14.7,0.0,162.4,stand_slow,500,500,500,500,500,500,500,500,500,500,500,500,500,500,500,500,6.0,0.0,373.0,8.0,72.0,198.0,8.0,-72.0,198.0,5.9,0.0,160.6,,,,,,,,,,,,,,,,,,,,,,,,,,,,,
idleX_go_forward_one_small_step_twist,neutral/中性/happy/高兴,unknown/其他,low,2,go_forward_one_small_step > twist,twist,530,500,500,500,420,560,500,500,470,500,500,500,580,440,500,500,6.0,0.0,363.6,37.8,72.0,192.3,37.8,-72.0,192.3,7.7,-21.7,154.9,0.0,0.0,0.0,go_forward_one_small_step,500,500,520,516,500,500,500,500,500,526,580,460,500,500,500,500,18.5,0.0,373.6,20.5,72.0,198.6,20.5,-72.0,198.6,14.7,0.0,162.4,twist,530,500,500,500,420,560,500,500,470,500,500,500,580,440,500,500,6.0,0.0,363.6,37.8,72.0,192.3,37.8,-72.0,192.3,7.7,-21.7,154.9,,,,,,,,,,,,,,,,,,,,,,,,,,,,,
idleX_stepping_go_forward_one_small_step,neutral/中性,unknown/其他,low,2,stepping > go_forward_one_small_step,stepping,500,500,522,518,500,500,500,500,500,530,590,455,500,500,500,500,14.0,0.0,373.5,16.0,72.0,198.5,16.0,-72.0,198.5,9.7,0.0,162.5,8.0,0.0,0.0,stepping,500,500,522,518,500,500,500,500,500,530,590,455,500,500,500,500,14.0,0.0,373.5,16.0,72.0,198.5,16.0,-72.0,198.5,9.7,0.0,162.5,go_forward_one_small_step,500,500,520,516,500,500,500,500,500,526,580,460,500,500,500,500,18.5,0.0,373.6,20.5,72.0,198.6,20.5,-72.0,198.6,14.7,0.0,162.4,,,,,,,,,,,,,,,,,,,,,,,,,,,,,
idle3_left_move_10_right_move_10_stand_slow,neutral/中性,unknown/其他,low,3,left_move_10 > right_move_10 > stand_slow,left_move_10,518,500,500,500,472,500,500,500,481,500,500,500,527,500,500,500,6.0,5.0,372.0,8.0,77.0,197.0,8.0,-67.0,197.0,5.9,-2.1,160.0,0.0,5.0,0.0,left_move_10,518,500,500,500,472,500,500,500,481,500,500,500,527,500,500,500,6.0,5.0,372.0,8.0,77.0,197.0,8.0,-67.0,197.0,5.9,-2.1,160.0,right_move_10,481,500,500,500,527,500,500,500,518,500,500,500,472,500,500,500,6.0,-5.0,372.0,8.0,67.0,197.0,8.0,-77.0,197.0,5.9,2.1,160.0,stand_slow,500,500,500,500,500,500,500,500,500,500,500,500,500,500,500,500,6.0,0.0,373.0,8.0,72.0,198.0,8.0,-72.0,198.0,5.9,0.0,160.6
idle3_right_move_10_left_move_10_stand_slow,neutral/中性,unknown/其他,low,3,right_move_10 > left_move_10 > stand_slow,right_move_10,481,500,500,500,527,500,500,500,518,500,500,500,472,500,500,500,6.0,-5.0,372.0,8.0,67.0,197.0,8.0,-77.0,197.0,5.9,2.1,160.0,0.0,-5.0,0.0,right_move_10,481,500,500,500,527,500,500,500,518,500,500,500,472,500,500,500,6.0,-5.0,372.0,8.0,67.0,197.0,8.0,-77.0,197.0,5.9,2.1,160.0,left_move_10,518,500,500,500,472,500,500,500,481,500,500,500,527,500,500,500,6.0,5.0,372.0,8.0,77.0,197.0,8.0,-67.0,197.0,5.9,-2.1,160.0,stand_slow,500,500,500,500,500,500,500,500,500,500,500,500,500,500,500,500,6.0,0.0,373.0,8.0,72.0,198.0,8.0,-72.0,198.0,5.9,0.0,160.6
idle3_left_move_20_right_move_20_stand_slow,neutral/中性,unknown/其他,low,3,left_move_20 > right_move_20 > stand_slow,left_move_20,518,500,500,500,472,500,500,500,481,500,500,500,527,500,500,500,6.0,10.0,372.0,8.0,82.0,197.0,8.0,-62.0,197.0,5.9,2.9,160.0,0.0,10.0,0.0,left_move_20,518,500,500,500,472,500,500,500,481,500,500,500,527,500,500,500,6.0,10.0,372.0,8.0,82.0,197.0,8.0,-62.0,197.0,5.9,2.9,160.0,right_move_20,481,500,500,500,527,500,500,500,518,500,500,500,472,500,500,500,6.0,-10.0,372.0,8.0,62.0,197.0,8.0,-82.0,197.0,5.9,-2.9,160.0,stand_slow,500,500,500,500,500,500,500,500,500,500,500,500,500,500,500,500,6.0,0.0,373.0,8.0,72.0,198.0,8.0,-72.0,198.0,5.9,0.0,160.6
idle3_right_move_20_left_move_20_stand_slow,neutral/中性,unknown/其他,low,3,right_move_20 > left_move_20 > stand_slow,right_move_20,481,500,500,500,527,500,500,500,518,500,500,500,472,500,500,500,6.0,-10.0,372.0,8.0,62.0,197.0,8.0,-82.0,197.0,5.9,-2.9,160.0,0.0,-10.0,0.0,right_move_20,481,500,500,500,527,500,500,500,518,500,500,500,472,500,500,500,6.0,-10.0,372.0,8.0,62.0,197.0,8.0,-82.0,197.0,5.9,-2.9,160.0,left_move_20,518,500,500,500,472,500,500,500,481,500,500,500,527,500,500,500,6.0,10.0,372.0,8.0,82.0,197.0,8.0,-62.0,197.0,5.9,2.9,160.0,stand_slow,500,500,500,500,500,500,500,500,500,500,500,500,500,500,500,500,6.0,0.0,373.0,8.0,72.0,198.0,8.0,-72.0,198.0,5.9,0.0,160.6
idle3_left_move_right_move_stand_slow,neutral/中性,unknown/其他,low,3,left_move > right_move > stand_slow,left_move,518,500,500,500,472,500,500,500,481,500,500,500,527,500,500,500,6.0,7.5,372.0,8.0,79.5,197.0,8.0,-64.5,197.0,5.9,0.4,160.0,0.0,7.5,0.0,left_move,518,500,500,500,472,500,500,500,481,500,500,500,527,500,500,500,6.0,7.5,372.0,8.0,79.5,197.0,8.0,-64.5,197.0,5.9,0.4,160.0,right_move,481,500,500,500,527,500,500,500,518,500,500,500,472,500,500,500,6.0,-7.5,372.0,8.0,64.5,197.0,8.0,-79.5,197.0,5.9,-0.4,160.0,stand_slow,500,500,500,500,500,500,500,500,500,500,500,500,500,500,500,500,6.0,0.0,373.0,8.0,72.0,198.0,8.0,-72.0,198.0,5.9,0.0,160.6
idle3_right_move_left_move_stand_slow,neutral/中性,unknown/其他,low,3,right_move > left_move > stand_slow,right_move,481,500,500,500,527,500,500,500,518,500,500,500,472,500,500,500,6.0,-7.5,372.0,8.0,64.5,197.0,8.0,-79.5,197.0,5.9,-0.4,160.0,0.0,-7.5,0.0,right_move,481,500,500,500,527,500,500,500,518,500,500,500,472,500,500,500,6.0,-7.5,372.0,8.0,64.5,197.0,8.0,-79.5,197.0,5.9,-0.4,160.0,left_move,518,500,500,500,472,500,500,500,481,500,500,500,527,500,500,500,6.0,7.5,372.0,8.0,79.5,197.0,8.0,-64.5,197.0,5.9,0.4,160.0,stand_slow,500,500,500,500,500,500,500,500,500,500,500,500,500,500,500,500,6.0,0.0,373.0,8.0,72.0,198.0,8.0,-72.0,198.0,5.9,0.0,160.6
idle3_turn_left_small_step_turn_right_small_step_stand_slow,neutral/中性,unknown/其他,low,3,turn_left_small_step > turn_right_small_step > stand_slow,turn_left_small_step,500,500,513,511,500,500,500,500,500,518,555,472,500,500,500,500,5.9,0.8,373.8,-1.5,72.4,198.8,17.3,-70.3,198.8,3.3,0.4,162.0,0.0,0.0,7.5,turn_left_small_step,500,500,513,511,500,500,500,500,500,518,555,472,500,500,500,500,5.9,0.8,373.8,-1.5,72.4,198.8,17.3,-70.3,198.8,3.3,0.4,162.0,turn_right_small_step,500,500,513,511,500,500,500,500,500,518,555,472,500,500,500,500,5.9,-0.8,373.8,17.3,70.3,198.8,-1.5,-72.4,198.8,3.3,-0.4,162.0,stand_slow,500,500,500,500,500,500,500,500,500,500,500,500,500,500,500,500,6.0,0.0,373.0,8.0,72.0,198.0,8.0,-72.0,198.0,5.9,0.0,160.6
idle3_turn_right_small_step_turn_left_small_step_stand_slow,neutral/中性,unknown/其他,low,3,turn_right_small_step > turn_left_small_step > stand_slow,turn_right_small_step,500,500,513,511,500,500,500,500,500,518,555,472,500,500,500,500,5.9,-0.8,373.8,17.3,70.3,198.8,-1.5,-72.4,198.8,3.3,-0.4,162.0,0.0,0.0,-7.5,turn_right_small_step,500,500,513,511,500,500,500,500,500,518,555,472,500,500,500,500,5.9,-0.8,373.8,17.3,70.3,198.8,-1.5,-72.4,198.8,3.3,-0.4,162.0,turn_left_small_step,500,500,513,511,500,500,500,500,500,518,555,472,500,500,500,500,5.9,0.8,373.8,-1.5,72.4,198.8,17.3,-70.3,198.8,3.3,0.4,162.0,stand_slow,500,500,500,500,500,500,500,500,500,500,500,500,500,500,500,500,6.0,0.0,373.0,8.0,72.0,198.0,8.0,-72.0,198.0,5.9,0.0,160.6
idle3_turn_left_small_step_a_turn_right_small_step_a_stand_slow,neutral/中性,unknown/其他,low,3,turn_left_small_step_a > turn_right_small_step_a > stand_slow,turn_left_small_step_a,500,500,513,511,500,500,500,500,500,518,555,472,500,500,500,500,6.0,0.5,373.8,1.7,72.4,198.8,14.2,-71.0,198.8,3.3,0.3,162.0,0.0,0.0,5.0,turn_left_small_step_a,500,500,513,511,500,500,500,500,500,518,555,472,500,500,500,500,6.0,0.5,373.8,1.7,72.4,198.8,14.2,-71.0,198.8,3.3,0.3,162.0,turn_right_small_step_a,500,500,513,511,500,500,500,500,500,518,555,472,500,500,500,500,6.0,-0.5,373.8,14.2,71.0,198.8,1.7,-72.4,198.8,3.3,-0.3,162.0,stand_slow,500,500,500,500,500,500,500,500,500,500,500,500,500,500,500,500,6.0,0.0,373.0,8.0,72.0,198.0,8.0,-72.0,198.0,5.9,0.0,160.6
idle3_turn_right_small_step_a_turn_left_small_step_a_stand_slow,neutral/中性,unknown/其他,low,3,turn_right_small_step_a > turn_left_small_step_a > stand_slow,turn_right_small_step_a,500,500,513,511,500,500,500,500,500,518,555,472,500,500,500,500,6.0,-0.5,373.8,14.2,71.0,198.8,1.7,-72.4,198.8,3.3,-0.3,162.0,0.0,0.0,-5.0,turn_right_small_step_a,500,500,513,511,500,500,500,500,500,518,555,472,500,500,500,500,6.0,-0.5,373.8,14.2,71.0,198.8,1.7,-72.4,198.8,3.3,-0.3,162.0,turn_left_small_step_a,500,500,513,511,500,500,500,500,500,518,555,472,500,500,500,500,6.0,0.5,373.8,1.7,72.4,198.8,14.2,-71.0,198.8,3.3,0.3,162.0,stand_slow,500,500,500,500,500,500,500,500,500,500,500,500,500,500,500,500,6.0,0.0,373.0,8.0,72.0,198.0,8.0,-72.0,198.0,5.9,0.0,160.6
loco_turn_l_a,happy/高兴/neutral/中性,play/玩耍,mid,1,turn_left_small_step_a,turn_left_small_step_a,500,500,513,511,500,500,500,500,500,518,555,472,500,500,500,500,6.0,0.5,373.8,1.7,72.4,198.8,14.2,-71.0,198.8,3.3,0.3,162.0,0.0,0.0,5.0,turn_left_small_step_a,500,500,513,511,500,500,500,500,500,518,555,472,500,500,500,500,6.0,0.5,373.8,1.7,72.4,198.8,14.2,-71.0,198.8,3.3,0.3,162.0,,,,,,,,,,,,,,,,,,,,,,,,,,,,,,,,,,,,,,,,,,,,,,,,,,,,,,,,,,
loco_turn_r_a,happy/高兴/neutral/中性,play/玩耍,mid,1,turn_right_small_step_a,turn_right_small_step_a,500,500,513,511,500,500,500,500,500,518,555,472,500,500,500,500,6.0,-0.5,373.8,14.2,71.0,198.8,1.7,-72.4,198.8,3.3,-0.3,162.0,0.0,0.0,-5.0,turn_right_small_step_a,500,500,513,511,500,500,500,500,500,518,555,472,500,500,500,500,6.0,-0.5,373.8,14.2,71.0,198.8,1.7,-72.4,198.8,3.3,-0.3,162.0,,,,,,,,,,,,,,,,,,,,,,,,,,,,,,,,,,,,,,,,,,,,,,,,,,,,,,,,,,
loco_sidel,happy/高兴/neutral/中性,play/玩耍,mid,1,left_move,left_move,518,500,500,500,472,500,500,500,481,500,500,500,527,500,500,500,6.0,7.5,372.0,8.0,79.5,197.0,8.0,-64.5,197.0,5.9,0.4,160.0,0.0,7.5,0.0,left_move,518,500,500,500,472,500,500,500,481,500,500,500,527,500,500,500,6.0,7.5,372.0,8.0,79.5,197.0,8.0,-64.5,197.0,5.9,0.4,160.0,,,,,,,,,,,,,,,,,,,,,,,,,,,,,,,,,,,,,,,,,,,,,,,,,,,,,,,,,,
loco_sider,happy/高兴/neutral/中性,play/玩耍,mid,1,right_move,right_move,481,500,500,500,527,500,500,500,518,500,500,500,472,500,500,500,6.0,-7.5,372.0,8.0,64.5,197.0,8.0,-79.5,197.0,5.9,-0.4,160.0,0.0,-7.5,0.0,right_move,481,500,500,500,527,500,500,500,518,500,500,500,472,500,500,500,6.0,-7.5,372.0,8.0,64.5,197.0,8.0,-79.5,197.0,5.9,-0.4,160.0,,,,,,,,,,,,,,,,,,,,,,,,,,,,,,,,,,,,,,,,,,,,,,,,,,,,,,,,,,
loco_sidel_10,happy/高兴/neutral/中性,play/玩耍,mid,1,left_move_10,left_move_10,518,500,500,500,472,500,500,500,481,500,500,500,527,500,500,500,6.0,5.0,372.0,8.0,77.0,197.0,8.0,-67.0,197.0,5.9,-2.1,160.0,0.0,5.0,0.0,left_move_10,518,500,500,500,472,500,500,500,481,500,500,500,527,500,500,500,6.0,5.0,372.0,8.0,77.0,197.0,8.0,-67.0,197.0,5.9,-2.1,160.0,,,,,,,,,,,,,,,,,,,,,,,,,,,,,,,,,,,,,,,,,,,,,,,,,,,,,,,,,,
loco_sider_10,happy/高兴/neutral/中性,play/玩耍,mid,1,right_move_10,right_move_10,481,500,500,500,527,500,500,500,518,500,500,500,472,500,500,500,6.0,-5.0,372.0,8.0,67.0,197.0,8.0,-77.0,197.0,5.9,2.1,160.0,0.0,-5.0,0.0,right_move_10,481,500,500,500,527,500,500,500,518,500,500,500,472,500,500,500,6.0,-5.0,372.0,8.0,67.0,197.0,8.0,-77.0,197.0,5.9,2.1,160.0,,,,,,,,,,,,,,,,,,,,,,,,,,,,,,,,,,,,,,,,,,,,,,,,,,,,,,,,,,
loco_sidel_20,happy/高兴/neutral/中性,play/玩耍,mid,1,left_move_20,left_move_20,518,500,500,500,472,500,500,500,481,500,500,500,527,500,500,500,6.0,10.0,372.0,8.0,82.0,197.0,8.0,-62.0,197.0,5.9,2.9,160.0,0.0,10.0,0.0,left_move_20,518,500,500,500,472,500,500,500,481,500,500,500,527,500,500,500,6.0,10.0,372.0,8.0,82.0,197.0,8.0,-62.0,197.0,5.9,2.9,160.0,,,,,,,,,,,,,,,,,,,,,,,,,,,,,,,,,,,,,,,,,,,,,,,,,,,,,,,,,,
loco_sider_20,happy/高兴/neutral/中性,play/玩耍,mid,1,right_move_20,right_move_20,481,500,500,500,527,500,500,500,518,500,500,500,472,500,500,500,6.0,-10.0,372.0,8.0,62.0,197.0,8.0,-82.0,197.0,5.9,-2.9,160.0,0.0,-10.0,0.0,right_move_20,481,500,500,500,527,500,500,500,518,500,500,500,472,500,500,500,6.0,-10.0,372.0,8.0,62.0,197.0,8.0,-82.0,197.0,5.9,-2.9,160.0,,,,,,,,,,,,,,,,,,,,,,,,,,,,,,,,,,,,,,,,,,,,,,,,,,,,,,,,,,
